-- -----------------------------------------------------
-- Data for table `episerp`.`en_p1m_empresa`
-- -----------------------------------------------------
START TRANSACTION;
USE `episerp`;
INSERT INTO `en_p1m_empresa` (`EmpCod`,`EmpRazSoc`,`EmpNomCom`,`EmpDomFis`,`EmpDes`,`EmpDir`,`EmpTel`,`EmpEmail`,`EmpIGV`,`EmpTipCamCom`,`EmpTipCamVen`,`EmpRUC`,`EmpLot`,`EmpImgURL`) VALUES (2,"Amet Company","Rutrum Institute","P.O. Box 739, 8802 Auctor. Av.","Ninguna","P.O. Box 726, 2750 Elit Av.","(389) 01-2280","gravida.Praesent@disparturient.ca",19,12,13,"57733020499",2,"Crestor"),(3,"Vivamus Nisi LLC","Arcu Aliquam Ltd","Ap #306-9657 Nec, Ave","Ninguna","Ap #254-6721 Aliquet Rd.","(518) 53-4236","sed@CrasinterdumNunc.com",19,13,11,"65245964599",3,"Prednisone"),(4,"At Velit Cras Corporation","Porttitor Vulputate Foundation","9780 Sed Rd.","Ninguna","731-2531 Maecenas St.","(112) 08-0254","Pellentesque.habitant.morbi@at.com",19,15,14,"88207288999",4,"Klor-Con M20"),(5,"Semper Tellus Consulting","Sem Magna Institute","Ap #714-3248 Donec St.","Ninguna","406-4486 Sed Ave","(664) 49-0426","Nulla.dignissim.Maecenas@Donecfelis.ca",19,15,18,"94608674199",5,"Furosemide");
COMMIT;

-- -----------------------------------------------------
-- Data for table `episerp`.`en_p1m_sucursal`
-- -----------------------------------------------------
START TRANSACTION;
USE `episerp`;
INSERT INTO `en_p1m_sucursal` (`SucCod`, `SucDes`, `SucDir`, `EstRegCod`) VALUES ('00101', 'Cercado Arequipa Sucursal ', 'Calle Portal de Flores 102 - Cercado', 'A');
INSERT INTO `en_p1m_sucursal` (`SucCod`, `SucDes`, `SucDir`, `EstRegCod`) VALUES ('00102', 'Cerro Colorado Arequipa Sucursal ', 'Ciudad Municipal Call. Los Arces 52 – Cerro Colorado', 'A');
INSERT INTO `en_p1m_sucursal` (`SucCod`, `SucDes`, `SucDir`, `EstRegCod`) VALUES ('00103', 'Cayma Arequipa Sucursal ', 'Calle La Unión Comité 25 - Cayma', 'A');
INSERT INTO `en_p1m_sucursal` (`SucCod`, `SucDes`, `SucDir`, `EstRegCod`) VALUES ('00104', 'Yanahuara Arequipa Sucursal ', 'Av. Bolognesi Nº 142 - Yanahuara', 'A');
INSERT INTO `en_p1m_sucursal` (`SucCod`, `SucDes`, `SucDir`, `EstRegCod`) VALUES ('00105', 'Hunter Arequipa Sucursal ', 'Calle los Arces Psje. 23 Lt 32', 'A');
INSERT INTO `en_p1m_sucursal` (`SucCod`, `SucDes`, `SucDir`, `EstRegCod`) VALUES ('00106', 'La Joya Sucursal ', 'El Cruce, Psje Ordoñez Lt 34', 'A');
INSERT INTO `en_p1m_sucursal` (`SucCod`, `SucDes`, `SucDir`, `EstRegCod`) VALUES ('00107', 'Pedregal Majes Sucursal ', 'Av Arequipa Mz J Lt 34', 'A');
INSERT INTO `en_p1m_sucursal` (`SucCod`, `SucDes`, `SucDir`, `EstRegCod`) VALUES ('00108', 'La Punta Camana Sucursal ', 'La Punta Mz H2 Lt 12', 'A');
INSERT INTO `en_p1m_sucursal` (`SucCod`, `SucDes`, `SucDir`, `EstRegCod`) VALUES ('00109', 'Miraflores Lima Sucursal ', 'Urb Los Guindos Mz D Lt 15', 'A');
INSERT INTO `en_p1m_sucursal` (`SucCod`, `SucDes`, `SucDir`, `EstRegCod`) VALUES ('00110', 'Los Olivos Lima Sucursal ', 'Calle La Merced 413 Of 34 ', 'A');

COMMIT;


-- -----------------------------------------------------
-- Data for table `episerp`.`en_p1m_punto_venta`
-- -----------------------------------------------------
START TRANSACTION;
USE `episerp`;
INSERT INTO `en_p1m_punto_venta` (`SucCod`, `PunVenCod`, `PunVenDes`, `EstRegCod`) VALUES ( '00101', '1', 'Punto de Venta Calle Mercaderes', 'A');
INSERT INTO `en_p1m_punto_venta` (`SucCod`, `PunVenCod`, `PunVenDes`, `EstRegCod`) VALUES ( '00102', '2', 'VILLEGAS ASOCIADOS', 'A');
INSERT INTO `en_p1m_punto_venta` (`SucCod`, `PunVenCod`, `PunVenDes`, `EstRegCod`) VALUES ( '00108', '3', 'ZETTA COMUNICADORES LIMITADA', 'A');
INSERT INTO `en_p1m_punto_venta` (`SucCod`, `PunVenCod`, `PunVenDes`, `EstRegCod`) VALUES ( '00105', '4', 'CARTOPEL', 'A');
INSERT INTO `en_p1m_punto_venta` (`SucCod`, `PunVenCod`, `PunVenDes`, `EstRegCod`) VALUES ( '00101', '5', 'YASAKI METREX', 'A');
INSERT INTO `en_p1m_punto_venta` (`SucCod`, `PunVenCod`, `PunVenDes`, `EstRegCod`) VALUES ( '00110', '6', 'FEPCO ZONA FRANCA', 'A');
INSERT INTO `en_p1m_punto_venta` (`SucCod`, `PunVenCod`, `PunVenDes`, `EstRegCod`) VALUES ( '00105', '7', 'RAPISCOL', 'A');
INSERT INTO `en_p1m_punto_venta` (`SucCod`, `PunVenCod`, `PunVenDes`, `EstRegCod`) VALUES ( '00109', '8', 'TEXTILES WAMSUTTA LTDA.', 'A');
INSERT INTO `en_p1m_punto_venta` (`SucCod`, `PunVenCod`, `PunVenDes`, `EstRegCod`) VALUES ( '00109', '9', 'DISTRIBUIDORA DE CONFECCIONES Y TEXTILES DISCONYTEX LTDA', 'A');
INSERT INTO `en_p1m_punto_venta` (`SucCod`, `PunVenCod`, `PunVenDes`, `EstRegCod`) VALUES ( '00103', '10', 'SERRANO GOMEZ PRETECOR LTDA.', 'A');
INSERT INTO `en_p1m_punto_venta` (`SucCod`, `PunVenCod`, `PunVenDes`, `EstRegCod`) VALUES ( '00105', '11', 'PREMOLDA LTDA', 'A');
INSERT INTO `en_p1m_punto_venta` (`SucCod`, `PunVenCod`, `PunVenDes`, `EstRegCod`) VALUES ( '00106', '12', 'PRODUCTOS ESPECIALES DE CONCRETO', 'A');
INSERT INTO `en_p1m_punto_venta` (`SucCod`, `PunVenCod`, `PunVenDes`, `EstRegCod`) VALUES ( '00106', '13', 'TRIMCO', 'A');
INSERT INTO `en_p1m_punto_venta` (`SucCod`, `PunVenCod`, `PunVenDes`, `EstRegCod`) VALUES ( '00102', '14', 'DITE', 'A');
INSERT INTO `en_p1m_punto_venta` (`SucCod`, `PunVenCod`, `PunVenDes`, `EstRegCod`) VALUES ( '00108', '15', 'GRUPO INDUCILEMAN LTDA.', 'A');
INSERT INTO `en_p1m_punto_venta` (`SucCod`, `PunVenCod`, `PunVenDes`, `EstRegCod`) VALUES ( '00102', '16', 'COMPAÑIA METALICA ASOCIADA C M A LTDA', 'A');
INSERT INTO `en_p1m_punto_venta` (`SucCod`, `PunVenCod`, `PunVenDes`, `EstRegCod`) VALUES ( '00102', '17', 'CONSTRUCTORA SANTA ANA', 'A');
INSERT INTO `en_p1m_punto_venta` (`SucCod`, `PunVenCod`, `PunVenDes`, `EstRegCod`) VALUES ( '00106', '18', 'PRODUCTORA ANDINA DE DULCES', 'A');
INSERT INTO `en_p1m_punto_venta` (`SucCod`, `PunVenCod`, `PunVenDes`, `EstRegCod`) VALUES ( '00103', '19', 'TELESENTINEL LTDA.', 'A');
INSERT INTO `en_p1m_punto_venta` (`SucCod`, `PunVenCod`, `PunVenDes`, `EstRegCod`) VALUES ( '00108', '20', 'IMPULSO Y MERCADEO', 'A');
INSERT INTO `en_p1m_punto_venta` (`SucCod`, `PunVenCod`, `PunVenDes`, `EstRegCod`) VALUES ( '00107', '21', 'SOMOS SOLUCIONES LABORALES', 'A');
INSERT INTO `en_p1m_punto_venta` (`SucCod`, `PunVenCod`, `PunVenDes`, `EstRegCod`) VALUES ( '00102', '22', 'KORN/FERRY INTERNATIONAL COLOMBIA', 'A');
INSERT INTO `en_p1m_punto_venta` (`SucCod`, `PunVenCod`, `PunVenDes`, `EstRegCod`) VALUES ( '00105', '23', 'SOCIEDAD DE COMERCIALIZACION INTERNACIONAL CICOLTA', 'A');
INSERT INTO `en_p1m_punto_venta` (`SucCod`, `PunVenCod`, `PunVenDes`, `EstRegCod`) VALUES ( '00103', '24', 'ANCLA LIMITADA', 'A');
INSERT INTO `en_p1m_punto_venta` (`SucCod`, `PunVenCod`, `PunVenDes`, `EstRegCod`) VALUES ( '00104', '25', 'CONSULTORES UNIDOS', 'A');
INSERT INTO `en_p1m_punto_venta` (`SucCod`, `PunVenCod`, `PunVenDes`, `EstRegCod`) VALUES ( '00103', '26', 'TECNICONTROL', 'A');
INSERT INTO `en_p1m_punto_venta` (`SucCod`, `PunVenCod`, `PunVenDes`, `EstRegCod`) VALUES ( '00103', '27', 'GARCIA WERNHER Y CIA S EN C.', 'A');
INSERT INTO `en_p1m_punto_venta` (`SucCod`, `PunVenCod`, `PunVenDes`, `EstRegCod`) VALUES ( '00102', '28', 'VENTAS Y SERVICIOS', 'A');
INSERT INTO `en_p1m_punto_venta` (`SucCod`, `PunVenCod`, `PunVenDes`, `EstRegCod`) VALUES ( '00107', '29', 'LISTOS', 'A');
INSERT INTO `en_p1m_punto_venta` (`SucCod`, `PunVenCod`, `PunVenDes`, `EstRegCod`) VALUES ( '00109', '30', 'LABORALES MEDELLIN', 'A');
INSERT INTO `en_p1m_punto_venta` (`SucCod`, `PunVenCod`, `PunVenDes`, `EstRegCod`) VALUES ( '00106', '31', 'COMPAÑIA MANUFACTURERA ONIX', 'A');
INSERT INTO `en_p1m_punto_venta` (`SucCod`, `PunVenCod`, `PunVenDes`, `EstRegCod`) VALUES ( '00108', '32', 'INDUSTRIA DE MUEBLES DEL VALLE LTDA INVAL', 'A');
INSERT INTO `en_p1m_punto_venta` (`SucCod`, `PunVenCod`, `PunVenDes`, `EstRegCod`) VALUES ( '00107', '33', 'INDUSTRIAS ZABRA', 'A');
INSERT INTO `en_p1m_punto_venta` (`SucCod`, `PunVenCod`, `PunVenDes`, `EstRegCod`) VALUES ( '00102', '34', 'ALUMINIO DEL PACIFICO', 'A');
INSERT INTO `en_p1m_punto_venta` (`SucCod`, `PunVenCod`, `PunVenDes`, `EstRegCod`) VALUES ( '00109', '35', 'AGROPECUARIA BERGINIE', 'A');
INSERT INTO `en_p1m_punto_venta` (`SucCod`, `PunVenCod`, `PunVenDes`, `EstRegCod`) VALUES ( '00110', '36', 'COMERCIALIZADORA INTERNACIONAL MOBILER', 'A');
INSERT INTO `en_p1m_punto_venta` (`SucCod`, `PunVenCod`, `PunVenDes`, `EstRegCod`) VALUES ( '00103', '37', 'COMPAÑIA ATUNERA DEL PACIFICO', 'A');
INSERT INTO `en_p1m_punto_venta` (`SucCod`, `PunVenCod`, `PunVenDes`, `EstRegCod`) VALUES ( '00108', '38', 'SOCIEDAD AGROMARINA TUMACO LTDA', 'A');
INSERT INTO `en_p1m_punto_venta` (`SucCod`, `PunVenCod`, `PunVenDes`, `EstRegCod`) VALUES ( '00110', '39', 'ESPUMAS SANTANDER LTDA', 'A');
INSERT INTO `en_p1m_punto_venta` (`SucCod`, `PunVenCod`, `PunVenDes`, `EstRegCod`) VALUES ( '00106', '40', 'INDUSTRIAS ALBERT LTDA', 'A');
INSERT INTO `en_p1m_punto_venta` (`SucCod`, `PunVenCod`, `PunVenDes`, `EstRegCod`) VALUES ( '00105', '41', 'INDUSTRIAL DE POLIETILENO LTDA', 'A');
INSERT INTO `en_p1m_punto_venta` (`SucCod`, `PunVenCod`, `PunVenDes`, `EstRegCod`) VALUES ( '00104', '42', 'NOVAMED', 'A');
INSERT INTO `en_p1m_punto_venta` (`SucCod`, `PunVenCod`, `PunVenDes`, `EstRegCod`) VALUES ( '00102', '43', 'COMERCIALIZADORA INTERNACIONAL DE COLORANTES', 'A');
INSERT INTO `en_p1m_punto_venta` (`SucCod`, `PunVenCod`, `PunVenDes`, `EstRegCod`) VALUES ( '00103', '44', 'SIMONIZ', 'A');
INSERT INTO `en_p1m_punto_venta` (`SucCod`, `PunVenCod`, `PunVenDes`, `EstRegCod`) VALUES ( '00104', '45', 'VICAR DE COLOMBIA', 'A');
INSERT INTO `en_p1m_punto_venta` (`SucCod`, `PunVenCod`, `PunVenDes`, `EstRegCod`) VALUES ( '00104', '46', 'FIAMME', 'A');
INSERT INTO `en_p1m_punto_venta` (`SucCod`, `PunVenCod`, `PunVenDes`, `EstRegCod`) VALUES ( '00105', '47', 'PROMOTORA DE PUBLICIDAD RADIAL', 'A');
INSERT INTO `en_p1m_punto_venta` (`SucCod`, `PunVenCod`, `PunVenDes`, `EstRegCod`) VALUES ( '00102', '48', 'MARITIMA PROVIDENCIA LTDA', 'A');
INSERT INTO `en_p1m_punto_venta` (`SucCod`, `PunVenCod`, `PunVenDes`, `EstRegCod`) VALUES ( '00102', '49', 'COCO COMPAÑIA DE CONSTRUCCIONES LTDA', 'A');
INSERT INTO `en_p1m_punto_venta` (`SucCod`, `PunVenCod`, `PunVenDes`, `EstRegCod`) VALUES ( '00104', '50', 'INDUSTRIAL DE MEZCLAS ASFALTICA LTDA', 'A');
INSERT INTO `en_p1m_punto_venta` (`SucCod`, `PunVenCod`, `PunVenDes`, `EstRegCod`) VALUES ( '00109', '51', 'INGENIEROS CONTRATISTAS CONSTRUCTORES', 'A');
INSERT INTO `en_p1m_punto_venta` (`SucCod`, `PunVenCod`, `PunVenDes`, `EstRegCod`) VALUES ( '00001', '01', 'PUNTO DE VENTA PARA ADMINISTRADOR', 'A'); /* Added just for testing*/

COMMIT;


-- -----------------------------------------------------
-- Data for table `episerp`.`en_p1m_usuario`
-- -----------------------------------------------------
START TRANSACTION;
USE `episerp`;
INSERT INTO `episerp`.`en_p1m_usuario` (`UsuCod`, `UsuNom`, `UsuApePat`, `UsuApeMat`, `UsuLog`, `UsuPas`, `TipUsuCod`, `SucCod`, `UsuFecNac`, `EstCivCod`, `UsuSex`, `EstRegCod`) VALUES ('2', 'Christian', 'Incalla', 'Nina', 'vendedor', 'e8827f3c0bcc90509b7d6841d446b163a671cac807a5f1bf41218667546ce80b', 2, 1, '1990-11-20', 1, 'M', 'A');
INSERT INTO `episerp`.`en_p1m_usuario` (`UsuCod`, `UsuNom`, `UsuApePat`, `UsuApeMat`, `UsuLog`, `UsuPas`, `TipUsuCod`, `SucCod`, `UsuFecNac`, `EstCivCod`, `UsuSex`, `EstRegCod`) VALUES ('3', 'Kevin', 'Fernández', 'Nieto', 'comprador', '17f77242a319cd8bf5fac8fd615115a09af269b8d7ec43e84e1ba7005b5c5383', 3, 1,  '1992-05-24', 1, 'M', 'A');
INSERT INTO `episerp`.`en_p1m_usuario` (`UsuCod`, `UsuNom`, `UsuApePat`, `UsuApeMat`, `UsuLog`, `UsuPas`, `TipUsuCod`, `SucCod`, `UsuFecNac`, `EstCivCod`, `UsuSex`, `EstRegCod`) VALUES ('4', 'Gladys', 'Calle', 'Condori', 'contador', '145e0447253dba54dce5e527e28bcc0f7c160332bfcb7cf5cf4f5b4692aebead', 4, 1, '1995-01-11', 1, 'F', 'A');

INSERT INTO `episerp`.`en_p1m_usuario` (`UsuCod`, `UsuNom`, `UsuApePat`, `UsuApeMat`, `UsuLog`, `UsuPas`, `TipUsuCod`, `SucCod`, `UsuFecNac`, `EstCivCod`, `UsuSex`, `EstRegCod`) VALUES ('5', 'Mohamed', 'Carbajal', 'Mota', 'Mohamed', '71fd1eba032bb0ba51d4dcd6be1e9799ef98da9e06eb75e98d0dd78331233a25', 2, 101, '1995-01-20', 1, 'M', 'A');
INSERT INTO `episerp`.`en_p1m_usuario` (`UsuCod`, `UsuNom`, `UsuApePat`, `UsuApeMat`, `UsuLog`, `UsuPas`, `TipUsuCod`, `SucCod`, `UsuFecNac`, `EstCivCod`, `UsuSex`, `EstRegCod`) VALUES ('6', 'Urtzi', 'Horruitiner', 'Perez', 'Urtzi', 'df8dda963d44a0da33fd4401d1b26e8fa9d5d72ad7145818d437c08a911516c2', 3, 101,  '1995-06-24', 1, 'M', 'A');
INSERT INTO `episerp`.`en_p1m_usuario` (`UsuCod`, `UsuNom`, `UsuApePat`, `UsuApeMat`, `UsuLog`, `UsuPas`, `TipUsuCod`, `SucCod`, `UsuFecNac`, `EstCivCod`, `UsuSex`, `EstRegCod`) VALUES ('7', 'Yeray', 'Martinez', 'Posada', 'Yeray', '1c0bd4810282f9de2aa9855a814ee6f76ad3cc4db09079e93f77c2e9bbe2581c', 4, 101, '1995-01-11', 1, 'F', 'A');

INSERT INTO `episerp`.`en_p1m_usuario` (`UsuCod`, `UsuNom`, `UsuApePat`, `UsuApeMat`, `UsuLog`, `UsuPas`, `TipUsuCod`, `SucCod`, `UsuFecNac`, `EstCivCod`, `UsuSex`, `EstRegCod`) VALUES ('8', 'Roger', 'Benavidez', 'Flores', 'Roger', '893b1f8fc0fcc0587bb2f02fa8df1ca3039b9c8deae23935b6b3243e97e857a0', 2, 102, '1995-01-20', 1, 'M', 'A');
INSERT INTO `episerp`.`en_p1m_usuario` (`UsuCod`, `UsuNom`, `UsuApePat`, `UsuApeMat`, `UsuLog`, `UsuPas`, `TipUsuCod`, `SucCod`, `UsuFecNac`, `EstCivCod`, `UsuSex`, `EstRegCod`) VALUES ('9', 'Lourent', 'Sol', 'Quispe', 'Lourent', '7bebb31ed4dfad622b99f853c935419d8433208d9a901f179820bee409f28818', 3, 102,  '1995-06-24', 1, 'M', 'A');
INSERT INTO `episerp`.`en_p1m_usuario` (`UsuCod`, `UsuNom`, `UsuApePat`, `UsuApeMat`, `UsuLog`, `UsuPas`, `TipUsuCod`, `SucCod`, `UsuFecNac`, `EstCivCod`, `UsuSex`, `EstRegCod`) VALUES ('10', 'Gabriel', 'Gonzalez', 'Quiroa', 'Gabriel', '0c030df5a4e7477d218012c0121ebce6d61bb8dc46e0a6c4f8e1cc8091b946a5', 4, 102, '1995-01-11', 1, 'M', 'A');

INSERT INTO `episerp`.`en_p1m_usuario` (`UsuCod`, `UsuNom`, `UsuApePat`, `UsuApeMat`, `UsuLog`, `UsuPas`, `TipUsuCod`, `SucCod`, `UsuFecNac`, `EstCivCod`, `UsuSex`, `EstRegCod`) VALUES ('11', 'Maria', 'Acevedo', 'Burgos', 'Maria', '9ff18ebe7449349f358e3af0b57cf7a032c1c6b2272cb2656ff85eb112232f16', 2, 103, '1995-01-20', 1, 'M', 'A');
INSERT INTO `episerp`.`en_p1m_usuario` (`UsuCod`, `UsuNom`, `UsuApePat`, `UsuApeMat`, `UsuLog`, `UsuPas`, `TipUsuCod`, `SucCod`, `UsuFecNac`, `EstCivCod`, `UsuSex`, `EstRegCod`) VALUES ('12', 'Margot', 'Villegas', 'Agurto', 'Margot', '69f67bd5929e6ddc06b38136029d22d27badafc7f631d892e935e9c6eb19d475', 3, 103,  '1995-06-24', 1, 'F', 'A');
INSERT INTO `episerp`.`en_p1m_usuario` (`UsuCod`, `UsuNom`, `UsuApePat`, `UsuApeMat`, `UsuLog`, `UsuPas`, `TipUsuCod`, `SucCod`, `UsuFecNac`, `EstCivCod`, `UsuSex`, `EstRegCod`) VALUES ('13', 'Aron', 'Rondoy', 'Ramirez', 'Aron', '10ca40162fba796a53892e5a762f08f083fbec419882582e303b793dc9d06201', 4, 103, '1995-01-11', 1, 'M', 'A');

INSERT INTO `episerp`.`en_p1m_usuario` (`UsuCod`, `UsuNom`, `UsuApePat`, `UsuApeMat`, `UsuLog`, `UsuPas`, `TipUsuCod`, `SucCod`, `UsuFecNac`, `EstCivCod`, `UsuSex`, `EstRegCod`) VALUES ('14', 'Ander', 'Espinoza', 'Peláez', 'Ander', '954913091983db96094fcad32f2264ce420964016d0527bec799adf8da7eb522', 2, 104, '1995-01-20', 1, 'M', 'A');
INSERT INTO `episerp`.`en_p1m_usuario` (`UsuCod`, `UsuNom`, `UsuApePat`, `UsuApeMat`, `UsuLog`, `UsuPas`, `TipUsuCod`, `SucCod`, `UsuFecNac`, `EstCivCod`, `UsuSex`, `EstRegCod`) VALUES ('15', 'Mario', 'Arana', 'Quispe', 'Mario', '61c8e16ad90d4e6da317180fa445e262e9313bbf21fd4d30b3b9b4425886b2f5', 3, 104,  '1995-06-24', 1, 'M', 'A');
INSERT INTO `episerp`.`en_p1m_usuario` (`UsuCod`, `UsuNom`, `UsuApePat`, `UsuApeMat`, `UsuLog`, `UsuPas`, `TipUsuCod`, `SucCod`, `UsuFecNac`, `EstCivCod`, `UsuSex`, `EstRegCod`) VALUES ('16', 'Oinatz', 'Fernandez', 'Quiroa', 'Oinatz', '8abeca4b5e4c95dca0d14da6c2839605ad80df725192b5aaf1d884a9413489bc', 4, 104, '1995-01-11', 1, 'M', 'A');

INSERT INTO `episerp`.`en_p1m_usuario` (`UsuCod`, `UsuNom`, `UsuApePat`, `UsuApeMat`, `UsuLog`, `UsuPas`, `TipUsuCod`, `SucCod`, `UsuFecNac`, `EstCivCod`, `UsuSex`, `EstRegCod`) VALUES ('17', 'Ugaitz', 'Ferro', 'Rico', 'Ugaitz', '6e189ff7297fd3ff4daf4e30c5c0931b923ea74ad05b8f0e5912f227bbabb4b0', 2, 105, '1995-01-20', 1, 'M', 'A');
INSERT INTO `episerp`.`en_p1m_usuario` (`UsuCod`, `UsuNom`, `UsuApePat`, `UsuApeMat`, `UsuLog`, `UsuPas`, `TipUsuCod`, `SucCod`, `UsuFecNac`, `EstCivCod`, `UsuSex`, `EstRegCod`) VALUES ('18', 'Marco', 'Salas', 'Mendez', 'Marco', '669017e1461557903e78eff1b6264313025627cf9fd2aa02236ddd221701523d', 3, 105,  '1995-06-24', 1, 'M', 'A');
INSERT INTO `episerp`.`en_p1m_usuario` (`UsuCod`, `UsuNom`, `UsuApePat`, `UsuApeMat`, `UsuLog`, `UsuPas`, `TipUsuCod`, `SucCod`, `UsuFecNac`, `EstCivCod`, `UsuSex`, `EstRegCod`) VALUES ('19', 'Adei', 'Flores', 'Jimenez', 'Adei', '2de4e1298e7b60b6e754dfce8b9b5a0b0c437671919b73bde09f0e2dfe8aac8d', 4, 105, '1995-01-11', 1, 'F', 'A');

INSERT INTO `episerp`.`en_p1m_usuario` (`UsuCod`, `UsuNom`, `UsuApePat`, `UsuApeMat`, `UsuLog`, `UsuPas`, `TipUsuCod`, `SucCod`, `UsuFecNac`, `EstCivCod`, `UsuSex`, `EstRegCod`) VALUES ('20', 'Endika', 'Astete', 'Gomez', 'Endika', '3414bff943ad3ae11270453dc807af4db06ab3795c86cec2bf5c5ebaf3517164', 2, 106, '1995-01-20', 1, 'F', 'A');
INSERT INTO `episerp`.`en_p1m_usuario` (`UsuCod`, `UsuNom`, `UsuApePat`, `UsuApeMat`, `UsuLog`, `UsuPas`, `TipUsuCod`, `SucCod`, `UsuFecNac`, `EstCivCod`, `UsuSex`, `EstRegCod`) VALUES ('21', 'Imanol', 'Gamio', 'Gracía', 'Imanol', '7b370061228e572a43efd59228203e70a2195e92110b00efdcc592ad3e347353', 3, 106,  '1995-06-24', 1, 'M', 'A');
INSERT INTO `episerp`.`en_p1m_usuario` (`UsuCod`, `UsuNom`, `UsuApePat`, `UsuApeMat`, `UsuLog`, `UsuPas`, `TipUsuCod`, `SucCod`, `UsuFecNac`, `EstCivCod`, `UsuSex`, `EstRegCod`) VALUES ('22', 'Adam', 'Lozano', 'Castro', 'Adam', '3f0c9b03e8e39b03773c7ea7621035cb6fc947cd41ca7c44056d7e7bbaebb3d4', 4, 106, '1995-01-11', 1, 'M', 'A');

INSERT INTO `episerp`.`en_p1m_usuario` (`UsuCod`, `UsuNom`, `UsuApePat`, `UsuApeMat`, `UsuLog`, `UsuPas`, `TipUsuCod`, `SucCod`, `UsuFecNac`, `EstCivCod`, `UsuSex`, `EstRegCod`) VALUES ('23', 'Ian', 'García', 'Uribe', 'Ian', '5dfaaebff3e8ec0b796b47c7c674652150d92a16837946220d7efea32b8a854d', 2, 107, '1995-01-20', 1, 'M', 'A');
INSERT INTO `episerp`.`en_p1m_usuario` (`UsuCod`, `UsuNom`, `UsuApePat`, `UsuApeMat`, `UsuLog`, `UsuPas`, `TipUsuCod`, `SucCod`, `UsuFecNac`, `EstCivCod`, `UsuSex`, `EstRegCod`) VALUES ('24', 'Inhar', 'Peralta', 'Florez', 'Inhar', '11383d5e3dbcef5aa997cc1e1b92d2ab5693abcfc264abe382e0a4c34d676eaf', 3, 107,  '1995-06-24', 1, 'M', 'A');
INSERT INTO `episerp`.`en_p1m_usuario` (`UsuCod`, `UsuNom`, `UsuApePat`, `UsuApeMat`, `UsuLog`, `UsuPas`, `TipUsuCod`, `SucCod`, `UsuFecNac`, `EstCivCod`, `UsuSex`, `EstRegCod`) VALUES ('25', 'Igor', 'Gutierrez', 'Gonzales', 'Igor', '773079ad807a9694223d69ea5c9a05b0e98a74044a0e5d72ad0fcfcd0b72f20b', 4, 107, '1995-01-11', 1, 'M', 'A');

INSERT INTO `episerp`.`en_p1m_usuario` (`UsuCod`, `UsuNom`, `UsuApePat`, `UsuApeMat`, `UsuLog`, `UsuPas`, `TipUsuCod`, `SucCod`, `UsuFecNac`, `EstCivCod`, `UsuSex`, `EstRegCod`) VALUES ('26', 'Guillermo', 'Gonzales', 'Marquez', 'Guillermo', '418e0211da76c3e1c2c10a01a39786cd56641a009129d76f9bb76aadbe1e6c43', 2, 108, '1995-01-20', 1, 'M', 'A');
INSERT INTO `episerp`.`en_p1m_usuario` (`UsuCod`, `UsuNom`, `UsuApePat`, `UsuApeMat`, `UsuLog`, `UsuPas`, `TipUsuCod`, `SucCod`, `UsuFecNac`, `EstCivCod`, `UsuSex`, `EstRegCod`) VALUES ('27', 'Aiert', 'Marlene', 'Molina', 'Aiert', 'd59331efc6229620d0fb55f93ef66e036428aa7b6352145b5504cf5a343c3047', 3, 108,  '1995-06-24', 1, 'F', 'A');
INSERT INTO `episerp`.`en_p1m_usuario` (`UsuCod`, `UsuNom`, `UsuApePat`, `UsuApeMat`, `UsuLog`, `UsuPas`, `TipUsuCod`, `SucCod`, `UsuFecNac`, `EstCivCod`, `UsuSex`, `EstRegCod`) VALUES ('28', 'Hegoi', 'Rodriguez', 'Victoria', 'Hegoi', '8106b02b1043b9056c9ef7f19cae213e27c51352f899ce517322c8bb095163d1', 4, 108, '1995-01-11', 1, 'M', 'A');

INSERT INTO `episerp`.`en_p1m_usuario` (`UsuCod`, `UsuNom`, `UsuApePat`, `UsuApeMat`, `UsuLog`, `UsuPas`, `TipUsuCod`, `SucCod`, `UsuFecNac`, `EstCivCod`, `UsuSex`, `EstRegCod`) VALUES ('29', 'Javier', 'Medina', 'Rojas', 'Javier', '0e1e847b6d1dfa0382c082a9850febd05bebad869f61e8c39e12992f9b87c0ff', 2, 109, '1995-01-20', 1, 'M', 'A');
INSERT INTO `episerp`.`en_p1m_usuario` (`UsuCod`, `UsuNom`, `UsuApePat`, `UsuApeMat`, `UsuLog`, `UsuPas`, `TipUsuCod`, `SucCod`, `UsuFecNac`, `EstCivCod`, `UsuSex`, `EstRegCod`) VALUES ('30', 'Joel', 'Gutierrez', 'Serna', 'Joel', '0ec3a5c3a2226141d76557641569a5f01cefeb56a0be9dd2b5bd5ecc8b7194b7', 3, 109,  '1995-06-24', 1, 'M', 'A');
INSERT INTO `episerp`.`en_p1m_usuario` (`UsuCod`, `UsuNom`, `UsuApePat`, `UsuApeMat`, `UsuLog`, `UsuPas`, `TipUsuCod`, `SucCod`, `UsuFecNac`, `EstCivCod`, `UsuSex`, `EstRegCod`) VALUES ('31', 'Rayan', 'Velez', 'Zapata', 'Rayan', 'e2f5ab0d9cf0057b7a18086c9062892e4088ec6235b6a22a701f52e7dbd99df1', 4, 109, '1995-01-11', 1, 'M', 'A');

INSERT INTO `episerp`.`en_p1m_usuario` (`UsuCod`, `UsuNom`, `UsuApePat`, `UsuApeMat`, `UsuLog`, `UsuPas`, `TipUsuCod`, `SucCod`, `UsuFecNac`, `EstCivCod`, `UsuSex`, `EstRegCod`) VALUES ('32', 'Ekai', 'Guzman', 'Toro', 'Ekai', 'c7b63e9b27c4a1c2b2b773309c87c0b2139c9bb28a59833b580f5c0afb36f672', 2, 110, '1995-01-20', 1, 'M', 'A');
INSERT INTO `episerp`.`en_p1m_usuario` (`UsuCod`, `UsuNom`, `UsuApePat`, `UsuApeMat`, `UsuLog`, `UsuPas`, `TipUsuCod`, `SucCod`, `UsuFecNac`, `EstCivCod`, `UsuSex`, `EstRegCod`) VALUES ('33', 'Eki', 'Chinag', 'Henao', 'Eki', '8a46a31fd50df52e6167ec9573f2e2eb7817d276fcc9b8cd982e41eaa63afa67', 3, 110,  '1995-06-24', 1, 'F', 'A');
INSERT INTO `episerp`.`en_p1m_usuario` (`UsuCod`, `UsuNom`, `UsuApePat`, `UsuApeMat`, `UsuLog`, `UsuPas`, `TipUsuCod`, `SucCod`, `UsuFecNac`, `EstCivCod`, `UsuSex`, `EstRegCod`) VALUES ('34', 'Ignacio', 'Guzman', 'Vasquez', 'Ignacio', '64e975e8d7118a89d98852264b5f42ee4402b4b44e984a701720ad15ff1de8f4', 4, 110, '1995-01-11', 1, 'M', 'A');


COMMIT;


-- -----------------------------------------------------
-- Data for table `episerp`.`en_p1m_documento_usuario`
-- -----------------------------------------------------
START TRANSACTION;
USE `episerp`;
INSERT INTO `en_p1m_documento_usuario` (`UsuCod`, `TipDocUsuCod`, `DocUsuNum`, `EstRegCod`) VALUES ('2', 1, '72743604', 'A');
INSERT INTO `en_p1m_documento_usuario` (`UsuCod`, `TipDocUsuCod`, `DocUsuNum`, `EstRegCod`) VALUES ('3', 1, '76308492', 'A');
INSERT INTO `en_p1m_documento_usuario` (`UsuCod`, `TipDocUsuCod`, `DocUsuNum`, `EstRegCod`) VALUES ('4', 1, '70299350', 'A');

INSERT INTO `en_p1m_documento_usuario` (`UsuCod`, `TipDocUsuCod`, `DocUsuNum`, `EstRegCod`) VALUES ('5', 1, '09133603', 'A');
INSERT INTO `en_p1m_documento_usuario` (`UsuCod`, `TipDocUsuCod`, `DocUsuNum`, `EstRegCod`) VALUES ('6', 1, '09133603', 'A');
INSERT INTO `en_p1m_documento_usuario` (`UsuCod`, `TipDocUsuCod`, `DocUsuNum`, `EstRegCod`) VALUES ('7', 1, '09440802', 'A');

INSERT INTO `en_p1m_documento_usuario` (`UsuCod`, `TipDocUsuCod`, `DocUsuNum`, `EstRegCod`) VALUES ('8', 1, '07645842', 'A');
INSERT INTO `en_p1m_documento_usuario` (`UsuCod`, `TipDocUsuCod`, `DocUsuNum`, `EstRegCod`) VALUES ('9', 1, '08041434', 'A');
INSERT INTO `en_p1m_documento_usuario` (`UsuCod`, `TipDocUsuCod`, `DocUsuNum`, `EstRegCod`) VALUES ('10', 1, '08041434', 'A');

INSERT INTO `en_p1m_documento_usuario` (`UsuCod`, `TipDocUsuCod`, `DocUsuNum`, `EstRegCod`) VALUES ('11', 1, '16563254', 'A');
INSERT INTO `en_p1m_documento_usuario` (`UsuCod`, `TipDocUsuCod`, `DocUsuNum`, `EstRegCod`) VALUES ('12', 1, '16563254', 'A');
INSERT INTO `en_p1m_documento_usuario` (`UsuCod`, `TipDocUsuCod`, `DocUsuNum`, `EstRegCod`) VALUES ('13', 1, '08750640', 'A');

INSERT INTO `en_p1m_documento_usuario` (`UsuCod`, `TipDocUsuCod`, `DocUsuNum`, `EstRegCod`) VALUES ('14', 1, '06228803', 'A');
INSERT INTO `en_p1m_documento_usuario` (`UsuCod`, `TipDocUsuCod`, `DocUsuNum`, `EstRegCod`) VALUES ('15', 1, '06228803', 'A');
INSERT INTO `en_p1m_documento_usuario` (`UsuCod`, `TipDocUsuCod`, `DocUsuNum`, `EstRegCod`) VALUES ('16', 1, '07220467', 'A');

INSERT INTO `en_p1m_documento_usuario` (`UsuCod`, `TipDocUsuCod`, `DocUsuNum`, `EstRegCod`) VALUES ('17', 1, '08416243', 'A');
INSERT INTO `en_p1m_documento_usuario` (`UsuCod`, `TipDocUsuCod`, `DocUsuNum`, `EstRegCod`) VALUES ('18', 1, '08416243', 'A');
INSERT INTO `en_p1m_documento_usuario` (`UsuCod`, `TipDocUsuCod`, `DocUsuNum`, `EstRegCod`) VALUES ('19', 1, '07898939', 'A');

INSERT INTO `en_p1m_documento_usuario` (`UsuCod`, `TipDocUsuCod`, `DocUsuNum`, `EstRegCod`) VALUES ('20', 1, '07898939', 'A');
INSERT INTO `en_p1m_documento_usuario` (`UsuCod`, `TipDocUsuCod`, `DocUsuNum`, `EstRegCod`) VALUES ('21', 1, '07530677', 'A');
INSERT INTO `en_p1m_documento_usuario` (`UsuCod`, `TipDocUsuCod`, `DocUsuNum`, `EstRegCod`) VALUES ('22', 1, '06077366', 'A');

INSERT INTO `en_p1m_documento_usuario` (`UsuCod`, `TipDocUsuCod`, `DocUsuNum`, `EstRegCod`) VALUES ('23', 1, '06077366', 'A');
INSERT INTO `en_p1m_documento_usuario` (`UsuCod`, `TipDocUsuCod`, `DocUsuNum`, `EstRegCod`) VALUES ('24', 1, '18821017', 'A');
INSERT INTO `en_p1m_documento_usuario` (`UsuCod`, `TipDocUsuCod`, `DocUsuNum`, `EstRegCod`) VALUES ('25', 1, '06978793', 'A');

INSERT INTO `en_p1m_documento_usuario` (`UsuCod`, `TipDocUsuCod`, `DocUsuNum`, `EstRegCod`) VALUES ('26', 1, '18165640', 'A');
INSERT INTO `en_p1m_documento_usuario` (`UsuCod`, `TipDocUsuCod`, `DocUsuNum`, `EstRegCod`) VALUES ('27', 1, '09306044', 'A');
INSERT INTO `en_p1m_documento_usuario` (`UsuCod`, `TipDocUsuCod`, `DocUsuNum`, `EstRegCod`) VALUES ('28', 1, '27836254', 'A');

INSERT INTO `en_p1m_documento_usuario` (`UsuCod`, `TipDocUsuCod`, `DocUsuNum`, `EstRegCod`) VALUES ('29', 1, '00412636', 'A');
INSERT INTO `en_p1m_documento_usuario` (`UsuCod`, `TipDocUsuCod`, `DocUsuNum`, `EstRegCod`) VALUES ('30', 1, '09238948', 'A');
INSERT INTO `en_p1m_documento_usuario` (`UsuCod`, `TipDocUsuCod`, `DocUsuNum`, `EstRegCod`) VALUES ('31', 1, '09238948', 'A');

INSERT INTO `en_p1m_documento_usuario` (`UsuCod`, `TipDocUsuCod`, `DocUsuNum`, `EstRegCod`) VALUES ('32', 1, '09532012', 'A');
INSERT INTO `en_p1m_documento_usuario` (`UsuCod`, `TipDocUsuCod`, `DocUsuNum`, `EstRegCod`) VALUES ('33', 1, '09702038', 'A');
INSERT INTO `en_p1m_documento_usuario` (`UsuCod`, `TipDocUsuCod`, `DocUsuNum`, `EstRegCod`) VALUES ('34', 1, '25486147', 'A');

COMMIT;

-- -----------------------------------------------------
-- Data for table `episerp`.`ta_gzz_tipo_cliente`
-- -----------------------------------------------------
START TRANSACTION;
USE `episerp`;
INSERT INTO `episerp`.`ta_gzz_tipo_cliente` (`TipCliCod`, `TipCliDet`, `EstRegCod`) VALUES ('1', 'Persona Natural', 'A');
INSERT INTO `episerp`.`ta_gzz_tipo_cliente` (`TipCliCod`, `TipCliDet`, `EstRegCod`) VALUES ('2', 'Persona Jurídica', 'A');

COMMIT;

-- -----------------------------------------------------
-- Data for table `episerp`.`en_p1m_cliente`
-- -----------------------------------------------------
START TRANSACTION;
USE `episerp`;
INSERT INTO `en_p1m_cliente` (`CliCod`,`TipCliCod`,`CliRazSoc`,`CliNomCom`,`CliDomFis`,`CliNom`,`CliApePat`,`CliApeMat`,`CliSex`,`CliDir`,`EstCivCod`,`CliTelFij`,`CliTelCel`,`CliEmail`,`EstRegCod`) VALUES ('1',01,'',NULL,'Calle del Horno, 9','Manuel','Ramiro','Saavedra','M','Desconocido',01,'','962610568','Desconocido','A');
INSERT INTO `en_p1m_cliente` (`CliCod`,`TipCliCod`,`CliRazSoc`,`CliNomCom`,`CliDomFis`,`CliNom`,`CliApePat`,`CliApeMat`,`CliSex`,`CliDir`,`EstCivCod`,`CliTelFij`,`CliTelCel`,`CliEmail`,`EstRegCod`) VALUES ('2',01,'',NULL,'Pérez Galdós, 5','Diego','Ticona','Chavez','M','Desconocida',02,NULL,'990326927','Desconocido','A');
INSERT INTO `en_p1m_cliente` (`CliCod`,`TipCliCod`,`CliRazSoc`,`CliNomCom`,`CliDomFis`,`CliNom`,`CliApePat`,`CliApeMat`,`CliSex`,`CliDir`,`EstCivCod`,`CliTelFij`,`CliTelCel`,`CliEmail`,`EstRegCod`) VALUES ('3',01,'',NULL,'Azorín, 2','Geraldine','Choque','Pumaroles','F','Desconocida',03,'447 0057','9628-1145','Desconocido','A');
INSERT INTO `en_p1m_cliente` (`CliCod`,`TipCliCod`,`CliRazSoc`,`CliNomCom`,`CliDomFis`,`CliNom`,`CliApePat`,`CliApeMat`,`CliSex`,`CliDir`,`EstCivCod`,`CliTelFij`,`CliTelCel`,`CliEmail`,`EstRegCod`) VALUES ('4',01,'',NULL,'Princesa, 33','Alex','Flores','Neyra','M','Desconocida',01,'433-8715',' 9926-6412','Desconocido','A');
INSERT INTO `en_p1m_cliente` (`CliCod`,`TipCliCod`,`CliRazSoc`,`CliNomCom`,`CliDomFis`,`CliNom`,`CliApePat`,`CliApeMat`,`CliSex`,`CliDir`,`EstCivCod`,`CliTelFij`,`CliTelCel`,`CliEmail`,`EstRegCod`) VALUES ('5',01,'',NULL,'Paulino Caballero, 45','Juan','Quispe','Alvarado','M','Desconocida',01,'4711272','995654474','Desconocido','A');
INSERT INTO `en_p1m_cliente` (`CliCod`,`TipCliCod`,`CliRazSoc`,`CliNomCom`,`CliDomFis`,`CliNom`,`CliApePat`,`CliApeMat`,`CliSex`,`CliDir`,`EstCivCod`,`CliTelFij`,`CliTelCel`,`CliEmail`,`EstRegCod`) VALUES ('6',01,'',NULL,'Guevara, 26','Maria','Loza','Luna','F','Desconocida',02,NULL,'958956021','Desconocido','A');
INSERT INTO `en_p1m_cliente` (`CliCod`,`TipCliCod`,`CliRazSoc`,`CliNomCom`,`CliDomFis`,`CliNom`,`CliApePat`,`CliApeMat`,`CliSex`,`CliDir`,`EstCivCod`,`CliTelFij`,`CliTelCel`,`CliEmail`,`EstRegCod`) VALUES ('7',01,'',NULL,'	Avda. Francia, 6','Antonio','Barcarcel','Ruiz','M','Desconocida',01,NULL,'976369819','Desconocido','A');
INSERT INTO `en_p1m_cliente` (`CliCod`,`TipCliCod`,`CliRazSoc`,`CliNomCom`,`CliDomFis`,`CliNom`,`CliApePat`,`CliApeMat`,`CliSex`,`CliDir`,`EstCivCod`,`CliTelFij`,`CliTelCel`,`CliEmail`,`EstRegCod`) VALUES ('8',01,'',NULL,'Músico Ayllón, 39','Jose','Ortiz','Mendoza','M','Desconocida',02,NULL,'98235147','Desconocido','A');
INSERT INTO `en_p1m_cliente` (`CliCod`,`TipCliCod`,`CliRazSoc`,`CliNomCom`,`CliDomFis`,`CliNom`,`CliApePat`,`CliApeMat`,`CliSex`,`CliDir`,`EstCivCod`,`CliTelFij`,`CliTelCel`,`CliEmail`,`EstRegCod`) VALUES ('9',01,'',NULL,'	Cerrada, 11','Mario','Llanos','Valderrama','M','Desconocida',01,'368 0373','997573481','Desconocido','A');
INSERT INTO `en_p1m_cliente` (`CliCod`,`TipCliCod`,`CliRazSoc`,`CliNomCom`,`CliDomFis`,`CliNom`,`CliApePat`,`CliApeMat`,`CliSex`,`CliDir`,`EstCivCod`,`CliTelFij`,`CliTelCel`,`CliEmail`,`EstRegCod`) VALUES ('10',01,'',NULL,'Bruch, 131','Max','Zarate','Zegarra','M','Desconocida',02,NULL,'956280695','Desconocido','A');

INSERT INTO `en_p1m_cliente` (`CliCod`,`TipCliCod`,`CliRazSoc`,`CliNomCom`,`CliDomFis`,`CliNom`,`CliApePat`,`CliApeMat`,`CliSex`,`CliDir`,`EstCivCod`,`CliTelFij`,`CliTelCel`,`CliEmail`,`EstRegCod`) VALUES ('11',02,'LCTR SAC LOGICENTER','LOGICENTER','Edif. Don Mateo I Of. 303 Cayma (PERU/AREQUIPA/AREQUIPA/CAYMA)',NULL,NULL,NULL,'N','Desconocida',01,'054-484646','997573485','maria.vignes@logicenter.com.pe','A');
INSERT INTO `en_p1m_cliente` (`CliCod`,`TipCliCod`,`CliRazSoc`,`CliNomCom`,`CliDomFis`,`CliNom`,`CliApePat`,`CliApeMat`,`CliSex`,`CliDir`,`EstCivCod`,`CliTelFij`,`CliTelCel`,`CliEmail`,`EstRegCod`) VALUES ('12',02,'ALEXMAR MUSIC S.R.L','ALEXMAR','Av. porongoche 500 Tienda 2062 (PERU/AREQUIPA/AREQUIPA/AREQUIPA)',NULL,NULL,NULL,'N','Desconocida',01,'448 2458','958956029','aventuraplaza@alexmarmusic.com.pe','A');
INSERT INTO `en_p1m_cliente` (`CliCod`,`TipCliCod`,`CliRazSoc`,`CliNomCom`,`CliDomFis`,`CliNom`,`CliApePat`,`CliApeMat`,`CliSex`,`CliDir`,`EstCivCod`,`CliTelFij`,`CliTelCel`,`CliEmail`,`EstRegCod`) VALUES ('13',02,'GRUPO UPGRADE S.A.C','GRUPO UPGRADE','Urb. Magisterial II B-4',NULL,NULL,NULL,'N','Desconocida',01,'054 - 614738','959477586','yosimar.alata@upgrade.com.pe','A');
INSERT INTO `en_p1m_cliente` (`CliCod`,`TipCliCod`,`CliRazSoc`,`CliNomCom`,`CliDomFis`,`CliNom`,`CliApePat`,`CliApeMat`,`CliSex`,`CliDir`,`EstCivCod`,`CliTelFij`,`CliTelCel`,`CliEmail`,`EstRegCod`) VALUES ('14',02,'GENACK SRL','GENACK','Urb. Mariscal Caceres Mz. I Lt. 7 (PERU/AYACUCHO/HUAMANGA/AYACUCHO)',NULL,NULL,NULL,'N','Desconocida',01,'(054)628535','959504262','genack.team@gmail.com','A');
INSERT INTO `en_p1m_cliente` (`CliCod`,`TipCliCod`,`CliRazSoc`,`CliNomCom`,`CliDomFis`,`CliNom`,`CliApePat`,`CliApeMat`,`CliSex`,`CliDir`,`EstCivCod`,`CliTelFij`,`CliTelCel`,`CliEmail`,`EstRegCod`) VALUES ('15',02,'CLIC SERVICE','CLIC','Av. Salaverry 1910 Jesús María',NULL,NULL,NULL,'N','Desconocida',01,'310655','999747894','clicservice@yahoo.com','A');
INSERT INTO `en_p1m_cliente` (`CliCod`,`TipCliCod`,`CliRazSoc`,`CliNomCom`,`CliDomFis`,`CliNom`,`CliApePat`,`CliApeMat`,`CliSex`,`CliDir`,`EstCivCod`,`CliTelFij`,`CliTelCel`,`CliEmail`,`EstRegCod`) VALUES ('16',02,'DESYTEC PERU EIRL','DESYTEC PERU','AV. HIPOLITO UNANUE N° 300 (PERU/CALLAO/CALLAO/CALLAO)',NULL,NULL,NULL,'N','Desconocida',01,'076341792','996688680','ventas@desytecperu.com,pe','A');
INSERT INTO `en_p1m_cliente` (`CliCod`,`TipCliCod`,`CliRazSoc`,`CliNomCom`,`CliDomFis`,`CliNom`,`CliApePat`,`CliApeMat`,`CliSex`,`CliDir`,`EstCivCod`,`CliTelFij`,`CliTelCel`,`CliEmail`,`EstRegCod`) VALUES ('17',02,'ARNEBUK PERU SAC','ARNEBUK PERU','Jr. Horacio Urteaga 660 - Campo de Marte - Jesús María',NULL,NULL,NULL,'N','Desconocida',01,'	4643299','975063939','franco.padilla@arnebukperu.com','A');
INSERT INTO `en_p1m_cliente` (`CliCod`,`TipCliCod`,`CliRazSoc`,`CliNomCom`,`CliDomFis`,`CliNom`,`CliApePat`,`CliApeMat`,`CliSex`,`CliDir`,`EstCivCod`,`CliTelFij`,`CliTelCel`,`CliEmail`,`EstRegCod`) VALUES ('18',02,'MULTIMPORT S.R.L.','MULTIMPORT','Calle Aguamarina 122 (PERU/CALLAO/CALLAO/BELLAVISTA)',NULL,NULL,NULL,'N','Desconocida',01,'6527189','993022806','dayala@multimport.com.pe','A');
INSERT INTO `en_p1m_cliente` (`CliCod`,`TipCliCod`,`CliRazSoc`,`CliNomCom`,`CliDomFis`,`CliNom`,`CliApePat`,`CliApeMat`,`CliSex`,`CliDir`,`EstCivCod`,`CliTelFij`,`CliTelCel`,`CliEmail`,`EstRegCod`) VALUES ('19',02,'CONSULTORIA JYH SAC','ECOBISEC JYH SAC','Espigón 4 Circuito de Playas, Miraflores',NULL,NULL,NULL,'N','Desconocida',01,'4290000','998327377','jbejaranoi@ecobisec.com','A');
INSERT INTO `en_p1m_cliente` (`CliCod`,`TipCliCod`,`CliRazSoc`,`CliNomCom`,`CliDomFis`,`CliNom`,`CliApePat`,`CliApeMat`,`CliSex`,`CliDir`,`EstCivCod`,`CliTelFij`,`CliTelCel`,`CliEmail`,`EstRegCod`) VALUES ('20',02,'La GREK S.R.L','LA GREK','Av. República de Chile 190 - Jesús María',NULL,NULL,NULL,'N','Desconocida',01,'4290000','998327377','la.grek@gmail.com','A');

COMMIT;


-- -----------------------------------------------------
-- Data for table `episerp`.`en_p1m_documento_cliente`
-- -----------------------------------------------------
START TRANSACTION;
USE `episerp`;
INSERT INTO `en_p1m_documento_cliente` (`CliCod`, `TipDocCliCod`, `DocCliNum`, `EstRegCod`) VALUES ('1', '01', '72748574', 'A');
INSERT INTO `en_p1m_documento_cliente` (`CliCod`, `TipDocCliCod`, `DocCliNum`, `EstRegCod`) VALUES ('2', '01', '39337484', 'A');
INSERT INTO `en_p1m_documento_cliente` (`CliCod`, `TipDocCliCod`, `DocCliNum`, `EstRegCod`) VALUES ('3', '01', '29854147', 'A');
INSERT INTO `en_p1m_documento_cliente` (`CliCod`, `TipDocCliCod`, `DocCliNum`, `EstRegCod`) VALUES ('4', '01', '19584714', 'A');
INSERT INTO `en_p1m_documento_cliente` (`CliCod`, `TipDocCliCod`, `DocCliNum`, `EstRegCod`) VALUES ('5', '01', '39286411', 'A');
INSERT INTO `en_p1m_documento_cliente` (`CliCod`, `TipDocCliCod`, `DocCliNum`, `EstRegCod`) VALUES ('6', '01', '12345874', 'A');
INSERT INTO `en_p1m_documento_cliente` (`CliCod`, `TipDocCliCod`, `DocCliNum`, `EstRegCod`) VALUES ('7', '01', '98745212', 'A');
INSERT INTO `en_p1m_documento_cliente` (`CliCod`, `TipDocCliCod`, `DocCliNum`, `EstRegCod`) VALUES ('8', '01', '15987412', 'A');
INSERT INTO `en_p1m_documento_cliente` (`CliCod`, `TipDocCliCod`, `DocCliNum`, `EstRegCod`) VALUES ('9', '01', '85749632', 'A');
INSERT INTO `en_p1m_documento_cliente` (`CliCod`, `TipDocCliCod`, `DocCliNum`, `EstRegCod`) VALUES ('10', '01', '28741222', 'A');

INSERT INTO `en_p1m_documento_cliente` (`CliCod`, `TipDocCliCod`, `DocCliNum`, `EstRegCod`) VALUES ('11', '02', '20552171226', 'A');
INSERT INTO `en_p1m_documento_cliente` (`CliCod`, `TipDocCliCod`, `DocCliNum`, `EstRegCod`) VALUES ('12', '02', '20558318318', 'A');
INSERT INTO `en_p1m_documento_cliente` (`CliCod`, `TipDocCliCod`, `DocCliNum`, `EstRegCod`) VALUES ('13', '02', '20370435163', 'A');
INSERT INTO `en_p1m_documento_cliente` (`CliCod`, `TipDocCliCod`, `DocCliNum`, `EstRegCod`) VALUES ('14', '02', '20454043660', 'A');
INSERT INTO `en_p1m_documento_cliente` (`CliCod`, `TipDocCliCod`, `DocCliNum`, `EstRegCod`) VALUES ('15', '02', '20534760150', 'A');
INSERT INTO `en_p1m_documento_cliente` (`CliCod`, `TipDocCliCod`, `DocCliNum`, `EstRegCod`) VALUES ('16', '02', '20453796397', 'A');
INSERT INTO `en_p1m_documento_cliente` (`CliCod`, `TipDocCliCod`, `DocCliNum`, `EstRegCod`) VALUES ('17', '02', '20555098244', 'A');
INSERT INTO `en_p1m_documento_cliente` (`CliCod`, `TipDocCliCod`, `DocCliNum`, `EstRegCod`) VALUES ('18', '02', '20546456359', 'A');
INSERT INTO `en_p1m_documento_cliente` (`CliCod`, `TipDocCliCod`, `DocCliNum`, `EstRegCod`) VALUES ('19', '02', '20266228326', 'A');
INSERT INTO `en_p1m_documento_cliente` (`CliCod`, `TipDocCliCod`, `DocCliNum`, `EstRegCod`) VALUES ('20', '02', '20266228326', 'A');

COMMIT;


-- -----------------------------------------------------
-- Data for table `episerp`.`en_p4m_proveedor`
-- -----------------------------------------------------
START TRANSACTION;
USE `episerp`;
INSERT INTO `en_p4m_proveedor` (`PrvCod`,`PrvDet`,`PrvRazSoc`,`PrvNomCom`,`PrvDomFis`,`PrvCon`,`PrvDir`,`PrvTelFij`,`PrvTelCel`,`PrvEmail`,`PrvPagWeb`,`PrvObs`,`EstRegCod`) VALUES ('123456789121','ARCON','ARCON S.R.L','ARCON','Mz. C Lt.9 Las Mercedes Cerro Colorado','Milagros Aguilar Zuñiga','Mz. C Lt.9 Las Mercedes Cerro Colorado','054454908','945995506','arcon@proveedores.com','www.arcon.com','','A');
INSERT INTO `en_p4m_proveedor` (`PrvCod`,`PrvDet`,`PrvRazSoc`,`PrvNomCom`,`PrvDomFis`,`PrvCon`,`PrvDir`,`PrvTelFij`,`PrvTelCel`,`PrvEmail`,`PrvPagWeb`,`PrvObs`,`EstRegCod`) VALUES ('147258369121','IberCorte','IberCorte S.A.C.','IberCorte','Urb. Santa Cecilia A-2 Yanahuara','Erick Cruz Salinas','Urb. Santa Cecilia A-2 Yanahuara','054784512','945120346','ibercorte@proveedores.com','www.ibercorte.com','','A');
INSERT INTO `en_p4m_proveedor` (`PrvCod`,`PrvDet`,`PrvRazSoc`,`PrvNomCom`,`PrvDomFis`,`PrvCon`,`PrvDir`,`PrvTelFij`,`PrvTelCel`,`PrvEmail`,`PrvPagWeb`,`PrvObs`,`EstRegCod`) VALUES ('258147369121','EHOSA','EHOSA E.I.R.L','EHOSA','Av. San Martin 205 Miraflores','Grisseldy Arenas Orejuela','Av. San Martin 205 Miraflores','054326598','945023678','ehosa@proveedores.com','www.ehosadistribuidores.com','','A');
INSERT INTO `en_p4m_proveedor` (`PrvCod`,`PrvDet`,`PrvRazSoc`,`PrvNomCom`,`PrvDomFis`,`PrvCon`,`PrvDir`,`PrvTelFij`,`PrvTelCel`,`PrvEmail`,`PrvPagWeb`,`PrvObs`,`EstRegCod`) VALUES ('321654987121','Disconfa','Disconfa S.A.C','Disconfa','Av. La Paz 509','Sharon Bedregal Machaca','Av. La Paz 509','054368971','948152634','disconfa@proveedores.com','www.proveedoresdisconfa.com','','A');
INSERT INTO `en_p4m_proveedor` (`PrvCod`,`PrvDet`,`PrvRazSoc`,`PrvNomCom`,`PrvDomFis`,`PrvCon`,`PrvDir`,`PrvTelFij`,`PrvTelCel`,`PrvEmail`,`PrvPagWeb`,`PrvObs`,`EstRegCod`) VALUES ('369258147121','Grupo Guerra Distribuidores','Grupo Guerra Distribuidores S.A.C','Grupo Guerra Distribuidores','Calle Paz Soldan 407 Yanahuara','Walter Toledo Turpo','Calle Paz Soldan 407 Yanahuara','054968574','940784512','guerra@distribuidores.com','www.guerradistribuidores.com','','A');
INSERT INTO `en_p4m_proveedor` (`PrvCod`,`PrvDet`,`PrvRazSoc`,`PrvNomCom`,`PrvDomFis`,`PrvCon`,`PrvDir`,`PrvTelFij`,`PrvTelCel`,`PrvEmail`,`PrvPagWeb`,`PrvObs`,`EstRegCod`) VALUES ('456123789121','Dadyma','Dadyma S.A.C','Dadyma','Av. San Martin 603 Miraflores','Carlos Gershy Pinto','Av. San Martin 603 Miraflores','054789123','945781266','dadyma@proveedores.com','www.dadyma.com','','A');
INSERT INTO `en_p4m_proveedor` (`PrvCod`,`PrvDet`,`PrvRazSoc`,`PrvNomCom`,`PrvDomFis`,`PrvCon`,`PrvDir`,`PrvTelFij`,`PrvTelCel`,`PrvEmail`,`PrvPagWeb`,`PrvObs`,`EstRegCod`) VALUES ('456741852121','Alcamar','Alcamar S.A.C','Alcamar','Coorp. 19 D-10 Paucarpata','Gretel Cama Pizarro','Coorp. 19 D-10 Paucarpata','054962317','945662322','alcamar@proveedores.com','www.alcamar.com','','A');
INSERT INTO `en_p4m_proveedor` (`PrvCod`,`PrvDet`,`PrvRazSoc`,`PrvNomCom`,`PrvDomFis`,`PrvCon`,`PrvDir`,`PrvTelFij`,`PrvTelCel`,`PrvEmail`,`PrvPagWeb`,`PrvObs`,`EstRegCod`) VALUES ('654321987121','NavaRioja','NavaRioja S.A.C.','NavaRioja','Via Evitamiento Km3 Cerro Colorado','Abelardo Alvarez Martinez','Via Evitamiento Km3 Cerro Colorado','054237816','945301020','navarioja@proveedores.com','www.navarioja.com','','A');
INSERT INTO `en_p4m_proveedor` (`PrvCod`,`PrvDet`,`PrvRazSoc`,`PrvNomCom`,`PrvDomFis`,`PrvCon`,`PrvDir`,`PrvTelFij`,`PrvTelCel`,`PrvEmail`,`PrvPagWeb`,`PrvObs`,`EstRegCod`) VALUES ('789456123121','Central Hisumer','Central Hisumer S.A.C.','Central Hisumer','Calle 28 de Julio Vallecito Cercado','Melina Alvarez Obregon','Calle 28 de Julio Vallecito Cercado','054124578','94563524178','hisumer@proveedores.com','www.centralhisumer.com','','A');
INSERT INTO `en_p4m_proveedor` (`PrvCod`,`PrvDet`,`PrvRazSoc`,`PrvNomCom`,`PrvDomFis`,`PrvCon`,`PrvDir`,`PrvTelFij`,`PrvTelCel`,`PrvEmail`,`PrvPagWeb`,`PrvObs`,`EstRegCod`) VALUES ('987654321121','Import Export','Import Export S.A.C','Import Export','Centro Comercial Cayma 3er Piso','José Paiva Franco','Centro Comercial Cayma 3er Piso','054867219','945007184','importexport@proveedores.com','www.importexport.com','','A');

COMMIT;


-- -----------------------------------------------------
-- Data for table `episerp`.`en_p4m_documento_proveedor`
-- -----------------------------------------------------
START TRANSACTION;
USE `episerp`;
INSERT INTO `en_p4m_documento_proveedor` (`PrvCod`, `TipDocProCod`, `DocProNum`, `EstRegCod`) VALUES ('123456789121', 2, '123456789121', 'A');
INSERT INTO `en_p4m_documento_proveedor` (`PrvCod`, `TipDocProCod`, `DocProNum`, `EstRegCod`) VALUES ('789456123121', 2, '789456123121', 'A');
INSERT INTO `en_p4m_documento_proveedor` (`PrvCod`, `TipDocProCod`, `DocProNum`, `EstRegCod`) VALUES ('147258369121', 2, '147258369121', 'A');
INSERT INTO `en_p4m_documento_proveedor` (`PrvCod`, `TipDocProCod`, `DocProNum`, `EstRegCod`) VALUES ('369258147121', 2, '369258147121', 'A');
INSERT INTO `en_p4m_documento_proveedor` (`PrvCod`, `TipDocProCod`, `DocProNum`, `EstRegCod`) VALUES ('258147369121', 2, '258147369121', 'A');
INSERT INTO `en_p4m_documento_proveedor` (`PrvCod`, `TipDocProCod`, `DocProNum`, `EstRegCod`) VALUES ('321654987121', 2, '321654987121', 'A');
INSERT INTO `en_p4m_documento_proveedor` (`PrvCod`, `TipDocProCod`, `DocProNum`, `EstRegCod`) VALUES ('987654321121', 2, '987654321121', 'A');
INSERT INTO `en_p4m_documento_proveedor` (`PrvCod`, `TipDocProCod`, `DocProNum`, `EstRegCod`) VALUES ('654321987121', 2, '654321987121', 'A');
INSERT INTO `en_p4m_documento_proveedor` (`PrvCod`, `TipDocProCod`, `DocProNum`, `EstRegCod`) VALUES ('456123789121', 2, '456123789121', 'A');
INSERT INTO `en_p4m_documento_proveedor` (`PrvCod`, `TipDocProCod`, `DocProNum`, `EstRegCod`) VALUES ('456741852121', 2, '456741852121', 'A');

COMMIT;



-- -----------------------------------------------------
-- Data for table `episerp`.`en_p2m_almacen`
-- -----------------------------------------------------
START TRANSACTION;
USE `episerp`;
INSERT INTO `en_p2m_almacen` (`AlmCod`, `AlmDet`, `SucCod`, `AlmVolTot`, `AlmObs`, `EstRegCod`) VALUES ('ALM01', 'Almacen Principal', 1, '1500', 'Ninguna', 'A');
INSERT INTO `en_p2m_almacen` (`AlmCod`, `AlmDet`, `SucCod`, `AlmVolTot`, `AlmObs`, `EstRegCod`) VALUES ('ALM02', 'Almacen Secundario', 1, '1000', 'Ninguna', 'A');
INSERT INTO `en_p2m_almacen` (`AlmCod`, `AlmDet`, `SucCod`, `AlmVolTot`, `AlmObs`, `EstRegCod`) VALUES ('ALM03', 'Almacen 01', 1, '50000', 'Almacen en buenas Condiciones', 'A');
INSERT INTO `en_p2m_almacen` (`AlmCod`, `AlmDet`, `SucCod`, `AlmVolTot`, `AlmObs`, `EstRegCod`) VALUES ('ALM04', 'Almacen 02', 1, 50000, 'Almacen en buenas Condiciones', 'A');
INSERT INTO `en_p2m_almacen` (`AlmCod`, `AlmDet`, `SucCod`, `AlmVolTot`, `AlmObs`, `EstRegCod`) VALUES ('ALM05', 'Almacen 03', 1, 50000, 'Almacen en buenas Condiciones', 'A');
INSERT INTO `en_p2m_almacen` (`AlmCod`, `AlmDet`, `SucCod`, `AlmVolTot`, `AlmObs`, `EstRegCod`) VALUES ('ALM06', 'Almacen 04', 1, 50000, 'Almacen en buenas Condiciones', 'A');
INSERT INTO `en_p2m_almacen` (`AlmCod`, `AlmDet`, `SucCod`, `AlmVolTot`, `AlmObs`, `EstRegCod`) VALUES ('ALM07', 'Almacen 05', 1, 50000, 'Almacen en buenas Condiciones', 'A');
INSERT INTO `en_p2m_almacen` (`AlmCod`, `AlmDet`, `SucCod`, `AlmVolTot`, `AlmObs`, `EstRegCod`) VALUES ('ALM08', 'Almacen 06', 1, 50000, 'En mantenimiento', 'I');
INSERT INTO `en_p2m_almacen` (`AlmCod`, `AlmDet`, `SucCod`, `AlmVolTot`, `AlmObs`, `EstRegCod`) VALUES ('ALM09', 'Almacen 07', 1, 50000, 'En mantenimiento', 'I');
INSERT INTO `en_p2m_almacen` (`AlmCod`, `AlmDet`, `SucCod`, `AlmVolTot`, `AlmObs`, `EstRegCod`) VALUES ('ALM10', 'Almacen 08', 1, 50000, 'Almacen en buenas Condiciones', 'A');

COMMIT;


-- -----------------------------------------------------
-- Data for table `episerp`.`en_p2m_clase_producto`
-- -----------------------------------------------------
START TRANSACTION;
USE `episerp`;
INSERT INTO `en_p2m_clase_producto` (`ClaProCod`, `ClaProDet`, `EstRegCod`) VALUES ('01', 'Carne y Aves', 'A');
INSERT INTO `en_p2m_clase_producto` (`ClaProCod`, `ClaProDet`, `EstRegCod`) VALUES ('02', 'Pescado y Mariscos', 'A');
INSERT INTO `en_p2m_clase_producto` (`ClaProCod`, `ClaProDet`, `EstRegCod`) VALUES ('03', 'Fruta', 'A');
INSERT INTO `en_p2m_clase_producto` (`ClaProCod`, `ClaProDet`, `EstRegCod`) VALUES ('04', 'Verduras y Hortalizas', 'A');
INSERT INTO `en_p2m_clase_producto` (`ClaProCod`, `ClaProDet`, `EstRegCod`) VALUES ('05', 'Cereales', 'A');
INSERT INTO `en_p2m_clase_producto` (`ClaProCod`, `ClaProDet`, `EstRegCod`) VALUES ('06', 'Bebidas','A');
INSERT INTO `en_p2m_clase_producto` (`ClaProCod`, `ClaProDet`, `EstRegCod`) VALUES ('07', 'Aceite','A');
INSERT INTO `en_p2m_clase_producto` (`ClaProCod`, `ClaProDet`, `EstRegCod`) VALUES ('08', 'Conservas','A');
INSERT INTO `en_p2m_clase_producto` (`ClaProCod`, `ClaProDet`, `EstRegCod`) VALUES ('09', 'Embutidos','A');
INSERT INTO `en_p2m_clase_producto` (`ClaProCod`, `ClaProDet`, `EstRegCod`) VALUES ('10', 'Helados','A');
INSERT INTO `en_p2m_clase_producto` (`ClaProCod`, `ClaProDet`, `EstRegCod`) VALUES ('11', 'Lacteos','A');
INSERT INTO `en_p2m_clase_producto` (`ClaProCod`, `ClaProDet`, `EstRegCod`) VALUES ('12', 'Golosinas','A');

COMMIT;


-- -----------------------------------------------------
-- Data for table `episerp`.`en_p2m_subclase_producto`
-- -----------------------------------------------------
START TRANSACTION;
USE `episerp`;
INSERT INTO `en_p2m_subclase_producto` (`ClaProCod`, `SubClaProCod`, `SubClaProDet`, `EstRegCod`) VALUES ('01', '01', 'Cerdo', 'A');
INSERT INTO `en_p2m_subclase_producto` (`ClaProCod`, `SubClaProCod`, `SubClaProDet`, `EstRegCod`) VALUES ('01', '02', 'Pavo', 'A');
INSERT INTO `en_p2m_subclase_producto` (`ClaProCod`, `SubClaProCod`, `SubClaProDet`, `EstRegCod`) VALUES ('01', '03', 'Pollo', 'A');
INSERT INTO `en_p2m_subclase_producto` (`ClaProCod`, `SubClaProCod`, `SubClaProDet`, `EstRegCod`) VALUES ('01', '04', 'Res', 'A');

INSERT INTO `en_p2m_subclase_producto` (`ClaProCod`, `SubClaProCod`, `SubClaProDet`, `EstRegCod`) VALUES ('02', '01', 'Pescado Fresco', 'A');
INSERT INTO `en_p2m_subclase_producto` (`ClaProCod`, `SubClaProCod`, `SubClaProDet`, `EstRegCod`) VALUES ('02', '02', 'Surimi, gulas y derivados', 'A');
INSERT INTO `en_p2m_subclase_producto` (`ClaProCod`, `SubClaProCod`, `SubClaProDet`, `EstRegCod`) VALUES ('02', '03', 'Ahumados', 'A');

INSERT INTO `en_p2m_subclase_producto` (`ClaProCod`, `SubClaProCod`, `SubClaProDet`, `EstRegCod`) VALUES ('03', '01', 'Citricos', 'A');
INSERT INTO `en_p2m_subclase_producto` (`ClaProCod`, `SubClaProCod`, `SubClaProDet`, `EstRegCod`) VALUES ('03', '02', 'Frutas de grano', 'A');
INSERT INTO `en_p2m_subclase_producto` (`ClaProCod`, `SubClaProCod`, `SubClaProDet`, `EstRegCod`) VALUES ('03', '03', 'Exoticas', 'A');

INSERT INTO `en_p2m_subclase_producto` (`ClaProCod`, `SubClaProCod`, `SubClaProDet`, `EstRegCod`) VALUES ('04', '01', 'Ajo y Cebolla', 'A');
INSERT INTO `en_p2m_subclase_producto` (`ClaProCod`, `SubClaProCod`, `SubClaProDet`, `EstRegCod`) VALUES ('04', '02', 'Brocoli y Coliflor', 'A');
INSERT INTO `en_p2m_subclase_producto` (`ClaProCod`, `SubClaProCod`, `SubClaProDet`, `EstRegCod`) VALUES ('04', '03', 'Tomates', 'A');

INSERT INTO `en_p2m_subclase_producto` (`ClaProCod`, `SubClaProCod`, `SubClaProDet`, `EstRegCod`) VALUES ('05', '01', 'Barritas Cereales', 'A');
INSERT INTO `en_p2m_subclase_producto` (`ClaProCod`, `SubClaProCod`, `SubClaProDet`, `EstRegCod`) VALUES ('05', '02', 'Cereales Familiares', 'A');
INSERT INTO `en_p2m_subclase_producto` (`ClaProCod`, `SubClaProCod`, `SubClaProDet`, `EstRegCod`) VALUES ('05', '03', 'Cereales infantiles', 'A');

INSERT INTO `en_p2m_subclase_producto` (`ClaProCod`, `SubClaProCod`, `SubClaProDet`, `EstRegCod`) VALUES ('06', '01', 'Gaseosas', 'A');
INSERT INTO `en_p2m_subclase_producto` (`ClaProCod`, `SubClaProCod`, `SubClaProDet`, `EstRegCod`) VALUES ('06', '02', 'Jugos', 'A');
INSERT INTO `en_p2m_subclase_producto` (`ClaProCod`, `SubClaProCod`, `SubClaProDet`, `EstRegCod`) VALUES ('06', '03', 'Bebidas Energizantes', 'A');
INSERT INTO `en_p2m_subclase_producto` (`ClaProCod`, `SubClaProCod`, `SubClaProDet`, `EstRegCod`) VALUES ('06', '04', 'Refrescos', 'A');

INSERT INTO `en_p2m_subclase_producto` (`ClaProCod`, `SubClaProCod`, `SubClaProDet`, `EstRegCod`) VALUES ('07', '01', 'Aceites Vegetales', 'A');
INSERT INTO `en_p2m_subclase_producto` (`ClaProCod`, `SubClaProCod`, `SubClaProDet`, `EstRegCod`) VALUES ('07', '02', 'Aceites Animales', 'A');
INSERT INTO `en_p2m_subclase_producto` (`ClaProCod`, `SubClaProCod`, `SubClaProDet`, `EstRegCod`) VALUES ('07', '03', 'Aceites Minerales', 'A');

INSERT INTO `en_p2m_subclase_producto` (`ClaProCod`, `SubClaProCod`, `SubClaProDet`, `EstRegCod`) VALUES ('08', '01', 'Confitura','A');
INSERT INTO `en_p2m_subclase_producto` (`ClaProCod`, `SubClaProCod`, `SubClaProDet`, `EstRegCod`) VALUES ('08', '02', 'Mermelada','A');
INSERT INTO `en_p2m_subclase_producto` (`ClaProCod`, `SubClaProCod`, `SubClaProDet`, `EstRegCod`) VALUES ('08', '03', 'Frutas en almibar', 'A');

INSERT INTO `en_p2m_subclase_producto` (`ClaProCod`, `SubClaProCod`, `SubClaProDet`, `EstRegCod`) VALUES ('09' ,'01', 'Embutidos Frescos', 'A');
INSERT INTO `en_p2m_subclase_producto` (`ClaProCod`, `SubClaProCod`, `SubClaProDet`, `EstRegCod`) VALUES ('09', '02', 'Embutidos cocidos', 'A');
INSERT INTO `en_p2m_subclase_producto` (`ClaProCod`, `SubClaProCod`, `SubClaProDet`, `EstRegCod`) VALUES ('09', '03', 'Embutidos secos o semisecos', 'A');

INSERT INTO `en_p2m_subclase_producto` (`ClaProCod`, `SubClaProCod`, `SubClaProDet`, `EstRegCod`) VALUES ('10' ,'01', 'Helados de crema', 'A');
INSERT INTO `en_p2m_subclase_producto` (`ClaProCod`, `SubClaProCod`, `SubClaProDet`, `EstRegCod`) VALUES ('10', '02', 'Helados de leche', 'A');
INSERT INTO `en_p2m_subclase_producto` (`ClaProCod`, `SubClaProCod`, `SubClaProDet`, `EstRegCod`) VALUES ('10', '03', 'Helados de leche desnatada', 'A');

INSERT INTO `en_p2m_subclase_producto` (`ClaProCod`, `SubClaProCod`, `SubClaProDet`, `EstRegCod`) VALUES ('11' ,'01', 'Leche entera', 'A');
INSERT INTO `en_p2m_subclase_producto` (`ClaProCod`, `SubClaProCod`, `SubClaProDet`, `EstRegCod`) VALUES ('11', '02', 'Leche semidescremada', 'A');
INSERT INTO `en_p2m_subclase_producto` (`ClaProCod`, `SubClaProCod`, `SubClaProDet`, `EstRegCod`) VALUES ('11', '03', 'Leche descremada', 'A');
INSERT INTO `en_p2m_subclase_producto` (`ClaProCod`, `SubClaProCod`, `SubClaProDet`, `EstRegCod`) VALUES ('11', '04', 'Leche sin lactosa', 'A');

INSERT INTO `en_p2m_subclase_producto` (`ClaProCod`, `SubClaProCod`, `SubClaProDet`, `EstRegCod`) VALUES ('12', '01', 'Caramelo', 'A');
INSERT INTO `en_p2m_subclase_producto` (`ClaProCod`, `SubClaProCod`, `SubClaProDet`, `EstRegCod`) VALUES ('12', '02', 'Chicles', 'A');
INSERT INTO `en_p2m_subclase_producto` (`ClaProCod`, `SubClaProCod`, `SubClaProDet`, `EstRegCod`) VALUES ('12', '03', 'Gomitas', 'A');
INSERT INTO `en_p2m_subclase_producto` (`ClaProCod`, `SubClaProCod`, `SubClaProDet`, `EstRegCod`) VALUES ('12', '04', 'Chocolate', 'A');
INSERT INTO `en_p2m_subclase_producto` (`ClaProCod`, `SubClaProCod`, `SubClaProDet`, `EstRegCod`) VALUES ('12', '05', 'Toffie', 'A');

COMMIT;


-- -----------------------------------------------------
-- Data for table `episerp`.`en_p1m_cartera_clientes`
-- -----------------------------------------------------
START TRANSACTION;
USE `episerp`;
INSERT INTO `en_p1m_cartera_clientes` (`UsuCod`,`CliCod`,`UsuCliDes`,`UsuCliEstReg`) VALUES (22,15,"Racionales","A");
INSERT INTO `en_p1m_cartera_clientes` (`UsuCod`,`CliCod`,`UsuCliDes`,`UsuCliEstReg`) VALUES (8,9,"Estrella","A");
INSERT INTO `en_p1m_cartera_clientes` (`UsuCod`,`CliCod`,`UsuCliDes`,`UsuCliEstReg`) VALUES (26,5,"Estatus","A");
INSERT INTO `en_p1m_cartera_clientes` (`UsuCod`,`CliCod`,`UsuCliDes`,`UsuCliEstReg`) VALUES (11,13,"Racionales","A");
INSERT INTO `en_p1m_cartera_clientes` (`UsuCod`,`CliCod`,`UsuCliDes`,`UsuCliEstReg`) VALUES (14,9,"Racionales","A");
INSERT INTO `en_p1m_cartera_clientes` (`UsuCod`,`CliCod`,`UsuCliDes`,`UsuCliEstReg`) VALUES (13,9,"Racionales","A");
INSERT INTO `en_p1m_cartera_clientes` (`UsuCod`,`CliCod`,`UsuCliDes`,`UsuCliEstReg`) VALUES (5,6,"Estrella","A");
INSERT INTO `en_p1m_cartera_clientes` (`UsuCod`,`CliCod`,`UsuCliDes`,`UsuCliEstReg`) VALUES (26,8,"Estrella","A");
INSERT INTO `en_p1m_cartera_clientes` (`UsuCod`,`CliCod`,`UsuCliDes`,`UsuCliEstReg`) VALUES (10,3,"Estrategicos","A");
INSERT INTO `en_p1m_cartera_clientes` (`UsuCod`,`CliCod`,`UsuCliDes`,`UsuCliEstReg`) VALUES (12,18,"Estatus","A");
INSERT INTO `en_p1m_cartera_clientes` (`UsuCod`,`CliCod`,`UsuCliDes`,`UsuCliEstReg`) VALUES (1,16,"Estatus","A");
INSERT INTO `en_p1m_cartera_clientes` (`UsuCod`,`CliCod`,`UsuCliDes`,`UsuCliEstReg`) VALUES (17,5,"Estrella","A");
INSERT INTO `en_p1m_cartera_clientes` (`UsuCod`,`CliCod`,`UsuCliDes`,`UsuCliEstReg`) VALUES (25,17,"Estrella","A");
INSERT INTO `en_p1m_cartera_clientes` (`UsuCod`,`CliCod`,`UsuCliDes`,`UsuCliEstReg`) VALUES (4,9,"Racionales","A");
INSERT INTO `en_p1m_cartera_clientes` (`UsuCod`,`CliCod`,`UsuCliDes`,`UsuCliEstReg`) VALUES (24,14,"Estatus","A");
INSERT INTO `en_p1m_cartera_clientes` (`UsuCod`,`CliCod`,`UsuCliDes`,`UsuCliEstReg`) VALUES (10,8,"Estrella","A");
INSERT INTO `en_p1m_cartera_clientes` (`UsuCod`,`CliCod`,`UsuCliDes`,`UsuCliEstReg`) VALUES (3,7,"Estatus","A");
INSERT INTO `en_p1m_cartera_clientes` (`UsuCod`,`CliCod`,`UsuCliDes`,`UsuCliEstReg`) VALUES (9,12,"Racionales","A");
INSERT INTO `en_p1m_cartera_clientes` (`UsuCod`,`CliCod`,`UsuCliDes`,`UsuCliEstReg`) VALUES (30,4,"Estrella","A");
INSERT INTO `en_p1m_cartera_clientes` (`UsuCod`,`CliCod`,`UsuCliDes`,`UsuCliEstReg`) VALUES (30,9,"Racionales","A");
INSERT INTO `en_p1m_cartera_clientes` (`UsuCod`,`CliCod`,`UsuCliDes`,`UsuCliEstReg`) VALUES (5,2,"Estatus","A");
INSERT INTO `en_p1m_cartera_clientes` (`UsuCod`,`CliCod`,`UsuCliDes`,`UsuCliEstReg`) VALUES (18,11,"Racionales","A");
INSERT INTO `en_p1m_cartera_clientes` (`UsuCod`,`CliCod`,`UsuCliDes`,`UsuCliEstReg`) VALUES (14,11,"Estrella","A");
INSERT INTO `en_p1m_cartera_clientes` (`UsuCod`,`CliCod`,`UsuCliDes`,`UsuCliEstReg`) VALUES (23,17,"Estrella","A");
INSERT INTO `en_p1m_cartera_clientes` (`UsuCod`,`CliCod`,`UsuCliDes`,`UsuCliEstReg`) VALUES (5,15,"Estrategicos","A");
INSERT INTO `en_p1m_cartera_clientes` (`UsuCod`,`CliCod`,`UsuCliDes`,`UsuCliEstReg`) VALUES (15,15,"Estrategicos","A");
INSERT INTO `en_p1m_cartera_clientes` (`UsuCod`,`CliCod`,`UsuCliDes`,`UsuCliEstReg`) VALUES (2,11,"Racionales","A");
INSERT INTO `en_p1m_cartera_clientes` (`UsuCod`,`CliCod`,`UsuCliDes`,`UsuCliEstReg`) VALUES (23,1,"Estatus","A");
INSERT INTO `en_p1m_cartera_clientes` (`UsuCod`,`CliCod`,`UsuCliDes`,`UsuCliEstReg`) VALUES (10,12,"Estrella","A");
INSERT INTO `en_p1m_cartera_clientes` (`UsuCod`,`CliCod`,`UsuCliDes`,`UsuCliEstReg`) VALUES (29,10,"Estatus","A");
INSERT INTO `en_p1m_cartera_clientes` (`UsuCod`,`CliCod`,`UsuCliDes`,`UsuCliEstReg`) VALUES (4,4,"Estrella","A");
INSERT INTO `en_p1m_cartera_clientes` (`UsuCod`,`CliCod`,`UsuCliDes`,`UsuCliEstReg`) VALUES (2,5,"Estrella","A");
INSERT INTO `en_p1m_cartera_clientes` (`UsuCod`,`CliCod`,`UsuCliDes`,`UsuCliEstReg`) VALUES (12,17,"Estrella","A");
INSERT INTO `en_p1m_cartera_clientes` (`UsuCod`,`CliCod`,`UsuCliDes`,`UsuCliEstReg`) VALUES (12,1,"Estrella","A");
INSERT INTO `en_p1m_cartera_clientes` (`UsuCod`,`CliCod`,`UsuCliDes`,`UsuCliEstReg`) VALUES (1,11,"Racionales","A");
INSERT INTO `en_p1m_cartera_clientes` (`UsuCod`,`CliCod`,`UsuCliDes`,`UsuCliEstReg`) VALUES (11,8,"Estrella","A");
INSERT INTO `en_p1m_cartera_clientes` (`UsuCod`,`CliCod`,`UsuCliDes`,`UsuCliEstReg`) VALUES (23,16,"Estrella","A");
INSERT INTO `en_p1m_cartera_clientes` (`UsuCod`,`CliCod`,`UsuCliDes`,`UsuCliEstReg`) VALUES (20,18,"Estrategicos","A");
INSERT INTO `en_p1m_cartera_clientes` (`UsuCod`,`CliCod`,`UsuCliDes`,`UsuCliEstReg`) VALUES (19,12,"Estrella","A");
INSERT INTO `en_p1m_cartera_clientes` (`UsuCod`,`CliCod`,`UsuCliDes`,`UsuCliEstReg`) VALUES (9,5,"Estrategicos","A");
INSERT INTO `en_p1m_cartera_clientes` (`UsuCod`,`CliCod`,`UsuCliDes`,`UsuCliEstReg`) VALUES (29,4,"Estatus","A");
INSERT INTO `en_p1m_cartera_clientes` (`UsuCod`,`CliCod`,`UsuCliDes`,`UsuCliEstReg`) VALUES (11,5,"Estatus","A");
INSERT INTO `en_p1m_cartera_clientes` (`UsuCod`,`CliCod`,`UsuCliDes`,`UsuCliEstReg`) VALUES (28,4,"Estatus","A");
INSERT INTO `en_p1m_cartera_clientes` (`UsuCod`,`CliCod`,`UsuCliDes`,`UsuCliEstReg`) VALUES (8,5,"Racionales","A");
INSERT INTO `en_p1m_cartera_clientes` (`UsuCod`,`CliCod`,`UsuCliDes`,`UsuCliEstReg`) VALUES (19,16,"Racionales","A");
INSERT INTO `en_p1m_cartera_clientes` (`UsuCod`,`CliCod`,`UsuCliDes`,`UsuCliEstReg`) VALUES (28,8,"Racionales","A");
INSERT INTO `en_p1m_cartera_clientes` (`UsuCod`,`CliCod`,`UsuCliDes`,`UsuCliEstReg`) VALUES (17,7,"Estrategicos","A");
INSERT INTO `en_p1m_cartera_clientes` (`UsuCod`,`CliCod`,`UsuCliDes`,`UsuCliEstReg`) VALUES (1,3,"Estrategicos","A");
INSERT INTO `en_p1m_cartera_clientes` (`UsuCod`,`CliCod`,`UsuCliDes`,`UsuCliEstReg`) VALUES (27,6,"Estrategicos","A");
INSERT INTO `en_p1m_cartera_clientes` (`UsuCod`,`CliCod`,`UsuCliDes`,`UsuCliEstReg`) VALUES (21,16,"Racionales","A");
INSERT INTO `en_p1m_cartera_clientes` (`UsuCod`,`CliCod`,`UsuCliDes`,`UsuCliEstReg`) VALUES (1,2,"Racionales","A");
INSERT INTO `en_p1m_cartera_clientes` (`UsuCod`,`CliCod`,`UsuCliDes`,`UsuCliEstReg`) VALUES (9,16,"Estatus","A");
INSERT INTO `en_p1m_cartera_clientes` (`UsuCod`,`CliCod`,`UsuCliDes`,`UsuCliEstReg`) VALUES (28,1,"Estrategicos","A");
INSERT INTO `en_p1m_cartera_clientes` (`UsuCod`,`CliCod`,`UsuCliDes`,`UsuCliEstReg`) VALUES (5,5,"Estrategicos","A");
INSERT INTO `en_p1m_cartera_clientes` (`UsuCod`,`CliCod`,`UsuCliDes`,`UsuCliEstReg`) VALUES (12,16,"Estrella","A");
INSERT INTO `en_p1m_cartera_clientes` (`UsuCod`,`CliCod`,`UsuCliDes`,`UsuCliEstReg`) VALUES (30,14,"Estrella","A");
INSERT INTO `en_p1m_cartera_clientes` (`UsuCod`,`CliCod`,`UsuCliDes`,`UsuCliEstReg`) VALUES (9,18,"Estatus","A");
INSERT INTO `en_p1m_cartera_clientes` (`UsuCod`,`CliCod`,`UsuCliDes`,`UsuCliEstReg`) VALUES (27,8,"Estatus","A");
INSERT INTO `en_p1m_cartera_clientes` (`UsuCod`,`CliCod`,`UsuCliDes`,`UsuCliEstReg`) VALUES (30,11,"Estrategicos","A");
INSERT INTO `en_p1m_cartera_clientes` (`UsuCod`,`CliCod`,`UsuCliDes`,`UsuCliEstReg`) VALUES (24,5,"Racionales","A");
INSERT INTO `en_p1m_cartera_clientes` (`UsuCod`,`CliCod`,`UsuCliDes`,`UsuCliEstReg`) VALUES (19,2,"Estatus","A");
INSERT INTO `en_p1m_cartera_clientes` (`UsuCod`,`CliCod`,`UsuCliDes`,`UsuCliEstReg`) VALUES (16,18,"Estrella","A");
INSERT INTO `en_p1m_cartera_clientes` (`UsuCod`,`CliCod`,`UsuCliDes`,`UsuCliEstReg`) VALUES (17,20,"Racionales","A");
INSERT INTO `en_p1m_cartera_clientes` (`UsuCod`,`CliCod`,`UsuCliDes`,`UsuCliEstReg`) VALUES (18,7,"Estrategicos","A");
INSERT INTO `en_p1m_cartera_clientes` (`UsuCod`,`CliCod`,`UsuCliDes`,`UsuCliEstReg`) VALUES (29,17,"Estatus","A");
INSERT INTO `en_p1m_cartera_clientes` (`UsuCod`,`CliCod`,`UsuCliDes`,`UsuCliEstReg`) VALUES (22,5,"Estatus","A");
INSERT INTO `en_p1m_cartera_clientes` (`UsuCod`,`CliCod`,`UsuCliDes`,`UsuCliEstReg`) VALUES (4,10,"Estrategicos","A");
INSERT INTO `en_p1m_cartera_clientes` (`UsuCod`,`CliCod`,`UsuCliDes`,`UsuCliEstReg`) VALUES (26,13,"Estrategicos","A");
INSERT INTO `en_p1m_cartera_clientes` (`UsuCod`,`CliCod`,`UsuCliDes`,`UsuCliEstReg`) VALUES (13,14,"Estrella","A");
INSERT INTO `en_p1m_cartera_clientes` (`UsuCod`,`CliCod`,`UsuCliDes`,`UsuCliEstReg`) VALUES (15,10,"Racionales","A");
INSERT INTO `en_p1m_cartera_clientes` (`UsuCod`,`CliCod`,`UsuCliDes`,`UsuCliEstReg`) VALUES (23,5,"Estatus","A");
INSERT INTO `en_p1m_cartera_clientes` (`UsuCod`,`CliCod`,`UsuCliDes`,`UsuCliEstReg`) VALUES (21,17,"Estrella","A");
INSERT INTO `en_p1m_cartera_clientes` (`UsuCod`,`CliCod`,`UsuCliDes`,`UsuCliEstReg`) VALUES (4,12,"Estrella","A");
INSERT INTO `en_p1m_cartera_clientes` (`UsuCod`,`CliCod`,`UsuCliDes`,`UsuCliEstReg`) VALUES (4,18,"Estrella","A");
INSERT INTO `en_p1m_cartera_clientes` (`UsuCod`,`CliCod`,`UsuCliDes`,`UsuCliEstReg`) VALUES (21,3,"Estatus","A");
INSERT INTO `en_p1m_cartera_clientes` (`UsuCod`,`CliCod`,`UsuCliDes`,`UsuCliEstReg`) VALUES (26,15,"Estrella","A");
INSERT INTO `en_p1m_cartera_clientes` (`UsuCod`,`CliCod`,`UsuCliDes`,`UsuCliEstReg`) VALUES (5,8,"Estatus","A");
INSERT INTO `en_p1m_cartera_clientes` (`UsuCod`,`CliCod`,`UsuCliDes`,`UsuCliEstReg`) VALUES (14,18,"Estrategicos","A");
INSERT INTO `en_p1m_cartera_clientes` (`UsuCod`,`CliCod`,`UsuCliDes`,`UsuCliEstReg`) VALUES (4,15,"Estrella","A");
INSERT INTO `en_p1m_cartera_clientes` (`UsuCod`,`CliCod`,`UsuCliDes`,`UsuCliEstReg`) VALUES (11,11,"Racionales","A");
INSERT INTO `en_p1m_cartera_clientes` (`UsuCod`,`CliCod`,`UsuCliDes`,`UsuCliEstReg`) VALUES (16,4,"Estrella","A");
INSERT INTO `en_p1m_cartera_clientes` (`UsuCod`,`CliCod`,`UsuCliDes`,`UsuCliEstReg`) VALUES (3,20,"Estatus","A");
INSERT INTO `en_p1m_cartera_clientes` (`UsuCod`,`CliCod`,`UsuCliDes`,`UsuCliEstReg`) VALUES (29,16,"Racionales","A");
INSERT INTO `en_p1m_cartera_clientes` (`UsuCod`,`CliCod`,`UsuCliDes`,`UsuCliEstReg`) VALUES (29,18,"Estrella","A");
INSERT INTO `en_p1m_cartera_clientes` (`UsuCod`,`CliCod`,`UsuCliDes`,`UsuCliEstReg`) VALUES (15,8,"Estrella","A");
INSERT INTO `en_p1m_cartera_clientes` (`UsuCod`,`CliCod`,`UsuCliDes`,`UsuCliEstReg`) VALUES (26,10,"Estrategicos","A");
INSERT INTO `en_p1m_cartera_clientes` (`UsuCod`,`CliCod`,`UsuCliDes`,`UsuCliEstReg`) VALUES (10,1,"Estrella","A");
INSERT INTO `en_p1m_cartera_clientes` (`UsuCod`,`CliCod`,`UsuCliDes`,`UsuCliEstReg`) VALUES (10,18,"Estrella","A");
INSERT INTO `en_p1m_cartera_clientes` (`UsuCod`,`CliCod`,`UsuCliDes`,`UsuCliEstReg`) VALUES (27,4,"Estatus","A");
INSERT INTO `en_p1m_cartera_clientes` (`UsuCod`,`CliCod`,`UsuCliDes`,`UsuCliEstReg`) VALUES (24,10,"Estrategicos","A");
INSERT INTO `en_p1m_cartera_clientes` (`UsuCod`,`CliCod`,`UsuCliDes`,`UsuCliEstReg`) VALUES (14,3,"Estrategicos","A");
INSERT INTO `en_p1m_cartera_clientes` (`UsuCod`,`CliCod`,`UsuCliDes`,`UsuCliEstReg`) VALUES (7,1,"Estrella","A");
INSERT INTO `en_p1m_cartera_clientes` (`UsuCod`,`CliCod`,`UsuCliDes`,`UsuCliEstReg`) VALUES (14,2,"Racionales","A");
INSERT INTO `en_p1m_cartera_clientes` (`UsuCod`,`CliCod`,`UsuCliDes`,`UsuCliEstReg`) VALUES (24,18,"Racionales","A");
INSERT INTO `en_p1m_cartera_clientes` (`UsuCod`,`CliCod`,`UsuCliDes`,`UsuCliEstReg`) VALUES (6,16,"Estrategicos","A");
INSERT INTO `en_p1m_cartera_clientes` (`UsuCod`,`CliCod`,`UsuCliDes`,`UsuCliEstReg`) VALUES (3,18,"Racionales","A");
INSERT INTO `en_p1m_cartera_clientes` (`UsuCod`,`CliCod`,`UsuCliDes`,`UsuCliEstReg`) VALUES (8,18,"Estatus","A");
INSERT INTO `en_p1m_cartera_clientes` (`UsuCod`,`CliCod`,`UsuCliDes`,`UsuCliEstReg`) VALUES (9,1,"Racionales","A");
INSERT INTO `en_p1m_cartera_clientes` (`UsuCod`,`CliCod`,`UsuCliDes`,`UsuCliEstReg`) VALUES (7,2,"Estrategicos","A");
INSERT INTO `en_p1m_cartera_clientes` (`UsuCod`,`CliCod`,`UsuCliDes`,`UsuCliEstReg`) VALUES (2,1,"Estrategicos","A");

COMMIT;

-- -----------------------------------------------------
-- Data for table `episerp`.`en_p2m_producto`
-- -----------------------------------------------------
START TRANSACTION;
USE `episerp`;

INSERT INTO `episerp`.`en_p2m_producto` (`ClaProCod`, `SubClaProCod`, `ProCod`, `ProCodBar`, `AlmCod`, `ProDet`, `UniMedCod`, `ProPreUniVen`, `ProPreUniCom`, `ProPreUniMar`, `ProPreUniFle`, `MonCod`, `ProStk`, `ProStkRea`, `ProStkPreVen`, `VolUniAlm`, `ProStkMin`, `ProStkMax`, `ProObs`, `EstRegCod`, `ProPesNet`) VALUES ('01','01','Cerdo1kg','7755523010128','ALM01','cerdo de 1kg','6','15.5','15.6','15.7','15.8','9','120','120','50','100','10','100','Ninguna','A','31');
INSERT INTO `episerp`.`en_p2m_producto` (`ClaProCod`, `SubClaProCod`, `ProCod`, `ProCodBar`, `AlmCod`, `ProDet`, `UniMedCod`, `ProPreUniVen`, `ProPreUniCom`, `ProPreUniMar`, `ProPreUniFle`, `MonCod`, `ProStk`, `ProStkRea`, `ProStkPreVen`, `VolUniAlm`, `ProStkMin`, `ProStkMax`, `ProObs`, `EstRegCod`, `ProPesNet`) VALUES ('01','01','CerdoRollos','7755523010137','ALM01','cerdo en rollos','6','11.5','11.6','11.7','11.8','9','100','100','50','100','10','100','Ninguna','A','26');
INSERT INTO `episerp`.`en_p2m_producto` (`ClaProCod`, `SubClaProCod`, `ProCod`, `ProCodBar`, `AlmCod`, `ProDet`, `UniMedCod`, `ProPreUniVen`, `ProPreUniCom`, `ProPreUniMar`, `ProPreUniFle`, `MonCod`, `ProStk`, `ProStkRea`, `ProStkPreVen`, `VolUniAlm`, `ProStkMin`, `ProStkMax`, `ProObs`, `EstRegCod`, `ProPesNet`) VALUES ('01','01','ChuletaCerdo','7755523010146','ALM01','chuleta de cerdo','6','15.5','15.6','15.7','15.8','9','120','120','50','100','10','100','Ninguna','A','34');
INSERT INTO `episerp`.`en_p2m_producto` (`ClaProCod`, `SubClaProCod`, `ProCod`, `ProCodBar`, `AlmCod`, `ProDet`, `UniMedCod`, `ProPreUniVen`, `ProPreUniCom`, `ProPreUniMar`, `ProPreUniFle`, `MonCod`, `ProStk`, `ProStkRea`, `ProStkPreVen`, `VolUniAlm`, `ProStkMin`, `ProStkMax`, `ProObs`, `EstRegCod`, `ProPesNet`) VALUES ('01','02','CarnePavo1kg','7755523010216','ALM01','carne de pavo 1kg','6','15.5','15.6','15.7','15.8','9','120','120','50','100','10','100','Ninguna','A','34');
INSERT INTO `episerp`.`en_p2m_producto` (`ClaProCod`, `SubClaProCod`, `ProCod`, `ProCodBar`, `AlmCod`, `ProDet`, `UniMedCod`, `ProPreUniVen`, `ProPreUniCom`, `ProPreUniMar`, `ProPreUniFle`, `MonCod`, `ProStk`, `ProStkRea`, `ProStkPreVen`, `VolUniAlm`, `ProStkMin`, `ProStkMax`, `ProObs`, `EstRegCod`, `ProPesNet`) VALUES ('01','02','CarnePavo1/2kg','7755523010225','ALM01','carne de pavo 1/2kg','6','7.5','7.6','7.7','7.8','9','120','120','50','100','10','100','Ninguna','A','25');
INSERT INTO `episerp`.`en_p2m_producto` (`ClaProCod`, `SubClaProCod`, `ProCod`, `ProCodBar`, `AlmCod`, `ProDet`, `UniMedCod`, `ProPreUniVen`, `ProPreUniCom`, `ProPreUniMar`, `ProPreUniFle`, `MonCod`, `ProStk`, `ProStkRea`, `ProStkPreVen`, `VolUniAlm`, `ProStkMin`, `ProStkMax`, `ProObs`, `EstRegCod`, `ProPesNet`) VALUES ('01','02','PaPaCeNavid','7755523010234','ALM01','pavo para cena navideña','6','15.5','15.6','15.7','15.8','9','120','120','50','100','10','100','Ninguna','A','19');
INSERT INTO `episerp`.`en_p2m_producto` (`ClaProCod`, `SubClaProCod`, `ProCod`, `ProCodBar`, `AlmCod`, `ProDet`, `UniMedCod`, `ProPreUniVen`, `ProPreUniCom`, `ProPreUniMar`, `ProPreUniFle`, `MonCod`, `ProStk`, `ProStkRea`, `ProStkPreVen`, `VolUniAlm`, `ProStkMin`, `ProStkMax`, `ProObs`, `EstRegCod`, `ProPesNet`) VALUES ('01','03','AlasPollo','7755523010313','ALM01','alas de pollo','6','6.5','6.6','6.7','6.8','9','120','120','50','100','10','100','Ninguna','A','11');
INSERT INTO `episerp`.`en_p2m_producto` (`ClaProCod`, `SubClaProCod`, `ProCod`, `ProCodBar`, `AlmCod`, `ProDet`, `UniMedCod`, `ProPreUniVen`, `ProPreUniCom`, `ProPreUniMar`, `ProPreUniFle`, `MonCod`, `ProStk`, `ProStkRea`, `ProStkPreVen`, `VolUniAlm`, `ProStkMin`, `ProStkMax`, `ProObs`, `EstRegCod`, `ProPesNet`) VALUES ('01','03','PiernasPollo','7755523010322','ALM01','piernas de pollo','6','7.5','7.6','7.7','7.8','2','120','120','50','100','10','100','Ninguna','A','21');
INSERT INTO `episerp`.`en_p2m_producto` (`ClaProCod`, `SubClaProCod`, `ProCod`, `ProCodBar`, `AlmCod`, `ProDet`, `UniMedCod`, `ProPreUniVen`, `ProPreUniCom`, `ProPreUniMar`, `ProPreUniFle`, `MonCod`, `ProStk`, `ProStkRea`, `ProStkPreVen`, `VolUniAlm`, `ProStkMin`, `ProStkMax`, `ProObs`, `EstRegCod`, `ProPesNet`) VALUES ('01','03','PechugaPollo','7755523010331','ALM01','pechuga de pollo','6','7.5','7.6','7.7','7.8','2','120','120','50','100','10','100','Ninguna','A','12');
INSERT INTO `episerp`.`en_p2m_producto` (`ClaProCod`, `SubClaProCod`, `ProCod`, `ProCodBar`, `AlmCod`, `ProDet`, `UniMedCod`, `ProPreUniVen`, `ProPreUniCom`, `ProPreUniMar`, `ProPreUniFle`, `MonCod`, `ProStk`, `ProStkRea`, `ProStkPreVen`, `VolUniAlm`, `ProStkMin`, `ProStkMax`, `ProObs`, `EstRegCod`, `ProPesNet`) VALUES ('02','01','Bonito','7755523020116','ALM02','bonito','6','10','10.1','10.2','10.3','2','120','120','50','100','10','100','Ninguna','A','12');
INSERT INTO `episerp`.`en_p2m_producto` (`ClaProCod`, `SubClaProCod`, `ProCod`, `ProCodBar`, `AlmCod`, `ProDet`, `UniMedCod`, `ProPreUniVen`, `ProPreUniCom`, `ProPreUniMar`, `ProPreUniFle`, `MonCod`, `ProStk`, `ProStkRea`, `ProStkPreVen`, `VolUniAlm`, `ProStkMin`, `ProStkMax`, `ProObs`, `EstRegCod`, `ProPesNet`) VALUES ('02','01','Corvina','7755523020125','ALM02','corvina','6','8','8.1','8.2','8.3','2','120','120','50','100','10','100','Ninguna','A','10');
INSERT INTO `episerp`.`en_p2m_producto` (`ClaProCod`, `SubClaProCod`, `ProCod`, `ProCodBar`, `AlmCod`, `ProDet`, `UniMedCod`, `ProPreUniVen`, `ProPreUniCom`, `ProPreUniMar`, `ProPreUniFle`, `MonCod`, `ProStk`, `ProStkRea`, `ProStkPreVen`, `VolUniAlm`, `ProStkMin`, `ProStkMax`, `ProObs`, `EstRegCod`, `ProPesNet`) VALUES ('02','01','Furel','7755523020134','ALM02','furel','6','10','10.1','10.2','10.3','2','120','120','50','100','10','100','Ninguna','A','11');
INSERT INTO `episerp`.`en_p2m_producto` (`ClaProCod`, `SubClaProCod`, `ProCod`, `ProCodBar`, `AlmCod`, `ProDet`, `UniMedCod`, `ProPreUniVen`, `ProPreUniCom`, `ProPreUniMar`, `ProPreUniFle`, `MonCod`, `ProStk`, `ProStkRea`, `ProStkPreVen`, `VolUniAlm`, `ProStkMin`, `ProStkMax`, `ProObs`, `EstRegCod`, `ProPesNet`) VALUES ('02','02','GulaNorte','7755523020213','ALM02','gula del norte','6','10','10.1','10.2','10.3','2','120','120','50','100','10','100','Ninguna','A','19');
INSERT INTO `episerp`.`en_p2m_producto` (`ClaProCod`, `SubClaProCod`, `ProCod`, `ProCodBar`, `AlmCod`, `ProDet`, `UniMedCod`, `ProPreUniVen`, `ProPreUniCom`, `ProPreUniMar`, `ProPreUniFle`, `MonCod`, `ProStk`, `ProStkRea`, `ProStkPreVen`, `VolUniAlm`, `ProStkMin`, `ProStkMax`, `ProObs`, `EstRegCod`, `ProPesNet`) VALUES ('02','02','KrisSuriFreRaya','7755523020222','ALM03','krisia surini fresco rayado','4','10','10.1','10.2','10.3','2','120','120','50','100','10','100','Ninguna','A','28');
INSERT INTO `episerp`.`en_p2m_producto` (`ClaProCod`, `SubClaProCod`, `ProCod`, `ProCodBar`, `AlmCod`, `ProDet`, `UniMedCod`, `ProPreUniVen`, `ProPreUniCom`, `ProPreUniMar`, `ProPreUniFle`, `MonCod`, `ProStk`, `ProStkRea`, `ProStkPreVen`, `VolUniAlm`, `ProStkMin`, `ProStkMax`, `ProObs`, `EstRegCod`, `ProPesNet`) VALUES ('02','02','PaliSuri300Gr','7755523020231','ALM03','palitos de surini 300 gr','4','10','10.1','10.2','10.3','2','120','120','50','100','10','100','Ninguna','A','28');
INSERT INTO `episerp`.`en_p2m_producto` (`ClaProCod`, `SubClaProCod`, `ProCod`, `ProCodBar`, `AlmCod`, `ProDet`, `UniMedCod`, `ProPreUniVen`, `ProPreUniCom`, `ProPreUniMar`, `ProPreUniFle`, `MonCod`, `ProStk`, `ProStkRea`, `ProStkPreVen`, `VolUniAlm`, `ProStkMin`, `ProStkMax`, `ProObs`, `EstRegCod`, `ProPesNet`) VALUES ('02','03','SalmAhuma200Gr','7755523020310','ALM03','salmon ahumado 200 gr','4','10','10.1','10.2','10.3','2','120','120','50','100','10','100','Ninguna','A','28');
INSERT INTO `episerp`.`en_p2m_producto` (`ClaProCod`, `SubClaProCod`, `ProCod`, `ProCodBar`, `AlmCod`, `ProDet`, `UniMedCod`, `ProPreUniVen`, `ProPreUniCom`, `ProPreUniMar`, `ProPreUniFle`, `MonCod`, `ProStk`, `ProStkRea`, `ProStkPreVen`, `VolUniAlm`, `ProStkMin`, `ProStkMax`, `ProObs`, `EstRegCod`, `ProPesNet`) VALUES ('02','03','TrucAhuma200Gr','7755523020329','ALM03','trucha ahumada 200 gr','4','10','10.1','10.2','10.3','2','120','120','50','100','10','100','Ninguna','A','23');
INSERT INTO `episerp`.`en_p2m_producto` (`ClaProCod`, `SubClaProCod`, `ProCod`, `ProCodBar`, `AlmCod`, `ProDet`, `UniMedCod`, `ProPreUniVen`, `ProPreUniCom`, `ProPreUniMar`, `ProPreUniFle`, `MonCod`, `ProStk`, `ProStkRea`, `ProStkPreVen`, `VolUniAlm`, `ProStkMin`, `ProStkMax`, `ProObs`, `EstRegCod`, `ProPesNet`) VALUES ('02','03','PimeAhuma100Gr','7755523020338','ALM04','pimenton ahumado 100 gr','4','8','8.1','8.2','8.3','2','120','120','50','100','10','100','Ninguna','A','22');
INSERT INTO `episerp`.`en_p2m_producto` (`ClaProCod`, `SubClaProCod`, `ProCod`, `ProCodBar`, `AlmCod`, `ProDet`, `UniMedCod`, `ProPreUniVen`, `ProPreUniCom`, `ProPreUniMar`, `ProPreUniFle`, `MonCod`, `ProStk`, `ProStkRea`, `ProStkPreVen`, `VolUniAlm`, `ProStkMin`, `ProStkMax`, `ProObs`, `EstRegCod`, `ProPesNet`) VALUES ('03','01','NaraZumoMalla','7755523030113','ALM05','naranja zumo de malla','4','5','5.1','5.2','5.3','2','120','120','50','100','10','100','Ninguna','A','22');
INSERT INTO `episerp`.`en_p2m_producto` (`ClaProCod`, `SubClaProCod`, `ProCod`, `ProCodBar`, `AlmCod`, `ProDet`, `UniMedCod`, `ProPreUniVen`, `ProPreUniCom`, `ProPreUniMar`, `ProPreUniFle`, `MonCod`, `ProStk`, `ProStkRea`, `ProStkPreVen`, `VolUniAlm`, `ProStkMin`, `ProStkMax`, `ProObs`, `EstRegCod`, `ProPesNet`) VALUES ('03','01','Mandarinas1kg','7755523030122','ALM05','mandarinas 1kg','4','5','5.1','5.2','5.3','2','120','120','50','100','10','100','Ninguna','A','32');
INSERT INTO `episerp`.`en_p2m_producto` (`ClaProCod`, `SubClaProCod`, `ProCod`, `ProCodBar`, `AlmCod`, `ProDet`, `UniMedCod`, `ProPreUniVen`, `ProPreUniCom`, `ProPreUniMar`, `ProPreUniFle`, `MonCod`, `ProStk`, `ProStkRea`, `ProStkPreVen`, `VolUniAlm`, `ProStkMin`, `ProStkMax`, `ProObs`, `EstRegCod`, `ProPesNet`) VALUES ('03','01','Limones1kg','7755523030131','ALM05','limones 1kg','4','5','5.1','5.2','5.3','2','120','120','50','100','10','100','Ninguna','A','21');
INSERT INTO `episerp`.`en_p2m_producto` (`ClaProCod`, `SubClaProCod`, `ProCod`, `ProCodBar`, `AlmCod`, `ProDet`, `UniMedCod`, `ProPreUniVen`, `ProPreUniCom`, `ProPreUniMar`, `ProPreUniFle`, `MonCod`, `ProStk`, `ProStkRea`, `ProStkPreVen`, `VolUniAlm`, `ProStkMin`, `ProStkMax`, `ProObs`, `EstRegCod`, `ProPesNet`) VALUES ('03','02','PeBlanca1kg','7755523030210','ALM05','pera blanca 1kg','4','6','6.1','6.2','6.3','2','120','120','50','100','10','100','Ninguna','A','13');
INSERT INTO `episerp`.`en_p2m_producto` (`ClaProCod`, `SubClaProCod`, `ProCod`, `ProCodBar`, `AlmCod`, `ProDet`, `UniMedCod`, `ProPreUniVen`, `ProPreUniCom`, `ProPreUniMar`, `ProPreUniFle`, `MonCod`, `ProStk`, `ProStkRea`, `ProStkPreVen`, `VolUniAlm`, `ProStkMin`, `ProStkMax`, `ProObs`, `EstRegCod`, `ProPesNet`) VALUES ('03','02','ManzaGold240gr','7755523030229','ALM05','manzana golden 240gr','4','6','6.1','6.2','6.3','2','120','120','50','100','10','100','Ninguna','A','14');
INSERT INTO `episerp`.`en_p2m_producto` (`ClaProCod`, `SubClaProCod`, `ProCod`, `ProCodBar`, `AlmCod`, `ProDet`, `UniMedCod`, `ProPreUniVen`, `ProPreUniCom`, `ProPreUniMar`, `ProPreUniFle`, `MonCod`, `ProStk`, `ProStkRea`, `ProStkPreVen`, `VolUniAlm`, `ProStkMin`, `ProStkMax`, `ProObs`, `EstRegCod`, `ProPesNet`) VALUES ('03','02','ManzaRo290gr','7755523030238','ALM05','manzana roja 290gr','4','6','6.1','6.2','6.3','2','120','120','50','100','10','100','Ninguna','A','11');
INSERT INTO `episerp`.`en_p2m_producto` (`ClaProCod`, `SubClaProCod`, `ProCod`, `ProCodBar`, `AlmCod`, `ProDet`, `UniMedCod`, `ProPreUniVen`, `ProPreUniCom`, `ProPreUniMar`, `ProPreUniFle`, `MonCod`, `ProStk`, `ProStkRea`, `ProStkPreVen`, `VolUniAlm`, `ProStkMin`, `ProStkMax`, `ProObs`, `EstRegCod`, `ProPesNet`) VALUES ('04','01','AMorado1kg','7755523040110','ALM06','ajo morado 1kg','4','6','6.1','6.2','6.3','2','120','120','50','100','10','100','Ninguna','A','26');
INSERT INTO `episerp`.`en_p2m_producto` (`ClaProCod`, `SubClaProCod`, `ProCod`, `ProCodBar`, `AlmCod`, `ProDet`, `UniMedCod`, `ProPreUniVen`, `ProPreUniCom`, `ProPreUniMar`, `ProPreUniFle`, `MonCod`, `ProStk`, `ProStkRea`, `ProStkPreVen`, `VolUniAlm`, `ProStkMin`, `ProStkMax`, `ProObs`, `EstRegCod`, `ProPesNet`) VALUES ('04','01','AMoliFras55gr','7755523040129','ALM06','ajo molido frasco 55gr','4','6','6.1','6.2','6.3','2','120','120','50','100','10','100','Ninguna','A','34');
INSERT INTO `episerp`.`en_p2m_producto` (`ClaProCod`, `SubClaProCod`, `ProCod`, `ProCodBar`, `AlmCod`, `ProDet`, `UniMedCod`, `ProPreUniVen`, `ProPreUniCom`, `ProPreUniMar`, `ProPreUniFle`, `MonCod`, `ProStk`, `ProStkRea`, `ProStkPreVen`, `VolUniAlm`, `ProStkMin`, `ProStkMax`, `ProObs`, `EstRegCod`, `ProPesNet`) VALUES ('04','01','SazonadorA43gr','7755523040138','ALM06','sazonador de ajo 43gr','4','6','6.1','6.2','6.3','2','120','120','50','100','10','100','Ninguna','A','24');
INSERT INTO `episerp`.`en_p2m_producto` (`ClaProCod`, `SubClaProCod`, `ProCod`, `ProCodBar`, `AlmCod`, `ProDet`, `UniMedCod`, `ProPreUniVen`, `ProPreUniCom`, `ProPreUniMar`, `ProPreUniFle`, `MonCod`, `ProStk`, `ProStkRea`, `ProStkPreVen`, `VolUniAlm`, `ProStkMin`, `ProStkMax`, `ProObs`, `EstRegCod`, `ProPesNet`) VALUES ('04','02','BrocoPieza500gr','7755523040217','ALM06','brocoli pieza de 500gr','4','6','6.1','6.2','6.3','2','120','120','50','100','10','100','Ninguna','A','18');
INSERT INTO `episerp`.`en_p2m_producto` (`ClaProCod`, `SubClaProCod`, `ProCod`, `ProCodBar`, `AlmCod`, `ProDet`, `UniMedCod`, `ProPreUniVen`, `ProPreUniCom`, `ProPreUniMar`, `ProPreUniFle`, `MonCod`, `ProStk`, `ProStkRea`, `ProStkPreVen`, `VolUniAlm`, `ProStkMin`, `ProStkMax`, `ProObs`, `EstRegCod`, `ProPesNet`) VALUES ('04','02','ColiflBolsa1kg','7755523040226','ALM06','coliflor en bolsa de 1kg','4','6','6.1','6.2','6.3','2','120','120','50','100','10','100','Ninguna','A','26');
INSERT INTO `episerp`.`en_p2m_producto` (`ClaProCod`, `SubClaProCod`, `ProCod`, `ProCodBar`, `AlmCod`, `ProDet`, `UniMedCod`, `ProPreUniVen`, `ProPreUniCom`, `ProPreUniMar`, `ProPreUniFle`, `MonCod`, `ProStk`, `ProStkRea`, `ProStkPreVen`, `VolUniAlm`, `ProStkMin`, `ProStkMax`, `ProObs`, `EstRegCod`, `ProPesNet`) VALUES ('04','02','Repollo1kg','7755523040235','ALM06','repollo 1kg','4','6','6.1','6.2','6.3','2','120','120','50','100','10','100','Ninguna','A','21');
INSERT INTO `episerp`.`en_p2m_producto` (`ClaProCod`, `SubClaProCod`, `ProCod`, `ProCodBar`, `AlmCod`, `ProDet`, `UniMedCod`, `ProPreUniVen`, `ProPreUniCom`, `ProPreUniMar`, `ProPreUniFle`, `MonCod`, `ProStk`, `ProStkRea`, `ProStkPreVen`, `VolUniAlm`, `ProStkMin`, `ProStkMax`, `ProObs`, `EstRegCod`, `ProPesNet`) VALUES ('04','03','TomFitofra500gr','7755523040314','ALM07','tomate fitofrasco de 500gr','4','6','6.1','6.2','6.3','2','120','120','50','100','10','100','Ninguna','A','16');
INSERT INTO `episerp`.`en_p2m_producto` (`ClaProCod`, `SubClaProCod`, `ProCod`, `ProCodBar`, `AlmCod`, `ProDet`, `UniMedCod`, `ProPreUniVen`, `ProPreUniCom`, `ProPreUniMar`, `ProPreUniFle`, `MonCod`, `ProStk`, `ProStkRea`, `ProStkPreVen`, `VolUniAlm`, `ProStkMin`, `ProStkMax`, `ProObs`, `EstRegCod`, `ProPesNet`) VALUES ('04','03','TomFriCase500gr','7755523040323','ALM07','tomate frito casero 500gr','4','6','6.1','6.2','6.3','2','120','120','50','100','10','100','Ninguna','A','27');
INSERT INTO `episerp`.`en_p2m_producto` (`ClaProCod`, `SubClaProCod`, `ProCod`, `ProCodBar`, `AlmCod`, `ProDet`, `UniMedCod`, `ProPreUniVen`, `ProPreUniCom`, `ProPreUniMar`, `ProPreUniFle`, `MonCod`, `ProStk`, `ProStkRea`, `ProStkPreVen`, `VolUniAlm`, `ProStkMin`, `ProStkMax`, `ProObs`, `EstRegCod`, `ProPesNet`) VALUES ('04','03','EnsaTomaMal1kg','7755523040332','ALM07','ensalada de tomate malla 1kg','4','6','6.1','6.2','6.3','2','120','120','50','100','10','100','Ninguna','A','10');
INSERT INTO `episerp`.`en_p2m_producto` (`ClaProCod`, `SubClaProCod`, `ProCod`, `ProCodBar`, `AlmCod`, `ProDet`, `UniMedCod`, `ProPreUniVen`, `ProPreUniCom`, `ProPreUniMar`, `ProPreUniFle`, `MonCod`, `ProStk`, `ProStkRea`, `ProStkPreVen`, `VolUniAlm`, `ProStkMin`, `ProStkMax`, `ProObs`, `EstRegCod`, `ProPesNet`) VALUES ('05','01','BarrCereChoco','7755523050117','ALM08','barritas de cereales de chocolate','4','6','6.1','6.2','6.3','2','120','120','50','100','10','100','Ninguna','A','21');
INSERT INTO `episerp`.`en_p2m_producto` (`ClaProCod`, `SubClaProCod`, `ProCod`, `ProCodBar`, `AlmCod`, `ProDet`, `UniMedCod`, `ProPreUniVen`, `ProPreUniCom`, `ProPreUniMar`, `ProPreUniFle`, `MonCod`, `ProStk`, `ProStkRea`, `ProStkPreVen`, `VolUniAlm`, `ProStkMin`, `ProStkMax`, `ProObs`, `EstRegCod`, `ProPesNet`) VALUES ('05','01','BarrCereNesqu','7755523050126','ALM08','barritas de cereales nesquick','4','6','6.1','6.2','6.3','2','120','120','50','100','10','100','Ninguna','A','21');
INSERT INTO `episerp`.`en_p2m_producto` (`ClaProCod`, `SubClaProCod`, `ProCod`, `ProCodBar`, `AlmCod`, `ProDet`, `UniMedCod`, `ProPreUniVen`, `ProPreUniCom`, `ProPreUniMar`, `ProPreUniFle`, `MonCod`, `ProStk`, `ProStkRea`, `ProStkPreVen`, `VolUniAlm`, `ProStkMin`, `ProStkMax`, `ProObs`, `EstRegCod`, `ProPesNet`) VALUES ('05','01','BarrCereInteg','7755523050135','ALM08','barritas de cereales integrales','4','6','6.1','6.2','6.3','2','120','120','50','100','10','100','Ninguna','A','11');
INSERT INTO `episerp`.`en_p2m_producto` (`ClaProCod`, `SubClaProCod`, `ProCod`, `ProCodBar`, `AlmCod`, `ProDet`, `UniMedCod`, `ProPreUniVen`, `ProPreUniCom`, `ProPreUniMar`, `ProPreUniFle`, `MonCod`, `ProStk`, `ProStkRea`, `ProStkPreVen`, `VolUniAlm`, `ProStkMin`, `ProStkMax`, `ProObs`, `EstRegCod`, `ProPesNet`) VALUES ('05','02','CerealCoFlake','7755523050214','ALM08','cereales corn flakes','4','6','6.1','6.2','6.3','2','120','120','50','100','10','100','Ninguna','A','30');
INSERT INTO `episerp`.`en_p2m_producto` (`ClaProCod`, `SubClaProCod`, `ProCod`, `ProCodBar`, `AlmCod`, `ProDet`, `UniMedCod`, `ProPreUniVen`, `ProPreUniCom`, `ProPreUniMar`, `ProPreUniFle`, `MonCod`, `ProStk`, `ProStkRea`, `ProStkPreVen`, `VolUniAlm`, `ProStkMin`, `ProStkMax`, `ProObs`, `EstRegCod`, `ProPesNet`) VALUES ('05','02','CerealKellog','7755523050223','ALM08','cereales kellogs','4','6','6.1','6.2','6.3','2','120','120','50','100','10','100','Ninguna','A','13');
INSERT INTO `episerp`.`en_p2m_producto` (`ClaProCod`, `SubClaProCod`, `ProCod`, `ProCodBar`, `AlmCod`, `ProDet`, `UniMedCod`, `ProPreUniVen`, `ProPreUniCom`, `ProPreUniMar`, `ProPreUniFle`, `MonCod`, `ProStk`, `ProStkRea`, `ProStkPreVen`, `VolUniAlm`, `ProStkMin`, `ProStkMax`, `ProObs`, `EstRegCod`, `ProPesNet`) VALUES ('05','02','CerealNestle','7755523050232','ALM08','cereales nestle','4','6','6.1','6.2','6.3','2','120','120','50','100','10','100','Ninguna','A','32');
INSERT INTO `episerp`.`en_p2m_producto` (`ClaProCod`, `SubClaProCod`, `ProCod`, `ProCodBar`, `AlmCod`, `ProDet`, `UniMedCod`, `ProPreUniVen`, `ProPreUniCom`, `ProPreUniMar`, `ProPreUniFle`, `MonCod`, `ProStk`, `ProStkRea`, `ProStkPreVen`, `VolUniAlm`, `ProStkMin`, `ProStkMax`, `ProObs`, `EstRegCod`, `ProPesNet`) VALUES ('05','03','MiCereNestLio','7755523050311','ALM09','mini cereales nestle lion','4','6','6.1','6.2','6.3','2','120','120','50','100','10','100','Ninguna','A','32');
INSERT INTO `episerp`.`en_p2m_producto` (`ClaProCod`, `SubClaProCod`, `ProCod`, `ProCodBar`, `AlmCod`, `ProDet`, `UniMedCod`, `ProPreUniVen`, `ProPreUniCom`, `ProPreUniMar`, `ProPreUniFle`, `MonCod`, `ProStk`, `ProStkRea`, `ProStkPreVen`, `VolUniAlm`, `ProStkMin`, `ProStkMax`, `ProObs`, `EstRegCod`, `ProPesNet`) VALUES ('05','03','MiCereKellogs','7755523050320','ALM09','mini cereales kellogs','4','6','6.1','6.2','6.3','2','120','120','50','100','10','100','Ninguna','A','10');
INSERT INTO `episerp`.`en_p2m_producto` (`ClaProCod`, `SubClaProCod`, `ProCod`, `ProCodBar`, `AlmCod`, `ProDet`, `UniMedCod`, `ProPreUniVen`, `ProPreUniCom`, `ProPreUniMar`, `ProPreUniFle`, `MonCod`, `ProStk`, `ProStkRea`, `ProStkPreVen`, `VolUniAlm`, `ProStkMin`, `ProStkMax`, `ProObs`, `EstRegCod`, `ProPesNet`) VALUES ('05','03','MiCereCoFlake','7755523050339','ALM09','mini cereales corn flakes','4','6','6.1','6.2','6.3','2','120','120','50','100','10','100','Ninguna','A','21');
INSERT INTO `episerp`.`en_p2m_producto` (`ClaProCod`, `SubClaProCod`, `ProCod`, `ProCodBar`, `AlmCod`, `ProDet`, `UniMedCod`, `ProPreUniVen`, `ProPreUniCom`, `ProPreUniMar`, `ProPreUniFle`, `MonCod`, `ProStk`, `ProStkRea`, `ProStkPreVen`, `VolUniAlm`, `ProStkMin`, `ProStkMax`, `ProObs`, `EstRegCod`, `ProPesNet`) VALUES ('08','02','MermeGlo500','7755523050340','ALM09','Mermelada Gloria 500','3','5.5','5.6','5.7','5.8','1','50','50','10','100','10','20','Altamente comercializado','A','26');
INSERT INTO `episerp`.`en_p2m_producto` (`ClaProCod`, `SubClaProCod`, `ProCod`, `ProCodBar`, `AlmCod`, `ProDet`, `UniMedCod`, `ProPreUniVen`, `ProPreUniCom`, `ProPreUniMar`, `ProPreUniFle`, `MonCod`, `ProStk`, `ProStkRea`, `ProStkPreVen`, `VolUniAlm`, `ProStkMin`, `ProStkMax`, `ProObs`, `EstRegCod`, `ProPesNet`) VALUES ('08','02','MermeFan500','7755523050341','ALM09','Mermelada Fanny 500','3','6','6.1','6.2','6.3','1','50','50','10','100','10','20','Altamente comercializado','A','17');
INSERT INTO `episerp`.`en_p2m_producto` (`ClaProCod`, `SubClaProCod`, `ProCod`, `ProCodBar`, `AlmCod`, `ProDet`, `UniMedCod`, `ProPreUniVen`, `ProPreUniCom`, `ProPreUniMar`, `ProPreUniFle`, `MonCod`, `ProStk`, `ProStkRea`, `ProStkPreVen`, `VolUniAlm`, `ProStkMin`, `ProStkMax`, `ProObs`, `EstRegCod`, `ProPesNet`) VALUES ('08','03','AconcDura250','7755523050342','ALM09','Aconcagua Durazno 250','3','5.5','5.6','5.7','5.8','1','150','150','100','100','10','20','Altamente comercializado','A','17');
INSERT INTO `episerp`.`en_p2m_producto` (`ClaProCod`, `SubClaProCod`, `ProCod`, `ProCodBar`, `AlmCod`, `ProDet`, `UniMedCod`, `ProPreUniVen`, `ProPreUniCom`, `ProPreUniMar`, `ProPreUniFle`, `MonCod`, `ProStk`, `ProStkRea`, `ProStkPreVen`, `VolUniAlm`, `ProStkMin`, `ProStkMax`, `ProObs`, `EstRegCod`, `ProPesNet`) VALUES ('08','03','AconcPiña250','7755523050343','ALM09','Aconcagua Piña 250','3','5.5','5.6','5.7','5.8','1','90','90','10','100','10','20','Altamente comercializado','A','21');
INSERT INTO `episerp`.`en_p2m_producto` (`ClaProCod`, `SubClaProCod`, `ProCod`, `ProCodBar`, `AlmCod`, `ProDet`, `UniMedCod`, `ProPreUniVen`, `ProPreUniCom`, `ProPreUniMar`, `ProPreUniFle`, `MonCod`, `ProStk`, `ProStkRea`, `ProStkPreVen`, `VolUniAlm`, `ProStkMin`, `ProStkMax`, `ProObs`, `EstRegCod`, `ProPesNet`) VALUES ('09','02','SFernan100','7755523050344','ALM10','San Fernando 100','3','1.5','1.6','1.7','1.8','1','150','150','10','100','10','20','Altamente comercializado','A','13');
INSERT INTO `episerp`.`en_p2m_producto` (`ClaProCod`, `SubClaProCod`, `ProCod`, `ProCodBar`, `AlmCod`, `ProDet`, `UniMedCod`, `ProPreUniVen`, `ProPreUniCom`, `ProPreUniMar`, `ProPreUniFle`, `MonCod`, `ProStk`, `ProStkRea`, `ProStkPreVen`, `VolUniAlm`, `ProStkMin`, `ProStkMax`, `ProObs`, `EstRegCod`, `ProPesNet`) VALUES ('09','02','LaCale100','7755523050345','ALM10','La Calera 100','3','1.5','1.6','1.7','1.8','1','100','100','10','100','10','20','Altamente comercializado','A','23');
INSERT INTO `episerp`.`en_p2m_producto` (`ClaProCod`, `SubClaProCod`, `ProCod`, `ProCodBar`, `AlmCod`, `ProDet`, `UniMedCod`, `ProPreUniVen`, `ProPreUniCom`, `ProPreUniMar`, `ProPreUniFle`, `MonCod`, `ProStk`, `ProStkRea`, `ProStkPreVen`, `VolUniAlm`, `ProStkMin`, `ProStkMax`, `ProObs`, `EstRegCod`, `ProPesNet`) VALUES ('12','01','TrideMenta','7755523050346','ALM10','Trident Menta','3','0.2','0.3','0.4','0.5','1','500','500','10','100','10','20','Altamente comercializado','A','13');
INSERT INTO `episerp`.`en_p2m_producto` (`ClaProCod`, `SubClaProCod`, `ProCod`, `ProCodBar`, `AlmCod`, `ProDet`, `UniMedCod`, `ProPreUniVen`, `ProPreUniCom`, `ProPreUniMar`, `ProPreUniFle`, `MonCod`, `ProStk`, `ProStkRea`, `ProStkPreVen`, `VolUniAlm`, `ProStkMin`, `ProStkMax`, `ProObs`, `EstRegCod`, `ProPesNet`) VALUES ('12','01','ChiclMenta','7755523050347','ALM10','Chiclets Menta','3','0.2','0.3','0.4','0.5','1','500','500','10','100','10','20','Altamente comercializado','A','12');
INSERT INTO `episerp`.`en_p2m_producto` (`ClaProCod`, `SubClaProCod`, `ProCod`, `ProCodBar`, `AlmCod`, `ProDet`, `UniMedCod`, `ProPreUniVen`, `ProPreUniCom`, `ProPreUniMar`, `ProPreUniFle`, `MonCod`, `ProStk`, `ProStkRea`, `ProStkPreVen`, `VolUniAlm`, `ProStkMin`, `ProStkMax`, `ProObs`, `EstRegCod`, `ProPesNet`) VALUES ('12','04','Nikolo','7755523050348','ALM10','Nikolo','3','0.7','0.8','0.9','1','1','100','100','10','100','10','20','Altamente comercializado','A','24');
INSERT INTO `episerp`.`en_p2m_producto` (`ClaProCod`, `SubClaProCod`, `ProCod`, `ProCodBar`, `AlmCod`, `ProDet`, `UniMedCod`, `ProPreUniVen`, `ProPreUniCom`, `ProPreUniMar`, `ProPreUniFle`, `MonCod`, `ProStk`, `ProStkRea`, `ProStkPreVen`, `VolUniAlm`, `ProStkMin`, `ProStkMax`, `ProObs`, `EstRegCod`, `ProPesNet`) VALUES ('12','04','Mecano','7755523050349','ALM10','Mecano','3','1','1.1','1.2','1.3','1','100','100','10','100','10','20','Altamente comercializado','A','21');


COMMIT;


/*Transporte*/

-- -----------------------------------------------------
-- Data for table `episerp`.`en_p2m_unidad_transporte`
-- -----------------------------------------------------
START TRANSACTION;
USE `episerp`;
INSERT INTO `en_p2m_unidad_transporte` (`UniTraCod`,`TipUniTraCod`,`UniTraMod`,`UniTraMar`,`UniTraPes`,`UniTraNumPla`,`EstUniTraCod`,`EstRegCod`) VALUES ("1",1,"Bravo","Fiat",89179,"F3X-826",3,"A");
INSERT INTO `en_p2m_unidad_transporte` (`UniTraCod`,`TipUniTraCod`,`UniTraMod`,`UniTraMar`,`UniTraPes`,`UniTraNumPla`,`EstUniTraCod`,`EstRegCod`) VALUES ("2",4,"Ka","Ford",97858,"F2K-393",1,"A");
INSERT INTO `en_p2m_unidad_transporte` (`UniTraCod`,`TipUniTraCod`,`UniTraMod`,`UniTraMar`,`UniTraPes`,`UniTraNumPla`,`EstUniTraCod`,`EstRegCod`) VALUES ("3",5,"Civic","Honda",5892,"C6H-393",4,"A");
INSERT INTO `en_p2m_unidad_transporte` (`UniTraCod`,`TipUniTraCod`,`UniTraMod`,`UniTraMar`,`UniTraPes`,`UniTraNumPla`,`EstUniTraCod`,`EstRegCod`) VALUES ("4",1,"Fit","Honda",60078,"W0D-549",3,"A");
INSERT INTO `en_p2m_unidad_transporte` (`UniTraCod`,`TipUniTraCod`,`UniTraMod`,`UniTraMar`,`UniTraPes`,`UniTraNumPla`,`EstUniTraCod`,`EstRegCod`) VALUES ("5",4,"207","Peugeot",26461,"I6S-530",4,"A");
INSERT INTO `en_p2m_unidad_transporte` (`UniTraCod`,`TipUniTraCod`,`UniTraMod`,`UniTraMar`,`UniTraPes`,`UniTraNumPla`,`EstUniTraCod`,`EstRegCod`) VALUES ("6",1,"Uno","Fiat",60041,"V8U-405",1,"A");
INSERT INTO `en_p2m_unidad_transporte` (`UniTraCod`,`TipUniTraCod`,`UniTraMod`,`UniTraMar`,`UniTraPes`,`UniTraNumPla`,`EstUniTraCod`,`EstRegCod`) VALUES ("7",2,"City","Honda",28620,"V3B-611",3,"A");
INSERT INTO `en_p2m_unidad_transporte` (`UniTraCod`,`TipUniTraCod`,`UniTraMod`,`UniTraMar`,`UniTraPes`,`UniTraNumPla`,`EstUniTraCod`,`EstRegCod`) VALUES ("8",6,"2045","Toyota",23232,"GGZ-126",1,"A");
INSERT INTO `en_p2m_unidad_transporte` (`UniTraCod`,`TipUniTraCod`,`UniTraMod`,`UniTraMar`,`UniTraPes`,`UniTraNumPla`,`EstUniTraCod`,`EstRegCod`) VALUES ("9",7,"Cerato","Chery",92719,"V8O-504",1,"A");
INSERT INTO `en_p2m_unidad_transporte` (`UniTraCod`,`TipUniTraCod`,`UniTraMod`,`UniTraMar`,`UniTraPes`,`UniTraNumPla`,`EstUniTraCod`,`EstRegCod`) VALUES ("10",7,"QQ","Citroen",68314,"A6Y-629",3,"A");
INSERT INTO `en_p2m_unidad_transporte` (`UniTraCod`,`TipUniTraCod`,`UniTraMod`,`UniTraMar`,`UniTraPes`,`UniTraNumPla`,`EstUniTraCod`,`EstRegCod`) VALUES ("11",1,"C3","Mini",35632,"Y9A-352",1,"A");
INSERT INTO `en_p2m_unidad_transporte` (`UniTraCod`,`TipUniTraCod`,`UniTraMod`,`UniTraMar`,`UniTraPes`,`UniTraNumPla`,`EstUniTraCod`,`EstRegCod`) VALUES ("12",3,"307","Peugeot",79501,"V6K-724",3,"A");
INSERT INTO `en_p2m_unidad_transporte` (`UniTraCod`,`TipUniTraCod`,`UniTraMod`,`UniTraMar`,`UniTraPes`,`UniTraNumPla`,`EstUniTraCod`,`EstRegCod`) VALUES ("13",4,"X1","Bmw",63784,"Q6B-350",1,"A");
INSERT INTO `en_p2m_unidad_transporte` (`UniTraCod`,`TipUniTraCod`,`UniTraMod`,`UniTraMar`,`UniTraPes`,`UniTraNumPla`,`EstUniTraCod`,`EstRegCod`) VALUES ("14",6,"Fiesta","Ford",64454,"O5O-540",1,"A");
INSERT INTO `en_p2m_unidad_transporte` (`UniTraCod`,`TipUniTraCod`,`UniTraMod`,`UniTraMar`,`UniTraPes`,`UniTraNumPla`,`EstUniTraCod`,`EstRegCod`) VALUES ("15",7,"Focus","Ford",66692,"E3H-923",3,"A");
INSERT INTO `en_p2m_unidad_transporte` (`UniTraCod`,`TipUniTraCod`,`UniTraMod`,`UniTraMar`,`UniTraPes`,`UniTraNumPla`,`EstUniTraCod`,`EstRegCod`) VALUES ("16",2,"i30","Hyundai",80505,"W4N-935",4,"A");
INSERT INTO `en_p2m_unidad_transporte` (`UniTraCod`,`TipUniTraCod`,`UniTraMod`,`UniTraMar`,`UniTraPes`,`UniTraNumPla`,`EstUniTraCod`,`EstRegCod`) VALUES ("17",3,"Wylie","Jeep",16363,"V9K-861",3,"A");
INSERT INTO `en_p2m_unidad_transporte` (`UniTraCod`,`TipUniTraCod`,`UniTraMod`,`UniTraMar`,`UniTraPes`,`UniTraNumPla`,`EstUniTraCod`,`EstRegCod`) VALUES ("18",4,"A3","Audi",19763,"N7B-180",1,"A");
INSERT INTO `en_p2m_unidad_transporte` (`UniTraCod`,`TipUniTraCod`,`UniTraMod`,`UniTraMar`,`UniTraPes`,`UniTraNumPla`,`EstUniTraCod`,`EstRegCod`) VALUES ("19",2,"X6","Bmw",63309,"V5E-637",2,"A");
INSERT INTO `en_p2m_unidad_transporte` (`UniTraCod`,`TipUniTraCod`,`UniTraMod`,`UniTraMar`,`UniTraPes`,`UniTraNumPla`,`EstUniTraCod`,`EstRegCod`) VALUES ("20",4,"Face","Chery",85381,"N5K-492",4,"A");
INSERT INTO `en_p2m_unidad_transporte` (`UniTraCod`,`TipUniTraCod`,`UniTraMod`,`UniTraMar`,`UniTraPes`,`UniTraNumPla`,`EstUniTraCod`,`EstRegCod`) VALUES ("21",1,"Aircross","Citroen",36183,"D9B-212",2,"A");
INSERT INTO `en_p2m_unidad_transporte` (`UniTraCod`,`TipUniTraCod`,`UniTraMod`,`UniTraMar`,`UniTraPes`,`UniTraNumPla`,`EstUniTraCod`,`EstRegCod`) VALUES ("22",3,"Punto","Fiat",72794,"Z3X-742",4,"A");
INSERT INTO `en_p2m_unidad_transporte` (`UniTraCod`,`TipUniTraCod`,`UniTraMod`,`UniTraMar`,`UniTraPes`,`UniTraNumPla`,`EstUniTraCod`,`EstRegCod`) VALUES ("23",4,"Ford","Fusion",93631,"V4L-479",1,"A");
INSERT INTO `en_p2m_unidad_transporte` (`UniTraCod`,`TipUniTraCod`,`UniTraMod`,`UniTraMar`,`UniTraPes`,`UniTraNumPla`,`EstUniTraCod`,`EstRegCod`) VALUES ("24",5,"ix35","Hyundai",5808,"N0C-532",1,"A");
INSERT INTO `en_p2m_unidad_transporte` (`UniTraCod`,`TipUniTraCod`,`UniTraMod`,`UniTraMar`,`UniTraPes`,`UniTraNumPla`,`EstUniTraCod`,`EstRegCod`) VALUES ("25",2,"Sonata","Hyundai",17445,"U9U-969",3,"A");
INSERT INTO `en_p2m_unidad_transporte` (`UniTraCod`,`TipUniTraCod`,`UniTraMod`,`UniTraMar`,`UniTraPes`,`UniTraNumPla`,`EstUniTraCod`,`EstRegCod`) VALUES ("26",6,"Picanto","Kia",74961,"R2Z-676",1,"A");
INSERT INTO `en_p2m_unidad_transporte` (`UniTraCod`,`TipUniTraCod`,`UniTraMod`,`UniTraMar`,`UniTraPes`,`UniTraNumPla`,`EstUniTraCod`,`EstRegCod`) VALUES ("27",5,"3008","Peugeot",59153,"P0A-263",2,"A");
INSERT INTO `en_p2m_unidad_transporte` (`UniTraCod`,`TipUniTraCod`,`UniTraMod`,`UniTraMar`,`UniTraPes`,`UniTraNumPla`,`EstUniTraCod`,`EstRegCod`) VALUES ("28",6,"234","Ssangyong",70966,"O8G-208",2,"A");
INSERT INTO `en_p2m_unidad_transporte` (`UniTraCod`,`TipUniTraCod`,`UniTraMod`,`UniTraMar`,`UniTraPes`,`UniTraNumPla`,`EstUniTraCod`,`EstRegCod`) VALUES ("29",2,"A1","Audi",59660,"L5A-916",4,"A");
INSERT INTO `en_p2m_unidad_transporte` (`UniTraCod`,`TipUniTraCod`,`UniTraMod`,`UniTraMar`,`UniTraPes`,`UniTraNumPla`,`EstUniTraCod`,`EstRegCod`) VALUES ("30",7,"R8","Audi",48591,"V2P-269",1,"A");
INSERT INTO `en_p2m_unidad_transporte` (`UniTraCod`,`TipUniTraCod`,`UniTraMod`,`UniTraMar`,`UniTraPes`,`UniTraNumPla`,`EstUniTraCod`,`EstRegCod`) VALUES ("31",1,"Camaro","Chevrolet",90069,"Y2A-628",2,"A");
INSERT INTO `en_p2m_unidad_transporte` (`UniTraCod`,`TipUniTraCod`,`UniTraMod`,`UniTraMar`,`UniTraPes`,`UniTraNumPla`,`EstUniTraCod`,`EstRegCod`) VALUES ("32",6,"C4","Citroen",1505,"S7V-336",3,"A");
INSERT INTO `en_p2m_unidad_transporte` (`UniTraCod`,`TipUniTraCod`,`UniTraMod`,`UniTraMar`,`UniTraPes`,`UniTraNumPla`,`EstUniTraCod`,`EstRegCod`) VALUES ("33",2,"C4","Fiat",78949,"Z3I-023",1,"A");
INSERT INTO `en_p2m_unidad_transporte` (`UniTraCod`,`TipUniTraCod`,`UniTraMod`,`UniTraMar`,`UniTraPes`,`UniTraNumPla`,`EstUniTraCod`,`EstRegCod`) VALUES ("34",3,"Edge","Ford",39550,"K1S-614",3,"A");
INSERT INTO `en_p2m_unidad_transporte` (`UniTraCod`,`TipUniTraCod`,`UniTraMod`,`UniTraMar`,`UniTraPes`,`UniTraNumPla`,`EstUniTraCod`,`EstRegCod`) VALUES ("35",5,"Asx","Mitsubishi",72640,"X6A-263",2,"A");
INSERT INTO `en_p2m_unidad_transporte` (`UniTraCod`,`TipUniTraCod`,`UniTraMod`,`UniTraMar`,`UniTraPes`,`UniTraNumPla`,`EstUniTraCod`,`EstRegCod`) VALUES ("36",1,"408","Peugeot",32553,"V5W-120",3,"A");
INSERT INTO `en_p2m_unidad_transporte` (`UniTraCod`,`TipUniTraCod`,`UniTraMod`,`UniTraMar`,`UniTraPes`,`UniTraNumPla`,`EstUniTraCod`,`EstRegCod`) VALUES ("37",4,"Journey","Dodge",52780,"V4J-777",3,"A");
INSERT INTO `en_p2m_unidad_transporte` (`UniTraCod`,`TipUniTraCod`,`UniTraMod`,`UniTraMar`,`UniTraPes`,`UniTraNumPla`,`EstUniTraCod`,`EstRegCod`) VALUES ("38",5,"Stilo","Fiat",6860,"J2C-778",2,"A");
INSERT INTO `en_p2m_unidad_transporte` (`UniTraCod`,`TipUniTraCod`,`UniTraMod`,`UniTraMar`,`UniTraPes`,`UniTraNumPla`,`EstUniTraCod`,`EstRegCod`) VALUES ("39",7,"Sorento","Kia",99176,"O1W-675",1,"A");
INSERT INTO `en_p2m_unidad_transporte` (`UniTraCod`,`TipUniTraCod`,`UniTraMod`,`UniTraMar`,`UniTraPes`,`UniTraNumPla`,`EstUniTraCod`,`EstRegCod`) VALUES ("40",2,"Livina","Nissan",56445,"O7I-012",2,"A");
INSERT INTO `en_p2m_unidad_transporte` (`UniTraCod`,`TipUniTraCod`,`UniTraMod`,`UniTraMar`,`UniTraPes`,`UniTraNumPla`,`EstUniTraCod`,`EstRegCod`) VALUES ("41",7,"Cayenne","Porsche",1578,"L7Y-594",4,"A");
INSERT INTO `en_p2m_unidad_transporte` (`UniTraCod`,`TipUniTraCod`,`UniTraMod`,`UniTraMar`,`UniTraPes`,`UniTraNumPla`,`EstUniTraCod`,`EstRegCod`) VALUES ("42",6,"Corolla","Toyota",85972,"I3T-698",2,"A");
INSERT INTO `en_p2m_unidad_transporte` (`UniTraCod`,`TipUniTraCod`,`UniTraMod`,`UniTraMar`,`UniTraPes`,`UniTraNumPla`,`EstUniTraCod`,`EstRegCod`) VALUES ("43",3,"Martin","Aston",15732,"T3R-348",2,"A");
INSERT INTO `en_p2m_unidad_transporte` (`UniTraCod`,`TipUniTraCod`,`UniTraMod`,`UniTraMar`,`UniTraPes`,`UniTraNumPla`,`EstUniTraCod`,`EstRegCod`) VALUES ("44",3,"A8","Audi",99059,"J9D-554",1,"A");
INSERT INTO `en_p2m_unidad_transporte` (`UniTraCod`,`TipUniTraCod`,`UniTraMod`,`UniTraMar`,`UniTraPes`,`UniTraNumPla`,`EstUniTraCod`,`EstRegCod`) VALUES ("45",6,"Agile","Chevrolet",73627,"Q6L-429",4,"A");
INSERT INTO `en_p2m_unidad_transporte` (`UniTraCod`,`TipUniTraCod`,`UniTraMod`,`UniTraMar`,`UniTraPes`,`UniTraNumPla`,`EstUniTraCod`,`EstRegCod`) VALUES ("46",2,"Idea","Fiat",80922,"P2B-621",3,"A");
INSERT INTO `en_p2m_unidad_transporte` (`UniTraCod`,`TipUniTraCod`,`UniTraMod`,`UniTraMar`,`UniTraPes`,`UniTraNumPla`,`EstUniTraCod`,`EstRegCod`) VALUES ("47",6,"Strada","Fiat",25515,"V6K-599",2,"A");
INSERT INTO `en_p2m_unidad_transporte` (`UniTraCod`,`TipUniTraCod`,`UniTraMod`,`UniTraMar`,`UniTraPes`,`UniTraNumPla`,`EstUniTraCod`,`EstRegCod`) VALUES ("48",2,"Frontier","Nissan",29829,"M1W-437",2,"A");
INSERT INTO `en_p2m_unidad_transporte` (`UniTraCod`,`TipUniTraCod`,`UniTraMod`,`UniTraMar`,`UniTraPes`,`UniTraNumPla`,`EstUniTraCod`,`EstRegCod`) VALUES ("49",3,"C30","Volvo",89439,"X2C-121",2,"A");
INSERT INTO `en_p2m_unidad_transporte` (`UniTraCod`,`TipUniTraCod`,`UniTraMod`,`UniTraMar`,`UniTraPes`,`UniTraNumPla`,`EstUniTraCod`,`EstRegCod`) VALUES ("50",3,"XC60","Volvo",94454,"D7O-877",2,"A");
INSERT INTO `en_p2m_unidad_transporte` (`UniTraCod`,`TipUniTraCod`,`UniTraMod`,`UniTraMar`,`UniTraPes`,`UniTraNumPla`,`EstUniTraCod`,`EstRegCod`) VALUES ("51",5,"A4","Audi",88682,"K4V-765",4,"A");
INSERT INTO `en_p2m_unidad_transporte` (`UniTraCod`,`TipUniTraCod`,`UniTraMod`,`UniTraMar`,`UniTraPes`,`UniTraNumPla`,`EstUniTraCod`,`EstRegCod`) VALUES ("52",6,"X5","Bmw",98851,"P0E-182",2,"A");
INSERT INTO `en_p2m_unidad_transporte` (`UniTraCod`,`TipUniTraCod`,`UniTraMod`,`UniTraMar`,`UniTraPes`,`UniTraNumPla`,`EstUniTraCod`,`EstRegCod`) VALUES ("53",2,"Tiggo","Chery",19384,"Y6O-077",3,"A");
INSERT INTO `en_p2m_unidad_transporte` (`UniTraCod`,`TipUniTraCod`,`UniTraMod`,`UniTraMar`,`UniTraPes`,`UniTraNumPla`,`EstUniTraCod`,`EstRegCod`) VALUES ("54",2,"Linea","Flat",41755,"B4O-300",1,"A");
INSERT INTO `en_p2m_unidad_transporte` (`UniTraCod`,`TipUniTraCod`,`UniTraMod`,`UniTraMar`,`UniTraPes`,`UniTraNumPla`,`EstUniTraCod`,`EstRegCod`) VALUES ("55",2,"Gallardo","Lamborghini",93828,"I5G-558",2,"A");
INSERT INTO `en_p2m_unidad_transporte` (`UniTraCod`,`TipUniTraCod`,`UniTraMod`,`UniTraMar`,`UniTraPes`,`UniTraNumPla`,`EstUniTraCod`,`EstRegCod`) VALUES ("56",3,"Tilda","Nissan",78059,"V2I-647",3,"A");
INSERT INTO `en_p2m_unidad_transporte` (`UniTraCod`,`TipUniTraCod`,`UniTraMod`,`UniTraMar`,`UniTraPes`,`UniTraNumPla`,`EstUniTraCod`,`EstRegCod`) VALUES ("57",3,"Logan","Renault",38392,"L9D-111",4,"A");
INSERT INTO `en_p2m_unidad_transporte` (`UniTraCod`,`TipUniTraCod`,`UniTraMod`,`UniTraMar`,`UniTraPes`,`UniTraNumPla`,`EstUniTraCod`,`EstRegCod`) VALUES ("58",7,"Impresa","Subaru",90726,"G9T-777",3,"A");
INSERT INTO `en_p2m_unidad_transporte` (`UniTraCod`,`TipUniTraCod`,`UniTraMod`,`UniTraMar`,`UniTraPes`,`UniTraNumPla`,`EstUniTraCod`,`EstRegCod`) VALUES ("59",1,"Z4","Bmw",47210,"F3N-021",4,"A");
INSERT INTO `en_p2m_unidad_transporte` (`UniTraCod`,`TipUniTraCod`,`UniTraMod`,`UniTraMar`,`UniTraPes`,`UniTraNumPla`,`EstUniTraCod`,`EstRegCod`) VALUES ("60",2,"300C","Chysler",52052,"Y9Q-895",2,"A");
INSERT INTO `en_p2m_unidad_transporte` (`UniTraCod`,`TipUniTraCod`,`UniTraMod`,`UniTraMar`,`UniTraPes`,`UniTraNumPla`,`EstUniTraCod`,`EstRegCod`) VALUES ("61",6,"C5","Citroen",37170,"A3S-832",2,"A");
INSERT INTO `en_p2m_unidad_transporte` (`UniTraCod`,`TipUniTraCod`,`UniTraMod`,`UniTraMar`,`UniTraPes`,`UniTraNumPla`,`EstUniTraCod`,`EstRegCod`) VALUES ("62",7,"Palio","Fiat",39303,"O6Z-375",4,"A");
INSERT INTO `en_p2m_unidad_transporte` (`UniTraCod`,`TipUniTraCod`,`UniTraMod`,`UniTraMar`,`UniTraPes`,`UniTraNumPla`,`EstUniTraCod`,`EstRegCod`) VALUES ("63",4,"Tucson","Hyundai",61101,"J5S-751",2,"A");
INSERT INTO `en_p2m_unidad_transporte` (`UniTraCod`,`TipUniTraCod`,`UniTraMod`,`UniTraMar`,`UniTraPes`,`UniTraNumPla`,`EstUniTraCod`,`EstRegCod`) VALUES ("64",7,"Santra","Nissan",31998,"O7V-674",1,"A");
INSERT INTO `en_p2m_unidad_transporte` (`UniTraCod`,`TipUniTraCod`,`UniTraMod`,`UniTraMar`,`UniTraPes`,`UniTraNumPla`,`EstUniTraCod`,`EstRegCod`) VALUES ("65",4,"207","Peugeot",53860,"G2Y-817",1,"A");
INSERT INTO `en_p2m_unidad_transporte` (`UniTraCod`,`TipUniTraCod`,`UniTraMod`,`UniTraMar`,`UniTraPes`,`UniTraNumPla`,`EstUniTraCod`,`EstRegCod`) VALUES ("66",4,"Q7","Audi",88903,"O3E-092",3,"A");
INSERT INTO `en_p2m_unidad_transporte` (`UniTraCod`,`TipUniTraCod`,`UniTraMod`,`UniTraMar`,`UniTraPes`,`UniTraNumPla`,`EstUniTraCod`,`EstRegCod`) VALUES ("67",7,"M100","Effa",31732,"D6L-602",2,"A");
INSERT INTO `en_p2m_unidad_transporte` (`UniTraCod`,`TipUniTraCod`,`UniTraMod`,`UniTraMar`,`UniTraPes`,`UniTraNumPla`,`EstUniTraCod`,`EstRegCod`) VALUES ("68",2,"Doblo","Fiat",68185,"H9E-805",4,"A");
INSERT INTO `en_p2m_unidad_transporte` (`UniTraCod`,`TipUniTraCod`,`UniTraMod`,`UniTraMar`,`UniTraPes`,`UniTraNumPla`,`EstUniTraCod`,`EstRegCod`) VALUES ("69",1,"Ranger","Ford",6145,"R7F-659",2,"A");
INSERT INTO `en_p2m_unidad_transporte` (`UniTraCod`,`TipUniTraCod`,`UniTraMod`,`UniTraMar`,`UniTraPes`,`UniTraNumPla`,`EstUniTraCod`,`EstRegCod`) VALUES ("70",6,"Daily","Iveco",73117,"B7M-192",3,"A");
INSERT INTO `en_p2m_unidad_transporte` (`UniTraCod`,`TipUniTraCod`,`UniTraMod`,`UniTraMar`,`UniTraPes`,`UniTraNumPla`,`EstUniTraCod`,`EstRegCod`) VALUES ("71",6,"Panamera","Porsche",20048,"I3R-363",2,"A");
INSERT INTO `en_p2m_unidad_transporte` (`UniTraCod`,`TipUniTraCod`,`UniTraMod`,`UniTraMar`,`UniTraPes`,`UniTraNumPla`,`EstUniTraCod`,`EstRegCod`) VALUES ("72",5,"Symbol","Renault",7955,"V3W-185",4,"A");
INSERT INTO `en_p2m_unidad_transporte` (`UniTraCod`,`TipUniTraCod`,`UniTraMod`,`UniTraMar`,`UniTraPes`,`UniTraNumPla`,`EstUniTraCod`,`EstRegCod`) VALUES ("73",5,"SX4","Suzuki",14100,"P8J-473",3,"A");
INSERT INTO `en_p2m_unidad_transporte` (`UniTraCod`,`TipUniTraCod`,`UniTraMod`,`UniTraMar`,`UniTraPes`,`UniTraNumPla`,`EstUniTraCod`,`EstRegCod`) VALUES ("74",4,"A7","Audi",53170,"N8X-530",1,"A");
INSERT INTO `en_p2m_unidad_transporte` (`UniTraCod`,`TipUniTraCod`,`UniTraMod`,`UniTraMar`,`UniTraPes`,`UniTraNumPla`,`EstUniTraCod`,`EstRegCod`) VALUES ("75",4,"California","Ferrari",17266,"T2E-717",3,"A");
INSERT INTO `en_p2m_unidad_transporte` (`UniTraCod`,`TipUniTraCod`,`UniTraMod`,`UniTraMar`,`UniTraPes`,`UniTraNumPla`,`EstUniTraCod`,`EstRegCod`) VALUES ("76",1,"Siena","Fiat",85858,"T9U-801",3,"A");
INSERT INTO `en_p2m_unidad_transporte` (`UniTraCod`,`TipUniTraCod`,`UniTraMod`,`UniTraMar`,`UniTraPes`,`UniTraNumPla`,`EstUniTraCod`,`EstRegCod`) VALUES ("77",5,"HR","Hyundai",5568,"J1V-207",2,"A");
INSERT INTO `en_p2m_unidad_transporte` (`UniTraCod`,`TipUniTraCod`,`UniTraMod`,`UniTraMar`,`UniTraPes`,`UniTraNumPla`,`EstUniTraCod`,`EstRegCod`) VALUES ("78",3,"Cherokee","Jeep",62057,"L7U-885",4,"A");
INSERT INTO `en_p2m_unidad_transporte` (`UniTraCod`,`TipUniTraCod`,`UniTraMod`,`UniTraMar`,`UniTraPes`,`UniTraNumPla`,`EstUniTraCod`,`EstRegCod`) VALUES ("79",7,"Cadenza","Kia",68720,"U0M-471",1,"A");
INSERT INTO `en_p2m_unidad_transporte` (`UniTraCod`,`TipUniTraCod`,`UniTraMod`,`UniTraMar`,`UniTraPes`,`UniTraNumPla`,`EstUniTraCod`,`EstRegCod`) VALUES ("80",2,"Accord","Honda",9321,"Z4X-507",2,"A");
INSERT INTO `en_p2m_unidad_transporte` (`UniTraCod`,`TipUniTraCod`,`UniTraMod`,`UniTraMar`,`UniTraPes`,`UniTraNumPla`,`EstUniTraCod`,`EstRegCod`) VALUES ("81",2,"Bongo","Kia",56637,"G3J-968",3,"A");
INSERT INTO `en_p2m_unidad_transporte` (`UniTraCod`,`TipUniTraCod`,`UniTraMod`,`UniTraMar`,`UniTraPes`,`UniTraNumPla`,`EstUniTraCod`,`EstRegCod`) VALUES ("82",1,"Defender","Land Rover",55898,"D8T-077",2,"A");
INSERT INTO `en_p2m_unidad_transporte` (`UniTraCod`,`TipUniTraCod`,`UniTraMod`,`UniTraMar`,`UniTraPes`,`UniTraNumPla`,`EstUniTraCod`,`EstRegCod`) VALUES ("83",5,"350z","Nissan",71186,"A8I-124",1,"A");
INSERT INTO `en_p2m_unidad_transporte` (`UniTraCod`,`TipUniTraCod`,`UniTraMod`,`UniTraMar`,`UniTraPes`,`UniTraNumPla`,`EstUniTraCod`,`EstRegCod`) VALUES ("84",3,"March","Nissan",25463,"B2H-875",4,"A");
INSERT INTO `en_p2m_unidad_transporte` (`UniTraCod`,`TipUniTraCod`,`UniTraMod`,`UniTraMar`,`UniTraPes`,`UniTraNumPla`,`EstUniTraCod`,`EstRegCod`) VALUES ("85",4,"Hoggar","Peugeot",69642,"T3B-580",1,"A");
INSERT INTO `en_p2m_unidad_transporte` (`UniTraCod`,`TipUniTraCod`,`UniTraMod`,`UniTraMar`,`UniTraPes`,`UniTraNumPla`,`EstUniTraCod`,`EstRegCod`) VALUES ("86",4,"Gol","Volkswagen",36132,"X9E-983",3,"A");
INSERT INTO `en_p2m_unidad_transporte` (`UniTraCod`,`TipUniTraCod`,`UniTraMod`,`UniTraMar`,`UniTraPes`,`UniTraNumPla`,`EstUniTraCod`,`EstRegCod`) VALUES ("87",3,"Q5","Audi",87143,"G9Q-204",2,"A");
INSERT INTO `en_p2m_unidad_transporte` (`UniTraCod`,`TipUniTraCod`,`UniTraMod`,`UniTraMar`,`UniTraPes`,`UniTraNumPla`,`EstUniTraCod`,`EstRegCod`) VALUES ("88",4,"X3","Bmw",16752,"T8G-657",4,"A");
INSERT INTO `en_p2m_unidad_transporte` (`UniTraCod`,`TipUniTraCod`,`UniTraMod`,`UniTraMar`,`UniTraPes`,`UniTraNumPla`,`EstUniTraCod`,`EstRegCod`) VALUES ("89",4,"C4 Pallas","Citroen",79087,"Z3K-421",4,"A");
INSERT INTO `en_p2m_unidad_transporte` (`UniTraCod`,`TipUniTraCod`,`UniTraMod`,`UniTraMar`,`UniTraPes`,`UniTraNumPla`,`EstUniTraCod`,`EstRegCod`) VALUES ("90",7,"458 Italia","Ferrari",85416,"E9R-637",2,"A");
INSERT INTO `en_p2m_unidad_transporte` (`UniTraCod`,`TipUniTraCod`,`UniTraMod`,`UniTraMar`,`UniTraPes`,`UniTraNumPla`,`EstUniTraCod`,`EstRegCod`) VALUES ("91",1,"Ecosport","Ford",90967,"H3E-055",3,"A");
INSERT INTO `en_p2m_unidad_transporte` (`UniTraCod`,`TipUniTraCod`,`UniTraMod`,`UniTraMar`,`UniTraPes`,`UniTraNumPla`,`EstUniTraCod`,`EstRegCod`) VALUES ("92",4,"Azera","Hyundai",9868,"F2F-751",3,"A");
INSERT INTO `en_p2m_unidad_transporte` (`UniTraCod`,`TipUniTraCod`,`UniTraMod`,`UniTraMar`,`UniTraPes`,`UniTraNumPla`,`EstUniTraCod`,`EstRegCod`) VALUES ("93",4,"Santa Fe","Hyundai",7341,"A8Q-360",4,"A");
INSERT INTO `en_p2m_unidad_transporte` (`UniTraCod`,`TipUniTraCod`,`UniTraMod`,`UniTraMar`,`UniTraPes`,`UniTraNumPla`,`EstUniTraCod`,`EstRegCod`) VALUES ("94",2,"Outlander","Mitsubishi",20731,"N9J-636",1,"A");
INSERT INTO `en_p2m_unidad_transporte` (`UniTraCod`,`TipUniTraCod`,`UniTraMod`,`UniTraMar`,`UniTraPes`,`UniTraNumPla`,`EstUniTraCod`,`EstRegCod`) VALUES ("95",5,"407","Peugeot",2425,"F0Y-420",3,"A");
INSERT INTO `en_p2m_unidad_transporte` (`UniTraCod`,`TipUniTraCod`,`UniTraMod`,`UniTraMar`,`UniTraPes`,`UniTraNumPla`,`EstUniTraCod`,`EstRegCod`) VALUES ("96",4,"Master","Renault",52954,"H0S-481",3,"A");
INSERT INTO `en_p2m_unidad_transporte` (`UniTraCod`,`TipUniTraCod`,`UniTraMod`,`UniTraMar`,`UniTraPes`,`UniTraNumPla`,`EstUniTraCod`,`EstRegCod`) VALUES ("97",2,"Scenic","Renault",62626,"L3G-807",1,"A");
INSERT INTO `en_p2m_unidad_transporte` (`UniTraCod`,`TipUniTraCod`,`UniTraMod`,`UniTraMar`,`UniTraPes`,`UniTraNumPla`,`EstUniTraCod`,`EstRegCod`) VALUES ("98",3,"Forester","Subaru",76298,"B3R-477",4,"A");
INSERT INTO `en_p2m_unidad_transporte` (`UniTraCod`,`TipUniTraCod`,`UniTraMod`,`UniTraMar`,`UniTraPes`,`UniTraNumPla`,`EstUniTraCod`,`EstRegCod`) VALUES ("99",2,"A5","Audi",17680,"J5N-544",3,"A");
INSERT INTO `en_p2m_unidad_transporte` (`UniTraCod`,`TipUniTraCod`,`UniTraMod`,`UniTraMar`,`UniTraPes`,`UniTraNumPla`,`EstUniTraCod`,`EstRegCod`) VALUES ("100",1,"A6","Audi",76307,"P0P-168",3,"A");

COMMIT;

-- -----------------------------------------------------
-- Data for table `episerp`.`en_p2m_transportista`
-- -----------------------------------------------------
START TRANSACTION;
USE `episerp`;
INSERT INTO `en_p2m_transportista` (`TraCod`,`TraNom`,`TraApePat`,`TraApeMat`,`TraRazSoc`,`TraNomCom`,`TraDomFis`,`TraTel`,`TraEmail`,`TraDir`,`EstRegCod`) VALUES ("1","Keelie","Garner","Cox","Vitae Corp.","Cursus Diam At PC","9819 Risus. Road","243-832-559","ac@orciquislectus.net","P.O. Box 235, 7673 Praesent St.","A");
INSERT INTO `en_p2m_transportista` (`TraCod`,`TraNom`,`TraApePat`,`TraApeMat`,`TraRazSoc`,`TraNomCom`,`TraDomFis`,`TraTel`,`TraEmail`,`TraDir`,`EstRegCod`) VALUES ("2","Odysseus","Knapp","Whitehead","Magna Institute","Suspendisse Incorporated","109-4165 Augue St.","277-069-354","turpis.nec@imperdieteratnonummy.org","3767 Feugiat Road","A");
INSERT INTO `en_p2m_transportista` (`TraCod`,`TraNom`,`TraApePat`,`TraApeMat`,`TraRazSoc`,`TraNomCom`,`TraDomFis`,`TraTel`,`TraEmail`,`TraDir`,`EstRegCod`) VALUES ("3","Robin","Diaz","Hatfield","Dis Parturient Montes Corporation","Est Mauris Rhoncus Associates","P.O. Box 563, 5988 Volutpat. Rd.","050-529-718","sodales.purus.in@vestibulumnequesed.ca","Ap #612-8571 Nisi. St.","A");
INSERT INTO `en_p2m_transportista` (`TraCod`,`TraNom`,`TraApePat`,`TraApeMat`,`TraRazSoc`,`TraNomCom`,`TraDomFis`,`TraTel`,`TraEmail`,`TraDir`,`EstRegCod`) VALUES ("4","Henry","Shepard","Baldwin","Dapibus Corporation","Eu Associates","P.O. Box 399, 1866 Lacinia Street","562-583-489","felis.ullamcorper.viverra@Aenean.com","P.O. Box 616, 4477 Ipsum. St.","A");
INSERT INTO `en_p2m_transportista` (`TraCod`,`TraNom`,`TraApePat`,`TraApeMat`,`TraRazSoc`,`TraNomCom`,`TraDomFis`,`TraTel`,`TraEmail`,`TraDir`,`EstRegCod`) VALUES ("5","Chiquita","Tyson","Willis","Integer Inc.","Nibh Donec Est Limited","Ap #662-3669 Arcu. Avenue","832-966-273","mi.Aliquam.gravida@sem.ca","Ap #403-7353 Aliquam Ave","A");
INSERT INTO `en_p2m_transportista` (`TraCod`,`TraNom`,`TraApePat`,`TraApeMat`,`TraRazSoc`,`TraNomCom`,`TraDomFis`,`TraTel`,`TraEmail`,`TraDir`,`EstRegCod`) VALUES ("6","Scarlet","Beach","Clarke","Consectetuer Rhoncus Nullam Corporation","Risus Institute","Ap #196-6463 Eros. Ave","441-666-322","in@ultricesDuisvolutpat.org","Ap #599-9643 Etiam Rd.","A");
INSERT INTO `en_p2m_transportista` (`TraCod`,`TraNom`,`TraApePat`,`TraApeMat`,`TraRazSoc`,`TraNomCom`,`TraDomFis`,`TraTel`,`TraEmail`,`TraDir`,`EstRegCod`) VALUES ("7","Zahir","Sharpe","Mccullough","Ut Ipsum LLP","Felis Nulla Tempor Company","P.O. Box 390, 580 Nullam Avenue","656-546-916","diam.Proin@Vivamusrhoncus.org","Ap #119-4188 Felis, Street","A");
INSERT INTO `en_p2m_transportista` (`TraCod`,`TraNom`,`TraApePat`,`TraApeMat`,`TraRazSoc`,`TraNomCom`,`TraDomFis`,`TraTel`,`TraEmail`,`TraDir`,`EstRegCod`) VALUES ("8","Ross","Chandler","Roberson","Lectus Cum Institute","In Company","P.O. Box 913, 9879 Est Ave","515-645-948","felis@risusQuisque.com","Ap #262-9621 Eu Rd.","A");
INSERT INTO `en_p2m_transportista` (`TraCod`,`TraNom`,`TraApePat`,`TraApeMat`,`TraRazSoc`,`TraNomCom`,`TraDomFis`,`TraTel`,`TraEmail`,`TraDir`,`EstRegCod`) VALUES ("9","Idola","Patrick","Austin","Cum Company","Ante Limited","Ap #409-5848 Leo, Av.","583-338-497","eu.turpis@massarutrum.net","P.O. Box 313, 9976 Facilisis Street","A");
INSERT INTO `en_p2m_transportista` (`TraCod`,`TraNom`,`TraApePat`,`TraApeMat`,`TraRazSoc`,`TraNomCom`,`TraDomFis`,`TraTel`,`TraEmail`,`TraDir`,`EstRegCod`) VALUES ("10","Vance","Schmidt","Levy","Aliquam Fringilla Cursus Inc.","Nec PC","Ap #805-7379 Montes, Rd.","909-591-236","eu.enim@anteVivamusnon.com","434-5690 Viverra. Ave","A");
INSERT INTO `en_p2m_transportista` (`TraCod`,`TraNom`,`TraApePat`,`TraApeMat`,`TraRazSoc`,`TraNomCom`,`TraDomFis`,`TraTel`,`TraEmail`,`TraDir`,`EstRegCod`) VALUES ("11","Neil","Glenn","Mcneil","Sed Est Nunc LLC","Dolor PC","P.O. Box 915, 2675 Urna. St.","143-767-575","magna.Sed.eu@lacuspede.com","P.O. Box 414, 5726 A, Rd.","A");
INSERT INTO `en_p2m_transportista` (`TraCod`,`TraNom`,`TraApePat`,`TraApeMat`,`TraRazSoc`,`TraNomCom`,`TraDomFis`,`TraTel`,`TraEmail`,`TraDir`,`EstRegCod`) VALUES ("12","Shannon","Daniel","Phillips","Fames Institute","Suspendisse Sed Corporation","P.O. Box 371, 9623 Amet, Ave","601-020-221","enim.gravida.sit@turpisAliquamadipiscing.net","4936 Elit Road","A");
INSERT INTO `en_p2m_transportista` (`TraCod`,`TraNom`,`TraApePat`,`TraApeMat`,`TraRazSoc`,`TraNomCom`,`TraDomFis`,`TraTel`,`TraEmail`,`TraDir`,`EstRegCod`) VALUES ("13","India","George","Herrera","Est Arcu Corporation","Sed Et Industries","P.O. Box 784, 7465 Fusce Avenue","063-701-150","in.hendrerit.consectetuer@blandit.com","2888 Auctor Av.","A");
INSERT INTO `en_p2m_transportista` (`TraCod`,`TraNom`,`TraApePat`,`TraApeMat`,`TraRazSoc`,`TraNomCom`,`TraDomFis`,`TraTel`,`TraEmail`,`TraDir`,`EstRegCod`) VALUES ("14","Indigo","Navarro","Monroe","Sed Consulting","Ornare Sagittis Consulting","8136 Semper Rd.","050-644-613","ipsum.non.arcu@porttitorinterdumSed.net","Ap #750-8257 Parturient Ave","A");
INSERT INTO `en_p2m_transportista` (`TraCod`,`TraNom`,`TraApePat`,`TraApeMat`,`TraRazSoc`,`TraNomCom`,`TraDomFis`,`TraTel`,`TraEmail`,`TraDir`,`EstRegCod`) VALUES ("15","Dane","Bryan","Sawyer","Ante LLC","Gravida Sit Amet Incorporated","Ap #711-9453 Ac Avenue","543-800-939","Nulla.aliquet.Proin@loremvitae.co.uk","Ap #660-4557 Mi Ave","A");
INSERT INTO `en_p2m_transportista` (`TraCod`,`TraNom`,`TraApePat`,`TraApeMat`,`TraRazSoc`,`TraNomCom`,`TraDomFis`,`TraTel`,`TraEmail`,`TraDir`,`EstRegCod`) VALUES ("16","Cameran","Mcintosh","Brady","Mi Lorem Vehicula LLP","Nisi A Inc.","489-7503 Ut Ave","889-156-409","nec@Vivamusnon.co.uk","P.O. Box 647, 3833 Sapien. Avenue","A");
INSERT INTO `en_p2m_transportista` (`TraCod`,`TraNom`,`TraApePat`,`TraApeMat`,`TraRazSoc`,`TraNomCom`,`TraDomFis`,`TraTel`,`TraEmail`,`TraDir`,`EstRegCod`) VALUES ("17","Jack","Castillo","Henson","Congue Elit Sed Consulting","Scelerisque Institute","6606 Convallis Rd.","744-746-625","tellus.imperdiet.non@variusultricesmauris.com","Ap #382-5370 Suspendisse Road","A");
INSERT INTO `en_p2m_transportista` (`TraCod`,`TraNom`,`TraApePat`,`TraApeMat`,`TraRazSoc`,`TraNomCom`,`TraDomFis`,`TraTel`,`TraEmail`,`TraDir`,`EstRegCod`) VALUES ("18","Jane","Terry","England","Quis Diam Industries","Habitant Morbi Tristique Consulting","Ap #343-5383 Donec Rd.","018-953-740","dui.augue.eu@Nullamvitaediam.ca","P.O. Box 838, 6339 Mi St.","A");
INSERT INTO `en_p2m_transportista` (`TraCod`,`TraNom`,`TraApePat`,`TraApeMat`,`TraRazSoc`,`TraNomCom`,`TraDomFis`,`TraTel`,`TraEmail`,`TraDir`,`EstRegCod`) VALUES ("19","Nolan","Owen","Clements","Cras LLC","Ultrices Iaculis Odio Corp.","749-8287 Proin Street","741-196-277","tempor.bibendum@Suspendisse.com","Ap #320-1011 Curabitur Rd.","A");
INSERT INTO `en_p2m_transportista` (`TraCod`,`TraNom`,`TraApePat`,`TraApeMat`,`TraRazSoc`,`TraNomCom`,`TraDomFis`,`TraTel`,`TraEmail`,`TraDir`,`EstRegCod`) VALUES ("20","Kyra","Grant","Houston","Dictum Inc.","Sed Foundation","P.O. Box 354, 9426 Donec Av.","258-277-350","mus.Proin@nunc.com","3187 Eu Ave","A");
INSERT INTO `en_p2m_transportista` (`TraCod`,`TraNom`,`TraApePat`,`TraApeMat`,`TraRazSoc`,`TraNomCom`,`TraDomFis`,`TraTel`,`TraEmail`,`TraDir`,`EstRegCod`) VALUES ("21","Ashton","Parrish","Rollins","Accumsan Corporation","Mus Aenean Eget Consulting","700-158 Eleifend Ave","323-912-093","sem.ut@orciconsectetuer.org","P.O. Box 140, 8085 Ultricies Rd.","A");
INSERT INTO `en_p2m_transportista` (`TraCod`,`TraNom`,`TraApePat`,`TraApeMat`,`TraRazSoc`,`TraNomCom`,`TraDomFis`,`TraTel`,`TraEmail`,`TraDir`,`EstRegCod`) VALUES ("22","Joel","Whitley","Dunn","Diam Nunc Ullamcorper Ltd","Massa Vestibulum Accumsan Company","4857 Consequat St.","217-796-757","elementum.lorem.ut@Integervitae.ca","Ap #347-997 Ridiculus Rd.","A");
INSERT INTO `en_p2m_transportista` (`TraCod`,`TraNom`,`TraApePat`,`TraApeMat`,`TraRazSoc`,`TraNomCom`,`TraDomFis`,`TraTel`,`TraEmail`,`TraDir`,`EstRegCod`) VALUES ("23","Reece","Benton","Mitchell","Fusce Mi LLC","Dictum Phasellus Incorporated","4739 Consectetuer Rd.","453-751-177","Donec.vitae@posuerevulputate.com","6247 Tristique Road","A");
INSERT INTO `en_p2m_transportista` (`TraCod`,`TraNom`,`TraApePat`,`TraApeMat`,`TraRazSoc`,`TraNomCom`,`TraDomFis`,`TraTel`,`TraEmail`,`TraDir`,`EstRegCod`) VALUES ("24","Jeanette","Phelps","Mullen","Porttitor Ltd","Neque LLP","P.O. Box 781, 3360 Nulla Rd.","362-986-253","Phasellus.at.augue@nibhsit.co.uk","902-842 Dui Rd.","A");
INSERT INTO `en_p2m_transportista` (`TraCod`,`TraNom`,`TraApePat`,`TraApeMat`,`TraRazSoc`,`TraNomCom`,`TraDomFis`,`TraTel`,`TraEmail`,`TraDir`,`EstRegCod`) VALUES ("25","Blaze","Garza","Jacobson","Hendrerit Company","Nibh Quisque Nonummy Foundation","701-7582 Consectetuer, Road","016-472-356","pretium.et.rutrum@rutrumnon.com","P.O. Box 952, 6102 Auctor. Avenue","A");
INSERT INTO `en_p2m_transportista` (`TraCod`,`TraNom`,`TraApePat`,`TraApeMat`,`TraRazSoc`,`TraNomCom`,`TraDomFis`,`TraTel`,`TraEmail`,`TraDir`,`EstRegCod`) VALUES ("26","Bruno","Perez","Jordan","Et Incorporated","Malesuada Fringilla Est LLP","452-5486 Vehicula St.","239-008-912","Nam@Integereulacus.edu","P.O. Box 831, 5696 Amet Ave","A");
INSERT INTO `en_p2m_transportista` (`TraCod`,`TraNom`,`TraApePat`,`TraApeMat`,`TraRazSoc`,`TraNomCom`,`TraDomFis`,`TraTel`,`TraEmail`,`TraDir`,`EstRegCod`) VALUES ("27","Kirk","Bennett","Peters","Lacus Ltd","Interdum LLP","P.O. Box 807, 550 In Av.","271-376-455","Quisque.tincidunt.pede@Aliquamerat.edu","502-480 Commodo St.","A");
INSERT INTO `en_p2m_transportista` (`TraCod`,`TraNom`,`TraApePat`,`TraApeMat`,`TraRazSoc`,`TraNomCom`,`TraDomFis`,`TraTel`,`TraEmail`,`TraDir`,`EstRegCod`) VALUES ("28","Alice","Wheeler","Mcfarland","Risus Duis A Industries","Suscipit Est Associates","762-4418 Commodo Av.","480-365-926","sit@acsem.ca","963-9210 Lorem St.","A");
INSERT INTO `en_p2m_transportista` (`TraCod`,`TraNom`,`TraApePat`,`TraApeMat`,`TraRazSoc`,`TraNomCom`,`TraDomFis`,`TraTel`,`TraEmail`,`TraDir`,`EstRegCod`) VALUES ("29","Hu","Morton","Jackson","Nunc Quis Arcu Inc.","Feugiat Placerat Velit LLC","5638 Quis Rd.","104-044-798","mattis@euismodenim.ca","371-2428 Eu St.","A");
INSERT INTO `en_p2m_transportista` (`TraCod`,`TraNom`,`TraApePat`,`TraApeMat`,`TraRazSoc`,`TraNomCom`,`TraDomFis`,`TraTel`,`TraEmail`,`TraDir`,`EstRegCod`) VALUES ("30","Jordan","Holt","Clayton","Risus Donec Egestas Institute","Nulla Eget Incorporated","P.O. Box 404, 5678 Massa. Av.","903-710-902","Donec.fringilla.Donec@id.net","Ap #178-8229 Mauris Ave","A");
INSERT INTO `en_p2m_transportista` (`TraCod`,`TraNom`,`TraApePat`,`TraApeMat`,`TraRazSoc`,`TraNomCom`,`TraDomFis`,`TraTel`,`TraEmail`,`TraDir`,`EstRegCod`) VALUES ("31","Fiona","Morrow","Cardenas","Eu Metus Ltd","Nunc Ac Mattis Associates","Ap #879-2482 Amet St.","635-704-677","aliquet@dapibusgravida.com","Ap #840-4320 Erat Road","A");
INSERT INTO `en_p2m_transportista` (`TraCod`,`TraNom`,`TraApePat`,`TraApeMat`,`TraRazSoc`,`TraNomCom`,`TraDomFis`,`TraTel`,`TraEmail`,`TraDir`,`EstRegCod`) VALUES ("32","Laith","Stevenson","Shelton","Integer Aliquam Consulting","Augue Scelerisque Ltd","Ap #276-3944 Magna. Road","153-801-726","Donec.luctus@etultricesposuere.edu","Ap #901-8329 Enim. Av.","A");
INSERT INTO `en_p2m_transportista` (`TraCod`,`TraNom`,`TraApePat`,`TraApeMat`,`TraRazSoc`,`TraNomCom`,`TraDomFis`,`TraTel`,`TraEmail`,`TraDir`,`EstRegCod`) VALUES ("33","Philip","Ochoa","Warren","Aliquam Eu Accumsan Incorporated","Congue A Industries","4998 Etiam Rd.","020-017-414","sociis.natoque.penatibus@Inat.co.uk","P.O. Box 382, 5863 Mauris Avenue","A");
INSERT INTO `en_p2m_transportista` (`TraCod`,`TraNom`,`TraApePat`,`TraApeMat`,`TraRazSoc`,`TraNomCom`,`TraDomFis`,`TraTel`,`TraEmail`,`TraDir`,`EstRegCod`) VALUES ("34","Iris","Gallegos","Hodges","Diam At Company","Ac Mattis Incorporated","8812 Sollicitudin Road","056-136-950","neque.sed.dictum@orciluctus.com","Ap #168-566 Facilisis Rd.","A");
INSERT INTO `en_p2m_transportista` (`TraCod`,`TraNom`,`TraApePat`,`TraApeMat`,`TraRazSoc`,`TraNomCom`,`TraDomFis`,`TraTel`,`TraEmail`,`TraDir`,`EstRegCod`) VALUES ("35","Deirdre","Russo","Roth","Quis Incorporated","Fringilla Euismod Enim Corporation","P.O. Box 960, 9542 Mattis Road","807-088-682","Fusce.feugiat@gravidanon.edu","P.O. Box 366, 3965 In Ave","A");
INSERT INTO `en_p2m_transportista` (`TraCod`,`TraNom`,`TraApePat`,`TraApeMat`,`TraRazSoc`,`TraNomCom`,`TraDomFis`,`TraTel`,`TraEmail`,`TraDir`,`EstRegCod`) VALUES ("36","Clinton","Rice","Carr","Libero Est Congue Consulting","In Foundation","Ap #390-7004 Mattis Ave","661-623-791","ligula.consectetuer@netusetmalesuada.edu","253-8497 Quam St.","A");
INSERT INTO `en_p2m_transportista` (`TraCod`,`TraNom`,`TraApePat`,`TraApeMat`,`TraRazSoc`,`TraNomCom`,`TraDomFis`,`TraTel`,`TraEmail`,`TraDir`,`EstRegCod`) VALUES ("37","Eden","Houston","Rice","Lacus Limited","Interdum PC","6482 Adipiscing Ave","586-384-269","Nunc.sollicitudin.commodo@inmagnaPhasellus.co.uk","431-579 Arcu. St.","A");
INSERT INTO `en_p2m_transportista` (`TraCod`,`TraNom`,`TraApePat`,`TraApeMat`,`TraRazSoc`,`TraNomCom`,`TraDomFis`,`TraTel`,`TraEmail`,`TraDir`,`EstRegCod`) VALUES ("38","Mallory","Herman","Campbell","Metus In Nec Associates","Faucibus PC","Ap #237-185 Vestibulum St.","369-036-648","lorem@purusaccumsaninterdum.ca","P.O. Box 921, 1127 Suspendisse Avenue","A");
INSERT INTO `en_p2m_transportista` (`TraCod`,`TraNom`,`TraApePat`,`TraApeMat`,`TraRazSoc`,`TraNomCom`,`TraDomFis`,`TraTel`,`TraEmail`,`TraDir`,`EstRegCod`) VALUES ("39","Maris","Santana","Long","Tincidunt Nibh Phasellus Limited","Mattis Integer Eu LLP","P.O. Box 803, 2629 Sit Avenue","008-554-739","Vivamus.rhoncus@dignissimlacusAliquam.ca","781-2571 Mauris Road","A");
INSERT INTO `en_p2m_transportista` (`TraCod`,`TraNom`,`TraApePat`,`TraApeMat`,`TraRazSoc`,`TraNomCom`,`TraDomFis`,`TraTel`,`TraEmail`,`TraDir`,`EstRegCod`) VALUES ("40","Yardley","Klein","Kramer","Maecenas Iaculis Aliquet Foundation","Imperdiet Ullamcorper Industries","601-3804 Risus Rd.","757-201-095","sed@Inlorem.net","9139 Gravida Road","A");
INSERT INTO `en_p2m_transportista` (`TraCod`,`TraNom`,`TraApePat`,`TraApeMat`,`TraRazSoc`,`TraNomCom`,`TraDomFis`,`TraTel`,`TraEmail`,`TraDir`,`EstRegCod`) VALUES ("41","Callum","Cooper","Shepard","Orci Luctus Company","Dictum Foundation","Ap #264-3916 Auctor Street","669-097-321","odio.a.purus@Vestibulum.edu","3776 Consectetuer Av.","A");
INSERT INTO `en_p2m_transportista` (`TraCod`,`TraNom`,`TraApePat`,`TraApeMat`,`TraRazSoc`,`TraNomCom`,`TraDomFis`,`TraTel`,`TraEmail`,`TraDir`,`EstRegCod`) VALUES ("42","Keegan","Combs","Adams","Aliquam Iaculis LLC","Risus LLP","Ap #259-7907 Nulla Avenue","208-650-454","vitae.erat.vel@nonenimMauris.com","804-1043 Curae; Street","A");
INSERT INTO `en_p2m_transportista` (`TraCod`,`TraNom`,`TraApePat`,`TraApeMat`,`TraRazSoc`,`TraNomCom`,`TraDomFis`,`TraTel`,`TraEmail`,`TraDir`,`EstRegCod`) VALUES ("43","Farrah","Phillips","Clayton","Feugiat Tellus LLC","Semper Et LLC","P.O. Box 676, 6204 Cras Road","927-065-133","urna.nec@justoProinnon.com","P.O. Box 356, 4779 Integer St.","A");
INSERT INTO `en_p2m_transportista` (`TraCod`,`TraNom`,`TraApePat`,`TraApeMat`,`TraRazSoc`,`TraNomCom`,`TraDomFis`,`TraTel`,`TraEmail`,`TraDir`,`EstRegCod`) VALUES ("44","Baxter","Gutierrez","Rodriguez","Urna Nec Luctus Foundation","Ornare Elit Elit Consulting","Ap #570-9159 Donec Av.","215-159-693","libero.Proin.mi@sempercursusInteger.com","1773 Velit Street","A");
INSERT INTO `en_p2m_transportista` (`TraCod`,`TraNom`,`TraApePat`,`TraApeMat`,`TraRazSoc`,`TraNomCom`,`TraDomFis`,`TraTel`,`TraEmail`,`TraDir`,`EstRegCod`) VALUES ("45","Nathaniel","Hodge","Payne","Luctus Ipsum Leo Foundation","Enim Suspendisse Aliquet Limited","P.O. Box 354, 2217 Enim. St.","137-899-545","mi.pede.nonummy@aliquet.edu","211-7002 Nisl Rd.","A");
INSERT INTO `en_p2m_transportista` (`TraCod`,`TraNom`,`TraApePat`,`TraApeMat`,`TraRazSoc`,`TraNomCom`,`TraDomFis`,`TraTel`,`TraEmail`,`TraDir`,`EstRegCod`) VALUES ("46","Farrah","Estes","Bates","Dis Parturient Montes Foundation","Dapibus Ligula Aliquam Inc.","2231 Aliquet Avenue","927-489-265","In@Etiamligulatortor.co.uk","534-7505 Turpis Street","A");
INSERT INTO `en_p2m_transportista` (`TraCod`,`TraNom`,`TraApePat`,`TraApeMat`,`TraRazSoc`,`TraNomCom`,`TraDomFis`,`TraTel`,`TraEmail`,`TraDir`,`EstRegCod`) VALUES ("47","Chaim","Ford","Melendez","Nunc PC","Phasellus Vitae Limited","Ap #827-749 Adipiscing Street","544-320-683","Donec.est@musProinvel.com","Ap #747-1060 Sem St.","A");
INSERT INTO `en_p2m_transportista` (`TraCod`,`TraNom`,`TraApePat`,`TraApeMat`,`TraRazSoc`,`TraNomCom`,`TraDomFis`,`TraTel`,`TraEmail`,`TraDir`,`EstRegCod`) VALUES ("48","Gray","Sawyer","Garrett","Sit Corp.","Vel Quam PC","Ap #770-8302 Ac Avenue","189-630-604","ac@nisinibh.edu","777-2531 Mi St.","A");
INSERT INTO `en_p2m_transportista` (`TraCod`,`TraNom`,`TraApePat`,`TraApeMat`,`TraRazSoc`,`TraNomCom`,`TraDomFis`,`TraTel`,`TraEmail`,`TraDir`,`EstRegCod`) VALUES ("49","Ebony","Norman","Dixon","Etiam Limited","Duis Dignissim Tempor Inc.","483-6571 Consectetuer Rd.","451-465-101","pede@Donecatarcu.edu","435-3968 Tempus, Rd.","A");
INSERT INTO `en_p2m_transportista` (`TraCod`,`TraNom`,`TraApePat`,`TraApeMat`,`TraRazSoc`,`TraNomCom`,`TraDomFis`,`TraTel`,`TraEmail`,`TraDir`,`EstRegCod`) VALUES ("50","Uriel","Puckett","Duncan","Ac Arcu Incorporated","Condimentum Industries","687-4745 Tempor Rd.","304-398-592","condimentum.eget@accumsanneque.edu","7776 Et Av.","A");
INSERT INTO `en_p2m_transportista` (`TraCod`,`TraNom`,`TraApePat`,`TraApeMat`,`TraRazSoc`,`TraNomCom`,`TraDomFis`,`TraTel`,`TraEmail`,`TraDir`,`EstRegCod`) VALUES ("51","Willa","Guzman","Boyd","Magnis Ltd","Nam Industries","P.O. Box 973, 269 Adipiscing, Street","622-272-451","turpis.nec@Inlorem.co.uk","Ap #382-5440 Etiam Avenue","A");
INSERT INTO `en_p2m_transportista` (`TraCod`,`TraNom`,`TraApePat`,`TraApeMat`,`TraRazSoc`,`TraNomCom`,`TraDomFis`,`TraTel`,`TraEmail`,`TraDir`,`EstRegCod`) VALUES ("52","Lisandra","Key","Mccullough","In Sodales Elit Inc.","Facilisis Lorem Corporation","814-4153 Fermentum Avenue","273-763-820","ac.orci.Ut@ac.com","Ap #453-5884 Pede. Road","A");
INSERT INTO `en_p2m_transportista` (`TraCod`,`TraNom`,`TraApePat`,`TraApeMat`,`TraRazSoc`,`TraNomCom`,`TraDomFis`,`TraTel`,`TraEmail`,`TraDir`,`EstRegCod`) VALUES ("53","Avye","Douglas","Garrett","Magnis Industries","Tristique Ac Eleifend Associates","7091 Aliquam Road","323-522-777","ipsum.porta.elit@ante.org","886-6825 Nam Ave","A");
INSERT INTO `en_p2m_transportista` (`TraCod`,`TraNom`,`TraApePat`,`TraApeMat`,`TraRazSoc`,`TraNomCom`,`TraDomFis`,`TraTel`,`TraEmail`,`TraDir`,`EstRegCod`) VALUES ("54","Caryn","Irwin","Hess","Aliquam Erat Volutpat Corp.","Ante Maecenas Mi Company","Ap #196-2681 Purus St.","836-003-157","pharetra.nibh@Vivamus.co.uk","Ap #951-5251 Aliquet Street","A");
INSERT INTO `en_p2m_transportista` (`TraCod`,`TraNom`,`TraApePat`,`TraApeMat`,`TraRazSoc`,`TraNomCom`,`TraDomFis`,`TraTel`,`TraEmail`,`TraDir`,`EstRegCod`) VALUES ("55","Brock","Dean","Sanchez","Amet Company","Magnis Dis Corporation","P.O. Box 290, 451 Sit Avenue","495-945-746","Morbi.quis.urna@est.ca","Ap #130-257 Sed Avenue","A");
INSERT INTO `en_p2m_transportista` (`TraCod`,`TraNom`,`TraApePat`,`TraApeMat`,`TraRazSoc`,`TraNomCom`,`TraDomFis`,`TraTel`,`TraEmail`,`TraDir`,`EstRegCod`) VALUES ("56","Amena","Chen","Patton","Sed LLP","Donec Est Nunc Foundation","P.O. Box 132, 2491 Et Av.","856-797-430","enim.mi.tempor@metusvitae.ca","270-9694 In Rd.","A");
INSERT INTO `en_p2m_transportista` (`TraCod`,`TraNom`,`TraApePat`,`TraApeMat`,`TraRazSoc`,`TraNomCom`,`TraDomFis`,`TraTel`,`TraEmail`,`TraDir`,`EstRegCod`) VALUES ("57","Armando","Cash","Burch","At Consulting","Interdum Ligula Eu Limited","P.O. Box 682, 1791 Magnis Ave","038-985-835","nascetur.ridiculus.mus@Cumsociisnatoque.co.uk","7717 Eget Road","A");
INSERT INTO `en_p2m_transportista` (`TraCod`,`TraNom`,`TraApePat`,`TraApeMat`,`TraRazSoc`,`TraNomCom`,`TraDomFis`,`TraTel`,`TraEmail`,`TraDir`,`EstRegCod`) VALUES ("58","Hedley","Garrison","Shelton","Eget Odio Aliquam Company","Praesent Eu Nulla LLC","263-7339 Accumsan Street","993-268-410","mi.fringilla.mi@massaSuspendisseeleifend.com","Ap #122-5855 Non, St.","A");
INSERT INTO `en_p2m_transportista` (`TraCod`,`TraNom`,`TraApePat`,`TraApeMat`,`TraRazSoc`,`TraNomCom`,`TraDomFis`,`TraTel`,`TraEmail`,`TraDir`,`EstRegCod`) VALUES ("59","Aurelia","Frye","Cotton","Fusce Mollis Company","Urna Nullam Lobortis Consulting","5414 Fringilla Road","991-773-280","tellus.non@ipsum.org","P.O. Box 807, 6806 Id, Ave","A");
INSERT INTO `en_p2m_transportista` (`TraCod`,`TraNom`,`TraApePat`,`TraApeMat`,`TraRazSoc`,`TraNomCom`,`TraDomFis`,`TraTel`,`TraEmail`,`TraDir`,`EstRegCod`) VALUES ("60","Merritt","Dickerson","Massey","Magna PC","Mi Lacinia LLP","Ap #516-508 Suspendisse Rd.","161-754-899","vitae.erat.Vivamus@Donec.co.uk","Ap #916-2264 Mauris Road","A");
INSERT INTO `en_p2m_transportista` (`TraCod`,`TraNom`,`TraApePat`,`TraApeMat`,`TraRazSoc`,`TraNomCom`,`TraDomFis`,`TraTel`,`TraEmail`,`TraDir`,`EstRegCod`) VALUES ("61","Michael","Sherman","Norris","Feugiat Non Lobortis Inc.","Primis In Ltd","422-3718 Nulla Rd.","056-220-748","elit.a.feugiat@luctusipsum.ca","8684 Nunc St.","A");
INSERT INTO `en_p2m_transportista` (`TraCod`,`TraNom`,`TraApePat`,`TraApeMat`,`TraRazSoc`,`TraNomCom`,`TraDomFis`,`TraTel`,`TraEmail`,`TraDir`,`EstRegCod`) VALUES ("62","Ayanna","Simon","Phillips","Mattis LLC","Varius Et Foundation","4271 Urna. Ave","409-483-836","id@sitametlorem.edu","P.O. Box 898, 4250 Lectus. Rd.","A");
INSERT INTO `en_p2m_transportista` (`TraCod`,`TraNom`,`TraApePat`,`TraApeMat`,`TraRazSoc`,`TraNomCom`,`TraDomFis`,`TraTel`,`TraEmail`,`TraDir`,`EstRegCod`) VALUES ("63","Quinlan","Schneider","Sloan","Velit Foundation","Tempor Inc.","2577 Turpis. Avenue","431-086-369","elementum@nasceturridiculusmus.co.uk","2935 Magna Av.","A");
INSERT INTO `en_p2m_transportista` (`TraCod`,`TraNom`,`TraApePat`,`TraApeMat`,`TraRazSoc`,`TraNomCom`,`TraDomFis`,`TraTel`,`TraEmail`,`TraDir`,`EstRegCod`) VALUES ("64","Ivy","Burton","Riddle","Proin Velit Sed Industries","Elit Industries","443-3436 Aenean Ave","543-793-885","accumsan@risus.ca","Ap #912-3042 Et Rd.","A");
INSERT INTO `en_p2m_transportista` (`TraCod`,`TraNom`,`TraApePat`,`TraApeMat`,`TraRazSoc`,`TraNomCom`,`TraDomFis`,`TraTel`,`TraEmail`,`TraDir`,`EstRegCod`) VALUES ("65","Martin","Ware","Henderson","Est Tempor Foundation","Ante Nunc Mauris LLC","P.O. Box 682, 5520 Magnis Rd.","984-018-001","quis@estmauris.co.uk","2136 Ut St.","A");
INSERT INTO `en_p2m_transportista` (`TraCod`,`TraNom`,`TraApePat`,`TraApeMat`,`TraRazSoc`,`TraNomCom`,`TraDomFis`,`TraTel`,`TraEmail`,`TraDir`,`EstRegCod`) VALUES ("66","Sonya","Alford","Stevens","Pede Ultrices A Institute","Quisque Porttitor LLC","P.O. Box 168, 2299 Sodales Rd.","758-086-214","ridiculus.mus@lectusrutrum.net","615-3113 Phasellus Av.","A");
INSERT INTO `en_p2m_transportista` (`TraCod`,`TraNom`,`TraApePat`,`TraApeMat`,`TraRazSoc`,`TraNomCom`,`TraDomFis`,`TraTel`,`TraEmail`,`TraDir`,`EstRegCod`) VALUES ("67","Raphael","Riggs","Weeks","Nonummy Fusce LLP","Nibh Sit Foundation","Ap #677-2892 Integer St.","833-889-936","consequat.lectus.sit@augueacipsum.edu","P.O. Box 240, 3794 Et, Ave","A");
INSERT INTO `en_p2m_transportista` (`TraCod`,`TraNom`,`TraApePat`,`TraApeMat`,`TraRazSoc`,`TraNomCom`,`TraDomFis`,`TraTel`,`TraEmail`,`TraDir`,`EstRegCod`) VALUES ("68","Nigel","Weeks","Knox","Iaculis Lacus Ltd","Mi Enim Incorporated","1001 Nec Avenue","824-556-764","Nunc@dui.edu","Ap #821-4416 Sit Av.","A");
INSERT INTO `en_p2m_transportista` (`TraCod`,`TraNom`,`TraApePat`,`TraApeMat`,`TraRazSoc`,`TraNomCom`,`TraDomFis`,`TraTel`,`TraEmail`,`TraDir`,`EstRegCod`) VALUES ("69","Ursa","Joyce","Preston","Faucibus Lectus Corporation","Euismod Incorporated","Ap #758-290 Mattis St.","962-132-804","Lorem@Sed.ca","P.O. Box 882, 9821 A, Street","A");
INSERT INTO `en_p2m_transportista` (`TraCod`,`TraNom`,`TraApePat`,`TraApeMat`,`TraRazSoc`,`TraNomCom`,`TraDomFis`,`TraTel`,`TraEmail`,`TraDir`,`EstRegCod`) VALUES ("70","Galvin","Mcguire","Dalton","Elit Etiam Consulting","Nisi Corp.","Ap #516-4514 Libero. Av.","274-984-467","dictum@purusmauris.edu","9919 In St.","A");
INSERT INTO `en_p2m_transportista` (`TraCod`,`TraNom`,`TraApePat`,`TraApeMat`,`TraRazSoc`,`TraNomCom`,`TraDomFis`,`TraTel`,`TraEmail`,`TraDir`,`EstRegCod`) VALUES ("71","Jessamine","Mcknight","Battle","Vulputate Nisi Foundation","Amet Ante Vivamus Corporation","P.O. Box 463, 1885 Magna. Avenue","975-012-255","non.feugiat@dolorFuscemi.co.uk","Ap #346-6834 Ac, Road","A");
INSERT INTO `en_p2m_transportista` (`TraCod`,`TraNom`,`TraApePat`,`TraApeMat`,`TraRazSoc`,`TraNomCom`,`TraDomFis`,`TraTel`,`TraEmail`,`TraDir`,`EstRegCod`) VALUES ("72","Jeremy","Hopper","Mitchell","Commodo Company","Enim Mauris Foundation","9581 Gravida St.","223-352-188","diam.Proin.dolor@quis.co.uk","125-591 Eget Av.","A");
INSERT INTO `en_p2m_transportista` (`TraCod`,`TraNom`,`TraApePat`,`TraApeMat`,`TraRazSoc`,`TraNomCom`,`TraDomFis`,`TraTel`,`TraEmail`,`TraDir`,`EstRegCod`) VALUES ("73","Joelle","Bush","Frost","Nulla Cras Eu Corporation","Natoque Penatibus PC","Ap #725-1512 Non Rd.","563-427-533","semper.tellus.id@pharetra.net","2861 Amet Street","A");
INSERT INTO `en_p2m_transportista` (`TraCod`,`TraNom`,`TraApePat`,`TraApeMat`,`TraRazSoc`,`TraNomCom`,`TraDomFis`,`TraTel`,`TraEmail`,`TraDir`,`EstRegCod`) VALUES ("74","Skyler","Robbins","Meyer","Vivamus Rhoncus Associates","Dolor Nonummy Foundation","551 Non Av.","059-977-110","ligula@purusinmolestie.co.uk","2530 Vulputate, Rd.","A");
INSERT INTO `en_p2m_transportista` (`TraCod`,`TraNom`,`TraApePat`,`TraApeMat`,`TraRazSoc`,`TraNomCom`,`TraDomFis`,`TraTel`,`TraEmail`,`TraDir`,`EstRegCod`) VALUES ("75","Amaya","Morrow","Mayo","Tempus Lorem Fringilla Incorporated","Maecenas Ornare Corp.","Ap #999-1463 Adipiscing St.","750-778-310","massa.Quisque.porttitor@etipsumcursus.org","Ap #407-4691 Velit Rd.","A");
INSERT INTO `en_p2m_transportista` (`TraCod`,`TraNom`,`TraApePat`,`TraApeMat`,`TraRazSoc`,`TraNomCom`,`TraDomFis`,`TraTel`,`TraEmail`,`TraDir`,`EstRegCod`) VALUES ("76","Connor","Donovan","Goodwin","Vitae Aliquet Nec Foundation","Vestibulum Accumsan Neque Inc.","Ap #114-2417 Iaculis Road","523-065-035","sit.amet@quamafelis.org","P.O. Box 629, 336 Porttitor Rd.","A");
INSERT INTO `en_p2m_transportista` (`TraCod`,`TraNom`,`TraApePat`,`TraApeMat`,`TraRazSoc`,`TraNomCom`,`TraDomFis`,`TraTel`,`TraEmail`,`TraDir`,`EstRegCod`) VALUES ("77","Frances","Dickson","Bentley","Ipsum Sodales Consulting","Sit Amet Diam Foundation","P.O. Box 822, 9544 A, Ave","912-326-054","urna.Nunc@scelerisquescelerisquedui.co.uk","P.O. Box 471, 2005 Dis Avenue","A");
INSERT INTO `en_p2m_transportista` (`TraCod`,`TraNom`,`TraApePat`,`TraApeMat`,`TraRazSoc`,`TraNomCom`,`TraDomFis`,`TraTel`,`TraEmail`,`TraDir`,`EstRegCod`) VALUES ("78","Fatima","Leach","Burks","Ornare Lectus Ante Industries","Fermentum Corp.","P.O. Box 500, 4736 Id St.","207-502-274","aliquam@Craspellentesque.net","223-7712 Nulla Road","A");
INSERT INTO `en_p2m_transportista` (`TraCod`,`TraNom`,`TraApePat`,`TraApeMat`,`TraRazSoc`,`TraNomCom`,`TraDomFis`,`TraTel`,`TraEmail`,`TraDir`,`EstRegCod`) VALUES ("79","Keith","Crosby","Madden","Rutrum Justo Institute","Cubilia Curae; Ltd","P.O. Box 400, 2639 Augue Road","631-931-154","nec@eunulla.co.uk","4540 Mauris Street","A");
INSERT INTO `en_p2m_transportista` (`TraCod`,`TraNom`,`TraApePat`,`TraApeMat`,`TraRazSoc`,`TraNomCom`,`TraDomFis`,`TraTel`,`TraEmail`,`TraDir`,`EstRegCod`) VALUES ("80","Virginia","Meyers","Burks","Turpis Vitae Ltd","Tellus Nunc Incorporated","6292 Quis Road","159-574-780","natoque.penatibus.et@rutrum.com","9574 Eleifend. Avenue","A");
INSERT INTO `en_p2m_transportista` (`TraCod`,`TraNom`,`TraApePat`,`TraApeMat`,`TraRazSoc`,`TraNomCom`,`TraDomFis`,`TraTel`,`TraEmail`,`TraDir`,`EstRegCod`) VALUES ("81","Malachi","Hopkins","Grant","Quis LLP","Nunc Inc.","818-7126 Dui Rd.","064-698-171","Sed.id.risus@arcu.net","P.O. Box 167, 6797 Malesuada Rd.","A");
INSERT INTO `en_p2m_transportista` (`TraCod`,`TraNom`,`TraApePat`,`TraApeMat`,`TraRazSoc`,`TraNomCom`,`TraDomFis`,`TraTel`,`TraEmail`,`TraDir`,`EstRegCod`) VALUES ("82","Price","Beard","English","Bibendum Sed Est LLC","Diam Pellentesque LLC","Ap #417-2658 Sem Rd.","268-442-375","lacinia@Nullamvitae.net","235-7137 Cubilia St.","A");
INSERT INTO `en_p2m_transportista` (`TraCod`,`TraNom`,`TraApePat`,`TraApeMat`,`TraRazSoc`,`TraNomCom`,`TraDomFis`,`TraTel`,`TraEmail`,`TraDir`,`EstRegCod`) VALUES ("83","Tana","Gilliam","Johnston","Primis In Faucibus Company","Consequat Limited","P.O. Box 869, 1423 Metus. Street","443-160-831","fringilla.euismod.enim@litora.ca","Ap #828-4713 Quis Av.","A");
INSERT INTO `en_p2m_transportista` (`TraCod`,`TraNom`,`TraApePat`,`TraApeMat`,`TraRazSoc`,`TraNomCom`,`TraDomFis`,`TraTel`,`TraEmail`,`TraDir`,`EstRegCod`) VALUES ("84","Genevieve","Morrison","Robertson","Ornare LLP","Ac PC","9763 Semper. Rd.","350-321-381","et@facilisis.edu","P.O. Box 131, 6582 Non Ave","A");
INSERT INTO `en_p2m_transportista` (`TraCod`,`TraNom`,`TraApePat`,`TraApeMat`,`TraRazSoc`,`TraNomCom`,`TraDomFis`,`TraTel`,`TraEmail`,`TraDir`,`EstRegCod`) VALUES ("85","Adele","Ballard","Carey","Nascetur Company","Cubilia Incorporated","762-4925 In Ave","399-823-545","tellus@ut.edu","920 Eu Rd.","A");
INSERT INTO `en_p2m_transportista` (`TraCod`,`TraNom`,`TraApePat`,`TraApeMat`,`TraRazSoc`,`TraNomCom`,`TraDomFis`,`TraTel`,`TraEmail`,`TraDir`,`EstRegCod`) VALUES ("86","Illiana","Morris","Acevedo","A Enim Suspendisse LLC","Suspendisse Commodo Tincidunt Inc.","8062 Lectus Street","852-104-940","fermentum.convallis@arcu.co.uk","Ap #573-4158 Vivamus Av.","A");
INSERT INTO `en_p2m_transportista` (`TraCod`,`TraNom`,`TraApePat`,`TraApeMat`,`TraRazSoc`,`TraNomCom`,`TraDomFis`,`TraTel`,`TraEmail`,`TraDir`,`EstRegCod`) VALUES ("87","Jane","Cooley","Curtis","Dapibus Ligula Ltd","Sollicitudin Adipiscing Ligula Corporation","Ap #315-1509 Arcu Av.","919-267-874","eu@duinecurna.org","6523 Cursus. Road","A");
INSERT INTO `en_p2m_transportista` (`TraCod`,`TraNom`,`TraApePat`,`TraApeMat`,`TraRazSoc`,`TraNomCom`,`TraDomFis`,`TraTel`,`TraEmail`,`TraDir`,`EstRegCod`) VALUES ("88","Audra","Lang","Mack","Netus Consulting","Tellus Limited","874-6098 Justo Ave","608-093-349","ultricies.ornare.elit@lacusMaurisnon.org","2955 Vitae, Road","A");
INSERT INTO `en_p2m_transportista` (`TraCod`,`TraNom`,`TraApePat`,`TraApeMat`,`TraRazSoc`,`TraNomCom`,`TraDomFis`,`TraTel`,`TraEmail`,`TraDir`,`EstRegCod`) VALUES ("89","Ainsley","Holder","Mcintosh","Duis Incorporated","Tempor Diam Dictum LLC","Ap #170-3401 Egestas. Ave","792-524-416","erat@Suspendissesagittis.com","5197 Vehicula Rd.","A");
INSERT INTO `en_p2m_transportista` (`TraCod`,`TraNom`,`TraApePat`,`TraApeMat`,`TraRazSoc`,`TraNomCom`,`TraDomFis`,`TraTel`,`TraEmail`,`TraDir`,`EstRegCod`) VALUES ("90","Amanda","Silva","Gray","Cras Dolor Corp.","Sollicitudin Commodo Ltd","1861 Ac Rd.","328-626-704","vitae.odio.sagittis@necmauris.net","5787 Nascetur Rd.","A");
INSERT INTO `en_p2m_transportista` (`TraCod`,`TraNom`,`TraApePat`,`TraApeMat`,`TraRazSoc`,`TraNomCom`,`TraDomFis`,`TraTel`,`TraEmail`,`TraDir`,`EstRegCod`) VALUES ("91","Colette","Finch","Acosta","Elit A Incorporated","Morbi Quis Urna Inc.","Ap #624-5342 Pede. Street","491-554-199","est@euismod.net","9525 Consequat Street","A");
INSERT INTO `en_p2m_transportista` (`TraCod`,`TraNom`,`TraApePat`,`TraApeMat`,`TraRazSoc`,`TraNomCom`,`TraDomFis`,`TraTel`,`TraEmail`,`TraDir`,`EstRegCod`) VALUES ("92","Berk","Burgess","Wong","Consectetuer Ipsum Nunc LLP","A Industries","P.O. Box 498, 3150 Aenean St.","744-250-027","Aliquam@quamdignissimpharetra.edu","804-2204 Dui St.","A");
INSERT INTO `en_p2m_transportista` (`TraCod`,`TraNom`,`TraApePat`,`TraApeMat`,`TraRazSoc`,`TraNomCom`,`TraDomFis`,`TraTel`,`TraEmail`,`TraDir`,`EstRegCod`) VALUES ("93","Aiko","Larsen","Nixon","Condimentum PC","A Tortor Limited","340-1328 Phasellus Road","762-648-577","risus.Donec@vulputatemauris.com","P.O. Box 736, 2318 Tempus Avenue","A");
INSERT INTO `en_p2m_transportista` (`TraCod`,`TraNom`,`TraApePat`,`TraApeMat`,`TraRazSoc`,`TraNomCom`,`TraDomFis`,`TraTel`,`TraEmail`,`TraDir`,`EstRegCod`) VALUES ("94","Macon","Watson","Cohen","Ante Iaculis Nec Corporation","Nunc Sed Incorporated","P.O. Box 455, 5764 Ut Avenue","889-980-725","Proin@nonhendreritid.edu","P.O. Box 799, 1441 Sem Street","A");
INSERT INTO `en_p2m_transportista` (`TraCod`,`TraNom`,`TraApePat`,`TraApeMat`,`TraRazSoc`,`TraNomCom`,`TraDomFis`,`TraTel`,`TraEmail`,`TraDir`,`EstRegCod`) VALUES ("95","Althea","Dawson","Ruiz","Vulputate Dui Nec LLP","Felis Donec Tempor Industries","852-3782 Egestas. Avenue","633-206-704","Duis.risus.odio@ategestasa.net","Ap #141-8499 Arcu. Rd.","A");
INSERT INTO `en_p2m_transportista` (`TraCod`,`TraNom`,`TraApePat`,`TraApeMat`,`TraRazSoc`,`TraNomCom`,`TraDomFis`,`TraTel`,`TraEmail`,`TraDir`,`EstRegCod`) VALUES ("96","Sydney","Castro","Johnson","Egestas Institute","Diam LLP","P.O. Box 561, 8475 Enim. Ave","819-780-633","Vestibulum@Uttincidunt.ca","676 Erat, St.","A");
INSERT INTO `en_p2m_transportista` (`TraCod`,`TraNom`,`TraApePat`,`TraApeMat`,`TraRazSoc`,`TraNomCom`,`TraDomFis`,`TraTel`,`TraEmail`,`TraDir`,`EstRegCod`) VALUES ("97","Joshua","Obrien","Guerra","Et Institute","Feugiat Lorem Industries","776-3838 Dui Street","522-031-650","Phasellus@nec.org","P.O. Box 804, 6399 Accumsan St.","A");
INSERT INTO `en_p2m_transportista` (`TraCod`,`TraNom`,`TraApePat`,`TraApeMat`,`TraRazSoc`,`TraNomCom`,`TraDomFis`,`TraTel`,`TraEmail`,`TraDir`,`EstRegCod`) VALUES ("98","Aretha","Britt","Everett","Velit Cras Lorem LLC","Maecenas Corporation","932-5386 Enim. Ave","095-050-876","Nulla@tinciduntorciquis.ca","Ap #983-4672 Interdum. Rd.","A");
INSERT INTO `en_p2m_transportista` (`TraCod`,`TraNom`,`TraApePat`,`TraApeMat`,`TraRazSoc`,`TraNomCom`,`TraDomFis`,`TraTel`,`TraEmail`,`TraDir`,`EstRegCod`) VALUES ("99","Elaine","Fitzgerald","Deleon","Consequat Lectus Incorporated","Mauris Vestibulum Neque Corp.","6216 Magna. Av.","772-700-284","nec.ligula@nullaat.edu","P.O. Box 922, 1215 Eget, Rd.","A");
INSERT INTO `en_p2m_transportista` (`TraCod`,`TraNom`,`TraApePat`,`TraApeMat`,`TraRazSoc`,`TraNomCom`,`TraDomFis`,`TraTel`,`TraEmail`,`TraDir`,`EstRegCod`) VALUES ("100","Sonia","Christensen","Parker","Tempus Mauris Erat LLC","Molestie Limited","724 Libero Av.","250-070-452","accumsan.convallis.ante@Phaselluselit.ca","Ap #716-9846 Elit Rd.","A");
INSERT INTO `en_p2m_transportista` (`TraCod`,`TraNom`,`TraApePat`,`TraApeMat`,`TraRazSoc`,`TraNomCom`,`TraDomFis`,`TraTel`,`TraEmail`,`TraDir`,`EstRegCod`) VALUES ("101","Yuri","French","Ortiz","Lorem Fringilla Ornare Company","Egestas Duis Incorporated","P.O. Box 306, 3410 Porttitor Road","796-612-839","nec.urna@libero.org","2047 Etiam Rd.","A");
INSERT INTO `en_p2m_transportista` (`TraCod`,`TraNom`,`TraApePat`,`TraApeMat`,`TraRazSoc`,`TraNomCom`,`TraDomFis`,`TraTel`,`TraEmail`,`TraDir`,`EstRegCod`) VALUES ("102","Yvette","Brady","Key","Ornare Facilisis Eget Associates","Felis Purus Inc.","3805 Leo Avenue","285-821-436","Curabitur.dictum.Phasellus@amet.org","P.O. Box 662, 677 Donec Rd.","A");
INSERT INTO `en_p2m_transportista` (`TraCod`,`TraNom`,`TraApePat`,`TraApeMat`,`TraRazSoc`,`TraNomCom`,`TraDomFis`,`TraTel`,`TraEmail`,`TraDir`,`EstRegCod`) VALUES ("103","Pandora","Kidd","Brown","Donec Ltd","Nunc Mauris Morbi LLP","3290 Dolor, Ave","777-514-450","risus.Nulla@commodoat.com","515-7277 Iaculis Street","A");
INSERT INTO `en_p2m_transportista` (`TraCod`,`TraNom`,`TraApePat`,`TraApeMat`,`TraRazSoc`,`TraNomCom`,`TraDomFis`,`TraTel`,`TraEmail`,`TraDir`,`EstRegCod`) VALUES ("104","Warren","Grimes","Joyner","Curabitur Associates","Faucibus Lectus A Company","P.O. Box 997, 2204 Ligula Road","178-179-634","eget.volutpat.ornare@pede.co.uk","3579 Velit Av.","A");
INSERT INTO `en_p2m_transportista` (`TraCod`,`TraNom`,`TraApePat`,`TraApeMat`,`TraRazSoc`,`TraNomCom`,`TraDomFis`,`TraTel`,`TraEmail`,`TraDir`,`EstRegCod`) VALUES ("105","Whilemina","Roy","Lang","Massa Lobortis Ultrices LLC","Mollis Inc.","4564 Ornare, Ave","054-321-850","ligula.tortor.dictum@acipsum.net","543-6285 Amet Road","A");
INSERT INTO `en_p2m_transportista` (`TraCod`,`TraNom`,`TraApePat`,`TraApeMat`,`TraRazSoc`,`TraNomCom`,`TraDomFis`,`TraTel`,`TraEmail`,`TraDir`,`EstRegCod`) VALUES ("106","Judith","Zamora","Hurley","Nulla Integer Consulting","Blandit Mattis Incorporated","P.O. Box 852, 291 Ut Road","914-201-976","dui@interdum.net","Ap #277-6600 Ornare. Street","A");
INSERT INTO `en_p2m_transportista` (`TraCod`,`TraNom`,`TraApePat`,`TraApeMat`,`TraRazSoc`,`TraNomCom`,`TraDomFis`,`TraTel`,`TraEmail`,`TraDir`,`EstRegCod`) VALUES ("107","Kelsey","Blevins","Vinson","Quam Associates","Elit Elit Fermentum Institute","Ap #438-9550 Varius Rd.","720-423-133","aliquet.molestie@molestiearcu.edu","696-9601 Vestibulum Rd.","A");
INSERT INTO `en_p2m_transportista` (`TraCod`,`TraNom`,`TraApePat`,`TraApeMat`,`TraRazSoc`,`TraNomCom`,`TraDomFis`,`TraTel`,`TraEmail`,`TraDir`,`EstRegCod`) VALUES ("108","Benjamin","Bradley","Mcconnell","Et Nunc Associates","Nec Incorporated","910 Eleifend, Rd.","324-458-838","augue.ac.ipsum@interdumenimnon.ca","Ap #602-3337 Nunc Rd.","A");
INSERT INTO `en_p2m_transportista` (`TraCod`,`TraNom`,`TraApePat`,`TraApeMat`,`TraRazSoc`,`TraNomCom`,`TraDomFis`,`TraTel`,`TraEmail`,`TraDir`,`EstRegCod`) VALUES ("109","Demetrius","Beasley","Hinton","Amet Metus Aliquam Associates","Tortor Consulting","Ap #213-4092 Ac, St.","300-268-304","nulla.at@sedfacilisisvitae.org","P.O. Box 951, 5506 Aliquet, Rd.","A");
INSERT INTO `en_p2m_transportista` (`TraCod`,`TraNom`,`TraApePat`,`TraApeMat`,`TraRazSoc`,`TraNomCom`,`TraDomFis`,`TraTel`,`TraEmail`,`TraDir`,`EstRegCod`) VALUES ("110","Maryam","Hunter","Nguyen","Blandit Viverra Company","At Pede Company","960-9676 Hendrerit. St.","374-137-443","leo@Namligula.net","630-6009 Consequat Avenue","A");
INSERT INTO `en_p2m_transportista` (`TraCod`,`TraNom`,`TraApePat`,`TraApeMat`,`TraRazSoc`,`TraNomCom`,`TraDomFis`,`TraTel`,`TraEmail`,`TraDir`,`EstRegCod`) VALUES ("111","Wilma","Mccormick","Haney","Nunc Institute","Et Risus Quisque Industries","Ap #449-2765 Elementum, Rd.","421-094-354","neque@convallis.com","2307 Arcu. Street","A");
INSERT INTO `en_p2m_transportista` (`TraCod`,`TraNom`,`TraApePat`,`TraApeMat`,`TraRazSoc`,`TraNomCom`,`TraDomFis`,`TraTel`,`TraEmail`,`TraDir`,`EstRegCod`) VALUES ("112","Blaine","Stewart","Frost","Malesuada Vel Venenatis Inc.","Pede Praesent Eu LLC","6833 Dui. Rd.","291-475-268","Etiam.vestibulum@semperegestas.com","488-1074 Sem Rd.","A");
INSERT INTO `en_p2m_transportista` (`TraCod`,`TraNom`,`TraApePat`,`TraApeMat`,`TraRazSoc`,`TraNomCom`,`TraDomFis`,`TraTel`,`TraEmail`,`TraDir`,`EstRegCod`) VALUES ("113","Astra","Hubbard","Livingston","Tincidunt PC","Vitae Foundation","1885 Ipsum Street","829-263-256","nulla@musDonec.co.uk","132-1345 Morbi Ave","A");
INSERT INTO `en_p2m_transportista` (`TraCod`,`TraNom`,`TraApePat`,`TraApeMat`,`TraRazSoc`,`TraNomCom`,`TraDomFis`,`TraTel`,`TraEmail`,`TraDir`,`EstRegCod`) VALUES ("114","Indigo","Wilder","Hardy","Sed Et Incorporated","Egestas Aliquam Fringilla Limited","918-3499 Enim. Rd.","340-487-702","dignissim.tempor@sed.co.uk","P.O. Box 434, 4176 Vestibulum Rd.","A");
INSERT INTO `en_p2m_transportista` (`TraCod`,`TraNom`,`TraApePat`,`TraApeMat`,`TraRazSoc`,`TraNomCom`,`TraDomFis`,`TraTel`,`TraEmail`,`TraDir`,`EstRegCod`) VALUES ("115","Maia","Sanford","Combs","Ac Mi PC","Montes LLC","4074 Cras Rd.","846-285-961","euismod.est.arcu@vestibulum.com","Ap #515-9148 Consectetuer Rd.","A");
INSERT INTO `en_p2m_transportista` (`TraCod`,`TraNom`,`TraApePat`,`TraApeMat`,`TraRazSoc`,`TraNomCom`,`TraDomFis`,`TraTel`,`TraEmail`,`TraDir`,`EstRegCod`) VALUES ("116","Jamal","Freeman","Moon","Magna Malesuada LLC","Nullam Scelerisque Industries","Ap #868-9095 Amet Rd.","194-231-909","Donec.tempor.est@Phasellus.ca","Ap #401-6109 Egestas. Rd.","A");
INSERT INTO `en_p2m_transportista` (`TraCod`,`TraNom`,`TraApePat`,`TraApeMat`,`TraRazSoc`,`TraNomCom`,`TraDomFis`,`TraTel`,`TraEmail`,`TraDir`,`EstRegCod`) VALUES ("117","Francesca","Mitchell","Larsen","Mauris LLP","Leo Elementum Limited","3499 Parturient Ave","745-772-674","tellus.faucibus@Seddiam.com","Ap #456-2473 Metus. Avenue","A");
INSERT INTO `en_p2m_transportista` (`TraCod`,`TraNom`,`TraApePat`,`TraApeMat`,`TraRazSoc`,`TraNomCom`,`TraDomFis`,`TraTel`,`TraEmail`,`TraDir`,`EstRegCod`) VALUES ("118","Vernon","Sanchez","Preston","Orci Consulting","Lorem PC","Ap #192-8568 Molestie Av.","245-113-599","fermentum.fermentum.arcu@Intinciduntcongue.com","Ap #959-4224 A, St.","A");
INSERT INTO `en_p2m_transportista` (`TraCod`,`TraNom`,`TraApePat`,`TraApeMat`,`TraRazSoc`,`TraNomCom`,`TraDomFis`,`TraTel`,`TraEmail`,`TraDir`,`EstRegCod`) VALUES ("119","Lenore","Riley","Potter","Nibh Phasellus Institute","Vivamus Nibh Dolor Company","8504 Aliquam Ave","645-659-257","ac.libero@nequenonquam.com","P.O. Box 455, 7622 Aenean Street","A");
INSERT INTO `en_p2m_transportista` (`TraCod`,`TraNom`,`TraApePat`,`TraApeMat`,`TraRazSoc`,`TraNomCom`,`TraDomFis`,`TraTel`,`TraEmail`,`TraDir`,`EstRegCod`) VALUES ("120","Tashya","Sharp","Guerra","Eget Tincidunt PC","Lacus Cras Corporation","P.O. Box 478, 5944 Erat Rd.","208-512-706","cursus.et.magna@malesuada.com","8837 Netus Street","A");
INSERT INTO `en_p2m_transportista` (`TraCod`,`TraNom`,`TraApePat`,`TraApeMat`,`TraRazSoc`,`TraNomCom`,`TraDomFis`,`TraTel`,`TraEmail`,`TraDir`,`EstRegCod`) VALUES ("121","Elaine","Roach","Farrell","Nunc Laoreet Consulting","Ligula Donec Luctus Incorporated","492-5292 Mollis. St.","671-942-169","sed@nasceturridiculus.edu","4624 Libero. Street","A");
INSERT INTO `en_p2m_transportista` (`TraCod`,`TraNom`,`TraApePat`,`TraApeMat`,`TraRazSoc`,`TraNomCom`,`TraDomFis`,`TraTel`,`TraEmail`,`TraDir`,`EstRegCod`) VALUES ("122","Cynthia","Dawson","Strong","Dictum Proin Eget Ltd","Dui Nec Urna Limited","6061 Augue Road","363-490-474","sodales.Mauris.blandit@Fuscedolorquam.com","426-3155 Urna Avenue","A");
INSERT INTO `en_p2m_transportista` (`TraCod`,`TraNom`,`TraApePat`,`TraApeMat`,`TraRazSoc`,`TraNomCom`,`TraDomFis`,`TraTel`,`TraEmail`,`TraDir`,`EstRegCod`) VALUES ("123","Justin","Hamilton","Acosta","Non LLP","Nec Foundation","P.O. Box 420, 7657 Sit Rd.","529-659-494","sit.amet@In.com","1289 Duis St.","A");
INSERT INTO `en_p2m_transportista` (`TraCod`,`TraNom`,`TraApePat`,`TraApeMat`,`TraRazSoc`,`TraNomCom`,`TraDomFis`,`TraTel`,`TraEmail`,`TraDir`,`EstRegCod`) VALUES ("124","Hadley","Bean","Hopper","Massa Rutrum Company","Magnis Dis Parturient Corp.","Ap #606-5228 Magna Rd.","778-237-654","aliquet.Proin@justofaucibuslectus.com","4920 Curabitur Road","A");
INSERT INTO `en_p2m_transportista` (`TraCod`,`TraNom`,`TraApePat`,`TraApeMat`,`TraRazSoc`,`TraNomCom`,`TraDomFis`,`TraTel`,`TraEmail`,`TraDir`,`EstRegCod`) VALUES ("125","Kylynn","Oneal","Weaver","Quisque Libero Corporation","Volutpat Corp.","698-9429 Convallis St.","279-577-024","a.enim@eu.edu","Ap #904-3778 Tincidunt. Rd.","A");
INSERT INTO `en_p2m_transportista` (`TraCod`,`TraNom`,`TraApePat`,`TraApeMat`,`TraRazSoc`,`TraNomCom`,`TraDomFis`,`TraTel`,`TraEmail`,`TraDir`,`EstRegCod`) VALUES ("126","Katell","Vargas","Henderson","Ipsum Primis Consulting","Dolor Corp.","786-3814 Dignissim St.","703-452-051","lobortis.augue@interdumCurabitur.co.uk","608-8890 Tincidunt. Rd.","A");
INSERT INTO `en_p2m_transportista` (`TraCod`,`TraNom`,`TraApePat`,`TraApeMat`,`TraRazSoc`,`TraNomCom`,`TraDomFis`,`TraTel`,`TraEmail`,`TraDir`,`EstRegCod`) VALUES ("127","Shelley","Chase","Mcdaniel","Montes Nascetur Ridiculus Inc.","Ut Dolor Dapibus Company","Ap #993-357 Turpis Street","209-148-534","ante.blandit.viverra@tempusnon.edu","Ap #460-123 Eleifend Ave","A");
INSERT INTO `en_p2m_transportista` (`TraCod`,`TraNom`,`TraApePat`,`TraApeMat`,`TraRazSoc`,`TraNomCom`,`TraDomFis`,`TraTel`,`TraEmail`,`TraDir`,`EstRegCod`) VALUES ("128","Tallulah","Holcomb","Carrillo","Id Erat Foundation","Risus At Fringilla Consulting","Ap #410-3408 Fringilla St.","741-409-315","vel.turpis@natoquepenatibus.com","2362 Libero Rd.","A");
INSERT INTO `en_p2m_transportista` (`TraCod`,`TraNom`,`TraApePat`,`TraApeMat`,`TraRazSoc`,`TraNomCom`,`TraDomFis`,`TraTel`,`TraEmail`,`TraDir`,`EstRegCod`) VALUES ("129","Eugenia","Patel","Workman","Curabitur Inc.","Sem LLP","P.O. Box 687, 5713 Elit, Av.","821-415-853","eget.ipsum.Donec@adipiscingfringillaporttitor.org","1580 Varius Av.","A");
INSERT INTO `en_p2m_transportista` (`TraCod`,`TraNom`,`TraApePat`,`TraApeMat`,`TraRazSoc`,`TraNomCom`,`TraDomFis`,`TraTel`,`TraEmail`,`TraDir`,`EstRegCod`) VALUES ("130","Quinlan","Austin","Mcconnell","Euismod Est Corp.","Eget Ipsum Suspendisse LLP","P.O. Box 951, 4621 A Street","134-700-999","libero.nec@enim.net","P.O. Box 218, 3647 Sem Ave","A");
INSERT INTO `en_p2m_transportista` (`TraCod`,`TraNom`,`TraApePat`,`TraApeMat`,`TraRazSoc`,`TraNomCom`,`TraDomFis`,`TraTel`,`TraEmail`,`TraDir`,`EstRegCod`) VALUES ("131","Taylor","Howard","Park","Erat Foundation","Dui Fusce Consulting","6174 Nibh Rd.","595-178-980","diam@tellussem.org","P.O. Box 805, 1591 Enim Rd.","A");
INSERT INTO `en_p2m_transportista` (`TraCod`,`TraNom`,`TraApePat`,`TraApeMat`,`TraRazSoc`,`TraNomCom`,`TraDomFis`,`TraTel`,`TraEmail`,`TraDir`,`EstRegCod`) VALUES ("132","Keefe","Roberts","Holcomb","Morbi Neque Tellus Institute","Amet Consectetuer Adipiscing Industries","Ap #556-7023 Pede Avenue","057-180-640","massa@metusVivamus.ca","688-8438 Ridiculus Rd.","A");
INSERT INTO `en_p2m_transportista` (`TraCod`,`TraNom`,`TraApePat`,`TraApeMat`,`TraRazSoc`,`TraNomCom`,`TraDomFis`,`TraTel`,`TraEmail`,`TraDir`,`EstRegCod`) VALUES ("133","Britanni","Shaffer","Cotton","Ipsum Donec Ltd","Nullam Ltd","Ap #241-6129 Vel Rd.","213-609-205","tincidunt.pede.ac@consectetuer.com","313-6860 Nam St.","A");
INSERT INTO `en_p2m_transportista` (`TraCod`,`TraNom`,`TraApePat`,`TraApeMat`,`TraRazSoc`,`TraNomCom`,`TraDomFis`,`TraTel`,`TraEmail`,`TraDir`,`EstRegCod`) VALUES ("134","Judah","Miles","Nolan","At Nisi Cum LLC","Eget Metus Corporation","526-6002 Vel, Street","136-034-711","cursus.Nunc.mauris@euelitNulla.com","5036 Euismod Rd.","A");
INSERT INTO `en_p2m_transportista` (`TraCod`,`TraNom`,`TraApePat`,`TraApeMat`,`TraRazSoc`,`TraNomCom`,`TraDomFis`,`TraTel`,`TraEmail`,`TraDir`,`EstRegCod`) VALUES ("135","Jena","Newton","Kidd","Scelerisque Dui Suspendisse Corp.","Enim Condimentum Institute","227-4956 Metus. Road","918-025-864","vitae.risus@nisiaodio.net","P.O. Box 111, 1250 Hendrerit Ave","A");
INSERT INTO `en_p2m_transportista` (`TraCod`,`TraNom`,`TraApePat`,`TraApeMat`,`TraRazSoc`,`TraNomCom`,`TraDomFis`,`TraTel`,`TraEmail`,`TraDir`,`EstRegCod`) VALUES ("136","Naida","Beach","Compton","Mollis Incorporated","Cubilia Incorporated","5403 Erat. Avenue","415-330-317","tellus.sem.mollis@a.ca","P.O. Box 844, 8662 Aenean Rd.","A");
INSERT INTO `en_p2m_transportista` (`TraCod`,`TraNom`,`TraApePat`,`TraApeMat`,`TraRazSoc`,`TraNomCom`,`TraDomFis`,`TraTel`,`TraEmail`,`TraDir`,`EstRegCod`) VALUES ("137","Lee","Pennington","Chapman","Iaculis Quis Pede Industries","Lectus Consulting","Ap #274-1273 Morbi Avenue","564-880-761","erat.eget.ipsum@molestietellusAenean.ca","Ap #394-6810 Eu Ave","A");
INSERT INTO `en_p2m_transportista` (`TraCod`,`TraNom`,`TraApePat`,`TraApeMat`,`TraRazSoc`,`TraNomCom`,`TraDomFis`,`TraTel`,`TraEmail`,`TraDir`,`EstRegCod`) VALUES ("138","Aurora","Cherry","Nicholson","Bibendum Fermentum Metus Institute","Vestibulum LLC","7632 Pharetra Av.","056-940-538","in.consectetuer.ipsum@metus.ca","Ap #124-3038 Augue St.","A");
INSERT INTO `en_p2m_transportista` (`TraCod`,`TraNom`,`TraApePat`,`TraApeMat`,`TraRazSoc`,`TraNomCom`,`TraDomFis`,`TraTel`,`TraEmail`,`TraDir`,`EstRegCod`) VALUES ("139","Mikayla","Waller","York","Fringilla Porttitor Vulputate Corp.","Ipsum Dolor LLC","Ap #603-7594 Mus. Road","607-122-074","feugiat.metus.sit@miDuisrisus.co.uk","4535 Integer Avenue","A");
INSERT INTO `en_p2m_transportista` (`TraCod`,`TraNom`,`TraApePat`,`TraApeMat`,`TraRazSoc`,`TraNomCom`,`TraDomFis`,`TraTel`,`TraEmail`,`TraDir`,`EstRegCod`) VALUES ("140","Harrison","Lucas","Ferguson","Sodales Corporation","At Libero Corporation","9310 Pellentesque, Rd.","033-492-954","congue.In@ipsum.com","833-7697 Tristique Street","A");
INSERT INTO `en_p2m_transportista` (`TraCod`,`TraNom`,`TraApePat`,`TraApeMat`,`TraRazSoc`,`TraNomCom`,`TraDomFis`,`TraTel`,`TraEmail`,`TraDir`,`EstRegCod`) VALUES ("141","Lance","Jacobson","Massey","Mi Lacinia Mattis Ltd","Duis Sit Amet Ltd","9253 Vitae Rd.","932-730-757","mauris.ipsum.porta@vestibulumneque.edu","P.O. Box 820, 6659 Sed Ave","A");
INSERT INTO `en_p2m_transportista` (`TraCod`,`TraNom`,`TraApePat`,`TraApeMat`,`TraRazSoc`,`TraNomCom`,`TraDomFis`,`TraTel`,`TraEmail`,`TraDir`,`EstRegCod`) VALUES ("142","Darius","Graham","Bass","Rutrum Justo Praesent LLC","Aenean Sed Industries","P.O. Box 693, 9111 Ultrices Rd.","343-247-545","risus.Nulla.eget@Morbi.co.uk","P.O. Box 594, 9049 Euismod Rd.","A");
INSERT INTO `en_p2m_transportista` (`TraCod`,`TraNom`,`TraApePat`,`TraApeMat`,`TraRazSoc`,`TraNomCom`,`TraDomFis`,`TraTel`,`TraEmail`,`TraDir`,`EstRegCod`) VALUES ("143","Courtney","Solomon","Landry","Non Egestas LLC","Eu Accumsan Industries","Ap #464-7604 Fermentum Rd.","768-681-677","eget.mollis.lectus@Donecdignissim.net","P.O. Box 530, 7324 Nunc Ave","A");
INSERT INTO `en_p2m_transportista` (`TraCod`,`TraNom`,`TraApePat`,`TraApeMat`,`TraRazSoc`,`TraNomCom`,`TraDomFis`,`TraTel`,`TraEmail`,`TraDir`,`EstRegCod`) VALUES ("144","Delilah","Hodges","Montgomery","Pellentesque Massa Lobortis Corp.","Phasellus PC","155-6474 Nec, Ave","094-418-642","netus.et.malesuada@euduiCum.edu","3526 Vitae St.","A");
INSERT INTO `en_p2m_transportista` (`TraCod`,`TraNom`,`TraApePat`,`TraApeMat`,`TraRazSoc`,`TraNomCom`,`TraDomFis`,`TraTel`,`TraEmail`,`TraDir`,`EstRegCod`) VALUES ("145","Sybil","Briggs","Evans","Et Ltd","Facilisis Non LLP","P.O. Box 852, 694 Egestas, St.","483-070-196","Morbi.metus@eulacusQuisque.edu","P.O. Box 507, 606 Tellus Ave","A");
INSERT INTO `en_p2m_transportista` (`TraCod`,`TraNom`,`TraApePat`,`TraApeMat`,`TraRazSoc`,`TraNomCom`,`TraDomFis`,`TraTel`,`TraEmail`,`TraDir`,`EstRegCod`) VALUES ("146","Shafira","Coffey","Reese","Curabitur Egestas Nunc Incorporated","Bibendum Ullamcorper Duis Inc.","1617 Neque Road","783-418-183","volutpat.nunc@Duiscursusdiam.com","2020 Nibh Rd.","A");
INSERT INTO `en_p2m_transportista` (`TraCod`,`TraNom`,`TraApePat`,`TraApeMat`,`TraRazSoc`,`TraNomCom`,`TraDomFis`,`TraTel`,`TraEmail`,`TraDir`,`EstRegCod`) VALUES ("147","Illana","Spence","Hoffman","Nulla PC","Fringilla Ornare Foundation","P.O. Box 304, 6213 Faucibus St.","490-471-827","ligula@posuerevulputatelacus.net","4125 Nonummy. Ave","A");
INSERT INTO `en_p2m_transportista` (`TraCod`,`TraNom`,`TraApePat`,`TraApeMat`,`TraRazSoc`,`TraNomCom`,`TraDomFis`,`TraTel`,`TraEmail`,`TraDir`,`EstRegCod`) VALUES ("148","Shelley","Carter","Castaneda","Volutpat Ornare Facilisis LLC","Quis Pede Praesent Foundation","678-5549 Eros Ave","477-504-394","posuere.cubilia@posuerecubiliaCurae.org","798-1242 Aliquet Street","A");
INSERT INTO `en_p2m_transportista` (`TraCod`,`TraNom`,`TraApePat`,`TraApeMat`,`TraRazSoc`,`TraNomCom`,`TraDomFis`,`TraTel`,`TraEmail`,`TraDir`,`EstRegCod`) VALUES ("149","Evan","Cabrera","Allen","Mollis Inc.","Euismod Est Ltd","991-1563 Tempor Rd.","914-346-508","a.enim@Utsagittis.net","196-3510 Sed Road","A");
INSERT INTO `en_p2m_transportista` (`TraCod`,`TraNom`,`TraApePat`,`TraApeMat`,`TraRazSoc`,`TraNomCom`,`TraDomFis`,`TraTel`,`TraEmail`,`TraDir`,`EstRegCod`) VALUES ("150","Gage","Tucker","Moses","Volutpat Nulla Dignissim LLC","In Ornare Sagittis Limited","P.O. Box 159, 1444 Lorem Rd.","700-865-150","odio@sit.edu","P.O. Box 312, 1396 Ligula. Road","A");
INSERT INTO `en_p2m_transportista` (`TraCod`,`TraNom`,`TraApePat`,`TraApeMat`,`TraRazSoc`,`TraNomCom`,`TraDomFis`,`TraTel`,`TraEmail`,`TraDir`,`EstRegCod`) VALUES ("151","Veda","Horne","Carver","Mauris Blandit Inc.","Quam Corp.","3806 Erat St.","741-167-862","vulputate@vitaedolorDonec.co.uk","111-5037 Neque. Av.","A");
INSERT INTO `en_p2m_transportista` (`TraCod`,`TraNom`,`TraApePat`,`TraApeMat`,`TraRazSoc`,`TraNomCom`,`TraDomFis`,`TraTel`,`TraEmail`,`TraDir`,`EstRegCod`) VALUES ("152","Ayanna","Mckinney","Mejia","Nunc LLC","Nec Ligula Consectetuer Foundation","P.O. Box 102, 6113 Quam, Road","779-328-874","neque.sed@euismod.org","6035 Vestibulum St.","A");
INSERT INTO `en_p2m_transportista` (`TraCod`,`TraNom`,`TraApePat`,`TraApeMat`,`TraRazSoc`,`TraNomCom`,`TraDomFis`,`TraTel`,`TraEmail`,`TraDir`,`EstRegCod`) VALUES ("153","Emily","Hernandez","Boyd","Rutrum Corp.","Quisque Porttitor Company","9050 Est, Rd.","138-288-340","turpis@ornaresagittis.com","Ap #409-6774 Sed St.","A");
INSERT INTO `en_p2m_transportista` (`TraCod`,`TraNom`,`TraApePat`,`TraApeMat`,`TraRazSoc`,`TraNomCom`,`TraDomFis`,`TraTel`,`TraEmail`,`TraDir`,`EstRegCod`) VALUES ("154","Colt","Pennington","Huff","Arcu Ac Orci Incorporated","Sociis Natoque Company","Ap #545-9723 In Rd.","414-934-669","mollis.dui.in@velitCraslorem.com","P.O. Box 309, 7772 Mi Rd.","A");
INSERT INTO `en_p2m_transportista` (`TraCod`,`TraNom`,`TraApePat`,`TraApeMat`,`TraRazSoc`,`TraNomCom`,`TraDomFis`,`TraTel`,`TraEmail`,`TraDir`,`EstRegCod`) VALUES ("155","Quinn","Page","Reid","Risus At Fringilla Associates","Aliquam Inc.","Ap #211-4269 Luctus Av.","258-190-457","nec.tellus.Nunc@Duisgravida.org","P.O. Box 329, 5783 Non St.","A");
INSERT INTO `en_p2m_transportista` (`TraCod`,`TraNom`,`TraApePat`,`TraApeMat`,`TraRazSoc`,`TraNomCom`,`TraDomFis`,`TraTel`,`TraEmail`,`TraDir`,`EstRegCod`) VALUES ("156","Claudia","Chambers","Hendrix","Maecenas Corporation","Id Institute","322 Commodo St.","505-897-329","elementum.sem@orciluctuset.ca","757-9193 Porttitor Ave","A");
INSERT INTO `en_p2m_transportista` (`TraCod`,`TraNom`,`TraApePat`,`TraApeMat`,`TraRazSoc`,`TraNomCom`,`TraDomFis`,`TraTel`,`TraEmail`,`TraDir`,`EstRegCod`) VALUES ("157","Imani","Fleming","Mccullough","Blandit Mattis Cras Industries","Donec Egestas LLP","Ap #407-9423 Lacinia St.","270-960-176","eleifend.egestas@convallis.net","P.O. Box 631, 4543 Mauris Ave","A");
INSERT INTO `en_p2m_transportista` (`TraCod`,`TraNom`,`TraApePat`,`TraApeMat`,`TraRazSoc`,`TraNomCom`,`TraDomFis`,`TraTel`,`TraEmail`,`TraDir`,`EstRegCod`) VALUES ("158","Casey","Wiggins","Silva","Elit Incorporated","Risus Odio Foundation","P.O. Box 979, 1866 Nisi St.","228-881-669","tortor@enimsit.ca","P.O. Box 919, 4511 Lectus St.","A");
INSERT INTO `en_p2m_transportista` (`TraCod`,`TraNom`,`TraApePat`,`TraApeMat`,`TraRazSoc`,`TraNomCom`,`TraDomFis`,`TraTel`,`TraEmail`,`TraDir`,`EstRegCod`) VALUES ("159","Erich","Fulton","Pratt","Neque Morbi Consulting","Lectus Cum Corporation","Ap #561-1438 Mi, Rd.","991-413-507","magna@Praesent.net","P.O. Box 373, 1938 Ac St.","A");
INSERT INTO `en_p2m_transportista` (`TraCod`,`TraNom`,`TraApePat`,`TraApeMat`,`TraRazSoc`,`TraNomCom`,`TraDomFis`,`TraTel`,`TraEmail`,`TraDir`,`EstRegCod`) VALUES ("160","Candace","Baldwin","Villarreal","Ante Vivamus Corp.","Lectus Consulting","Ap #851-7999 Massa Avenue","972-176-472","vel@in.ca","Ap #800-6919 Et Rd.","A");
INSERT INTO `en_p2m_transportista` (`TraCod`,`TraNom`,`TraApePat`,`TraApeMat`,`TraRazSoc`,`TraNomCom`,`TraDomFis`,`TraTel`,`TraEmail`,`TraDir`,`EstRegCod`) VALUES ("161","Marny","Cunningham","Justice","Phasellus At Augue Corporation","Orci In Consequat PC","Ap #737-3058 Ac Avenue","517-021-059","sit@liberoInteger.org","P.O. Box 474, 4436 Eu, St.","A");
INSERT INTO `en_p2m_transportista` (`TraCod`,`TraNom`,`TraApePat`,`TraApeMat`,`TraRazSoc`,`TraNomCom`,`TraDomFis`,`TraTel`,`TraEmail`,`TraDir`,`EstRegCod`) VALUES ("162","Rudyard","Morin","Fitzgerald","Magna Consulting","Orci Inc.","8550 Id, St.","266-937-425","auctor.velit.Aliquam@Donecfelis.net","5866 Aliquam Rd.","A");
INSERT INTO `en_p2m_transportista` (`TraCod`,`TraNom`,`TraApePat`,`TraApeMat`,`TraRazSoc`,`TraNomCom`,`TraDomFis`,`TraTel`,`TraEmail`,`TraDir`,`EstRegCod`) VALUES ("163","Shay","Durham","Gill","Augue LLC","Ac Industries","Ap #292-2069 Venenatis Rd.","248-498-654","odio@Integersem.edu","Ap #307-6344 Faucibus Av.","A");
INSERT INTO `en_p2m_transportista` (`TraCod`,`TraNom`,`TraApePat`,`TraApeMat`,`TraRazSoc`,`TraNomCom`,`TraDomFis`,`TraTel`,`TraEmail`,`TraDir`,`EstRegCod`) VALUES ("164","Coby","Sutton","Durham","Aliquam Company","Imperdiet Ornare Ltd","Ap #130-2256 Nec, Rd.","950-244-322","luctus@quisdiamluctus.com","3920 Eu Av.","A");
INSERT INTO `en_p2m_transportista` (`TraCod`,`TraNom`,`TraApePat`,`TraApeMat`,`TraRazSoc`,`TraNomCom`,`TraDomFis`,`TraTel`,`TraEmail`,`TraDir`,`EstRegCod`) VALUES ("165","Pearl","Johns","Mcclure","Nisi Nibh Lacinia Corporation","Ligula Donec Ltd","3565 Blandit Av.","347-603-265","faucibus.leo@justosit.ca","Ap #923-8006 Vitae Rd.","A");
INSERT INTO `en_p2m_transportista` (`TraCod`,`TraNom`,`TraApePat`,`TraApeMat`,`TraRazSoc`,`TraNomCom`,`TraDomFis`,`TraTel`,`TraEmail`,`TraDir`,`EstRegCod`) VALUES ("166","Lillith","England","Ramirez","Porttitor Eros Institute","Vulputate Nisi Sem Corporation","904-9318 Ac Rd.","670-979-456","velit@egestasadui.org","387-5823 Sem. Avenue","A");
INSERT INTO `en_p2m_transportista` (`TraCod`,`TraNom`,`TraApePat`,`TraApeMat`,`TraRazSoc`,`TraNomCom`,`TraDomFis`,`TraTel`,`TraEmail`,`TraDir`,`EstRegCod`) VALUES ("167","Irma","Brady","Maynard","Egestas Rhoncus Proin Ltd","Penatibus Et PC","727-3494 Molestie Street","552-839-433","ligula@risusInmi.co.uk","190-4574 Non, St.","A");
INSERT INTO `en_p2m_transportista` (`TraCod`,`TraNom`,`TraApePat`,`TraApeMat`,`TraRazSoc`,`TraNomCom`,`TraDomFis`,`TraTel`,`TraEmail`,`TraDir`,`EstRegCod`) VALUES ("168","Lacey","Pacheco","Cross","Taciti Sociosqu Ad Institute","Ipsum Suspendisse Non Ltd","P.O. Box 942, 1341 Velit St.","052-308-650","sagittis.semper@dui.com","Ap #650-4073 Montes, Street","A");
INSERT INTO `en_p2m_transportista` (`TraCod`,`TraNom`,`TraApePat`,`TraApeMat`,`TraRazSoc`,`TraNomCom`,`TraDomFis`,`TraTel`,`TraEmail`,`TraDir`,`EstRegCod`) VALUES ("169","Leslie","Mcmahon","Good","Eu Sem Pellentesque PC","Orci Ut Sagittis Incorporated","Ap #142-1543 Auctor Rd.","948-128-931","ut.pharetra.sed@amet.edu","4237 Vel, Street","A");
INSERT INTO `en_p2m_transportista` (`TraCod`,`TraNom`,`TraApePat`,`TraApeMat`,`TraRazSoc`,`TraNomCom`,`TraDomFis`,`TraTel`,`TraEmail`,`TraDir`,`EstRegCod`) VALUES ("170","Velma","Munoz","Strong","Turpis Associates","Adipiscing Elit Aliquam LLP","511-7024 Neque. Rd.","110-826-894","ridiculus@malesuadamalesuadaInteger.com","P.O. Box 186, 964 Id, Avenue","A");
INSERT INTO `en_p2m_transportista` (`TraCod`,`TraNom`,`TraApePat`,`TraApeMat`,`TraRazSoc`,`TraNomCom`,`TraDomFis`,`TraTel`,`TraEmail`,`TraDir`,`EstRegCod`) VALUES ("171","Prescott","Case","Lancaster","Mus Institute","Diam Corporation","P.O. Box 902, 8577 Phasellus Road","293-535-442","dui.Suspendisse@tincidunt.ca","P.O. Box 438, 6206 Leo. St.","A");
INSERT INTO `en_p2m_transportista` (`TraCod`,`TraNom`,`TraApePat`,`TraApeMat`,`TraRazSoc`,`TraNomCom`,`TraDomFis`,`TraTel`,`TraEmail`,`TraDir`,`EstRegCod`) VALUES ("172","Madeline","Villarreal","Johns","Sapien Imperdiet Ornare Institute","Tellus Justo Foundation","Ap #923-4981 Nullam St.","376-327-849","eros.turpis@faucibusutnulla.co.uk","P.O. Box 168, 9045 Ipsum. Rd.","A");
INSERT INTO `en_p2m_transportista` (`TraCod`,`TraNom`,`TraApePat`,`TraApeMat`,`TraRazSoc`,`TraNomCom`,`TraDomFis`,`TraTel`,`TraEmail`,`TraDir`,`EstRegCod`) VALUES ("173","Leigh","Workman","Newton","Nunc Sed Ltd","Velit Industries","553 Adipiscing Road","196-963-873","est.arcu@milorem.net","Ap #735-8587 Vel, St.","A");
INSERT INTO `en_p2m_transportista` (`TraCod`,`TraNom`,`TraApePat`,`TraApeMat`,`TraRazSoc`,`TraNomCom`,`TraDomFis`,`TraTel`,`TraEmail`,`TraDir`,`EstRegCod`) VALUES ("174","Quinn","Larsen","Mccray","In Limited","Ut Ipsum PC","P.O. Box 321, 4139 Aliquam Street","238-746-784","lorem@nequenonquam.org","P.O. Box 536, 2376 Risus. Street","A");
INSERT INTO `en_p2m_transportista` (`TraCod`,`TraNom`,`TraApePat`,`TraApeMat`,`TraRazSoc`,`TraNomCom`,`TraDomFis`,`TraTel`,`TraEmail`,`TraDir`,`EstRegCod`) VALUES ("175","Anthony","Bullock","Hendricks","Parturient Montes Nascetur Foundation","Etiam Imperdiet Dictum Incorporated","4706 Ac Av.","328-864-589","sollicitudin@tellus.ca","P.O. Box 116, 7866 Quam. St.","A");
INSERT INTO `en_p2m_transportista` (`TraCod`,`TraNom`,`TraApePat`,`TraApeMat`,`TraRazSoc`,`TraNomCom`,`TraDomFis`,`TraTel`,`TraEmail`,`TraDir`,`EstRegCod`) VALUES ("176","Holmes","Hays","Rodriquez","Id Inc.","Magna Ltd","Ap #919-6591 Eget Avenue","517-095-307","velit@Namtempor.com","P.O. Box 334, 436 Euismod Avenue","A");
INSERT INTO `en_p2m_transportista` (`TraCod`,`TraNom`,`TraApePat`,`TraApeMat`,`TraRazSoc`,`TraNomCom`,`TraDomFis`,`TraTel`,`TraEmail`,`TraDir`,`EstRegCod`) VALUES ("177","Celeste","Craig","Sharp","Etiam Bibendum Fermentum Institute","Nascetur Company","P.O. Box 882, 1506 Vestibulum St.","557-340-369","mus.Donec.dignissim@quam.com","Ap #330-1526 Velit Road","A");
INSERT INTO `en_p2m_transportista` (`TraCod`,`TraNom`,`TraApePat`,`TraApeMat`,`TraRazSoc`,`TraNomCom`,`TraDomFis`,`TraTel`,`TraEmail`,`TraDir`,`EstRegCod`) VALUES ("178","Nicholas","Gray","Hobbs","Arcu Curabitur Ut Consulting","Mauris Consulting","6747 Vitae Avenue","512-806-454","aptent.taciti.sociosqu@necmollisvitae.co.uk","734-3469 Libero Ave","A");
INSERT INTO `en_p2m_transportista` (`TraCod`,`TraNom`,`TraApePat`,`TraApeMat`,`TraRazSoc`,`TraNomCom`,`TraDomFis`,`TraTel`,`TraEmail`,`TraDir`,`EstRegCod`) VALUES ("179","Pandora","Hughes","Aguirre","Donec Ltd","Lorem Corp.","Ap #174-6424 Duis St.","738-419-023","eleifend.egestas@metusfacilisislorem.com","814-2997 Sem Av.","A");
INSERT INTO `en_p2m_transportista` (`TraCod`,`TraNom`,`TraApePat`,`TraApeMat`,`TraRazSoc`,`TraNomCom`,`TraDomFis`,`TraTel`,`TraEmail`,`TraDir`,`EstRegCod`) VALUES ("180","Henry","Dorsey","Hooper","Amet Nulla Donec Incorporated","Ac Mattis Institute","Ap #861-6187 Arcu. Av.","043-758-189","vehicula.aliquet.libero@Nuncac.net","360-8577 Etiam Ave","A");
INSERT INTO `en_p2m_transportista` (`TraCod`,`TraNom`,`TraApePat`,`TraApeMat`,`TraRazSoc`,`TraNomCom`,`TraDomFis`,`TraTel`,`TraEmail`,`TraDir`,`EstRegCod`) VALUES ("181","Brynne","Maynard","Cote","Nullam Enim LLC","Sem Ut Cursus Industries","P.O. Box 250, 7726 Dis St.","357-061-778","ipsum@Proinvel.ca","647-6826 Nunc Ave","A");
INSERT INTO `en_p2m_transportista` (`TraCod`,`TraNom`,`TraApePat`,`TraApeMat`,`TraRazSoc`,`TraNomCom`,`TraDomFis`,`TraTel`,`TraEmail`,`TraDir`,`EstRegCod`) VALUES ("182","Venus","Moran","Figueroa","Sed Tortor Integer Foundation","Consequat Purus Maecenas Associates","409-2539 Vel, Avenue","034-303-204","enim@nascetur.net","P.O. Box 624, 1118 Magna Ave","A");
INSERT INTO `en_p2m_transportista` (`TraCod`,`TraNom`,`TraApePat`,`TraApeMat`,`TraRazSoc`,`TraNomCom`,`TraDomFis`,`TraTel`,`TraEmail`,`TraDir`,`EstRegCod`) VALUES ("183","Colby","Pittman","Bullock","Aliquet Incorporated","Lectus Industries","Ap #646-8575 Ac Ave","133-441-219","purus.Nullam@Quisqueornare.org","397-7867 Montes, Street","A");
INSERT INTO `en_p2m_transportista` (`TraCod`,`TraNom`,`TraApePat`,`TraApeMat`,`TraRazSoc`,`TraNomCom`,`TraDomFis`,`TraTel`,`TraEmail`,`TraDir`,`EstRegCod`) VALUES ("184","Armand","Mendoza","Logan","A LLP","Non Dapibus Rutrum LLP","P.O. Box 146, 9689 Ultrices Street","280-461-422","fermentum.metus.Aenean@amet.net","3870 Interdum Av.","A");
INSERT INTO `en_p2m_transportista` (`TraCod`,`TraNom`,`TraApePat`,`TraApeMat`,`TraRazSoc`,`TraNomCom`,`TraDomFis`,`TraTel`,`TraEmail`,`TraDir`,`EstRegCod`) VALUES ("185","Trevor","Walton","Middleton","Dolor Incorporated","Risus LLC","Ap #193-3172 Sodales Road","422-100-321","risus@vulputatevelit.edu","Ap #702-9344 Blandit Ave","A");
INSERT INTO `en_p2m_transportista` (`TraCod`,`TraNom`,`TraApePat`,`TraApeMat`,`TraRazSoc`,`TraNomCom`,`TraDomFis`,`TraTel`,`TraEmail`,`TraDir`,`EstRegCod`) VALUES ("186","Sasha","Larson","Gomez","Suspendisse Eleifend Corporation","Vivamus Euismod Corporation","Ap #456-2990 Nibh Street","614-038-798","Nulla.eget@amet.com","P.O. Box 496, 1797 Mauris Rd.","A");
INSERT INTO `en_p2m_transportista` (`TraCod`,`TraNom`,`TraApePat`,`TraApeMat`,`TraRazSoc`,`TraNomCom`,`TraDomFis`,`TraTel`,`TraEmail`,`TraDir`,`EstRegCod`) VALUES ("187","Raphael","Emerson","Cummings","Elit Elit Fermentum Incorporated","Et Malesuada Fames Incorporated","7840 Vitae, St.","292-015-754","dis.parturient.montes@Donectemporest.co.uk","9449 Sollicitudin Road","A");
INSERT INTO `en_p2m_transportista` (`TraCod`,`TraNom`,`TraApePat`,`TraApeMat`,`TraRazSoc`,`TraNomCom`,`TraDomFis`,`TraTel`,`TraEmail`,`TraDir`,`EstRegCod`) VALUES ("188","Melvin","Sandoval","Moreno","Nibh Lacinia LLC","Orci Ut Sagittis Foundation","511-8016 Ante Rd.","910-314-960","ante@montesnasceturridiculus.ca","3177 Tempor Street","A");
INSERT INTO `en_p2m_transportista` (`TraCod`,`TraNom`,`TraApePat`,`TraApeMat`,`TraRazSoc`,`TraNomCom`,`TraDomFis`,`TraTel`,`TraEmail`,`TraDir`,`EstRegCod`) VALUES ("189","Myles","Chen","Cunningham","Diam Proin Incorporated","Risus Nulla Company","247-3279 Mollis St.","914-368-932","diam.lorem@blanditmattis.org","394-4059 Massa. Av.","A");
INSERT INTO `en_p2m_transportista` (`TraCod`,`TraNom`,`TraApePat`,`TraApeMat`,`TraRazSoc`,`TraNomCom`,`TraDomFis`,`TraTel`,`TraEmail`,`TraDir`,`EstRegCod`) VALUES ("190","Noelani","Gallagher","Stone","Fermentum Risus At Corporation","Dui Lectus Institute","502-4125 Mi. St.","370-394-796","non.sollicitudin.a@DonecnibhQuisque.com","8743 Sit Road","A");
INSERT INTO `en_p2m_transportista` (`TraCod`,`TraNom`,`TraApePat`,`TraApeMat`,`TraRazSoc`,`TraNomCom`,`TraDomFis`,`TraTel`,`TraEmail`,`TraDir`,`EstRegCod`) VALUES ("191","Hope","Richard","Rivera","Purus Company","Fringilla LLC","6420 Mi Ave","915-528-583","et.libero.Proin@eu.ca","Ap #290-3570 Tristique Rd.","A");
INSERT INTO `en_p2m_transportista` (`TraCod`,`TraNom`,`TraApePat`,`TraApeMat`,`TraRazSoc`,`TraNomCom`,`TraDomFis`,`TraTel`,`TraEmail`,`TraDir`,`EstRegCod`) VALUES ("192","Sonya","Vargas","Mason","Adipiscing Incorporated","Lacus Quisque Imperdiet Foundation","3517 Sed St.","665-099-884","Vivamus@temporestac.org","P.O. Box 433, 440 Vel Rd.","A");
INSERT INTO `en_p2m_transportista` (`TraCod`,`TraNom`,`TraApePat`,`TraApeMat`,`TraRazSoc`,`TraNomCom`,`TraDomFis`,`TraTel`,`TraEmail`,`TraDir`,`EstRegCod`) VALUES ("193","Victoria","Lloyd","Madden","Tempor Est Ac Inc.","Blandit Nam Nulla Corporation","P.O. Box 650, 2310 Neque. Rd.","041-841-142","est.Nunc.laoreet@diamluctus.net","351-1684 Nunc Street","A");
INSERT INTO `en_p2m_transportista` (`TraCod`,`TraNom`,`TraApePat`,`TraApeMat`,`TraRazSoc`,`TraNomCom`,`TraDomFis`,`TraTel`,`TraEmail`,`TraDir`,`EstRegCod`) VALUES ("194","Kalia","Buckley","Mcmillan","Vivamus Nisi Mauris Foundation","Feugiat Inc.","393-7064 Risus St.","354-060-830","dolor.Quisque.tincidunt@eu.org","P.O. Box 270, 4008 Pede. St.","A");
INSERT INTO `en_p2m_transportista` (`TraCod`,`TraNom`,`TraApePat`,`TraApeMat`,`TraRazSoc`,`TraNomCom`,`TraDomFis`,`TraTel`,`TraEmail`,`TraDir`,`EstRegCod`) VALUES ("195","Jackson","Dalton","Hall","Cursus Nunc Mauris Corporation","Vestibulum Incorporated","Ap #564-5657 Aliquet. Av.","238-049-368","aliquam.iaculis@sitamet.edu","2712 Gravida Road","A");
INSERT INTO `en_p2m_transportista` (`TraCod`,`TraNom`,`TraApePat`,`TraApeMat`,`TraRazSoc`,`TraNomCom`,`TraDomFis`,`TraTel`,`TraEmail`,`TraDir`,`EstRegCod`) VALUES ("196","Camilla","Gonzalez","Wall","Sem Magna Nec LLP","Magna Tellus Incorporated","4400 Quisque Rd.","154-013-614","aliquet.nec@seddolor.ca","7095 Vestibulum St.","A");
INSERT INTO `en_p2m_transportista` (`TraCod`,`TraNom`,`TraApePat`,`TraApeMat`,`TraRazSoc`,`TraNomCom`,`TraDomFis`,`TraTel`,`TraEmail`,`TraDir`,`EstRegCod`) VALUES ("197","Cassady","Rivers","Harper","Aliquet LLP","Enim Mauris Quis Ltd","Ap #477-8319 Justo. Av.","920-428-199","sed@arcuVestibulumut.co.uk","P.O. Box 917, 2609 Non St.","A");
INSERT INTO `en_p2m_transportista` (`TraCod`,`TraNom`,`TraApePat`,`TraApeMat`,`TraRazSoc`,`TraNomCom`,`TraDomFis`,`TraTel`,`TraEmail`,`TraDir`,`EstRegCod`) VALUES ("198","Sade","Sharpe","Harmon","Eu Euismod Industries","Ultrices Duis Volutpat Consulting","P.O. Box 292, 6526 Commodo Av.","557-096-425","erat.Sed@egestasrhoncusProin.org","P.O. Box 976, 2098 Orci, Rd.","A");
INSERT INTO `en_p2m_transportista` (`TraCod`,`TraNom`,`TraApePat`,`TraApeMat`,`TraRazSoc`,`TraNomCom`,`TraDomFis`,`TraTel`,`TraEmail`,`TraDir`,`EstRegCod`) VALUES ("199","Oren","Owen","Hale","Mauris Ut Quam Associates","Sit Amet Institute","Ap #504-9712 Mauris St.","233-084-843","Proin.nisl.sem@Morbiaccumsanlaoreet.edu","3974 Nec Av.","A");
INSERT INTO `en_p2m_transportista` (`TraCod`,`TraNom`,`TraApePat`,`TraApeMat`,`TraRazSoc`,`TraNomCom`,`TraDomFis`,`TraTel`,`TraEmail`,`TraDir`,`EstRegCod`) VALUES ("200","McKenzie","Mason","Bridges","Ante Iaculis Nec Industries","Massa Lobortis PC","P.O. Box 694, 8721 Feugiat Rd.","351-130-238","nec.imperdiet@idanteNunc.ca","Ap #550-218 Volutpat. Ave","A");

COMMIT;

-- -----------------------------------------------------
-- Data for table `episerp`.`en_p2m_documento_transportista`
-- -----------------------------------------------------
START TRANSACTION;
USE `episerp`;
INSERT INTO `en_p2m_documento_transportista` (`TraCod`,`TipDocTraCod`,`DocTraNum`,`EstRegCod`) VALUES ("1",2,"00-1","A");
INSERT INTO `en_p2m_documento_transportista` (`TraCod`,`TipDocTraCod`,`DocTraNum`,`EstRegCod`) VALUES ("2",3,"00-2","A");
INSERT INTO `en_p2m_documento_transportista` (`TraCod`,`TipDocTraCod`,`DocTraNum`,`EstRegCod`) VALUES ("3",3,"00-3","A");
INSERT INTO `en_p2m_documento_transportista` (`TraCod`,`TipDocTraCod`,`DocTraNum`,`EstRegCod`) VALUES ("4",3,"00-4","A");
INSERT INTO `en_p2m_documento_transportista` (`TraCod`,`TipDocTraCod`,`DocTraNum`,`EstRegCod`) VALUES ("5",2,"00-5","A");
INSERT INTO `en_p2m_documento_transportista` (`TraCod`,`TipDocTraCod`,`DocTraNum`,`EstRegCod`) VALUES ("6",1,"00-6","A");
INSERT INTO `en_p2m_documento_transportista` (`TraCod`,`TipDocTraCod`,`DocTraNum`,`EstRegCod`) VALUES ("7",3,"00-7","A");
INSERT INTO `en_p2m_documento_transportista` (`TraCod`,`TipDocTraCod`,`DocTraNum`,`EstRegCod`) VALUES ("8",2,"00-8","A");
INSERT INTO `en_p2m_documento_transportista` (`TraCod`,`TipDocTraCod`,`DocTraNum`,`EstRegCod`) VALUES ("9",2,"00-9","A");
INSERT INTO `en_p2m_documento_transportista` (`TraCod`,`TipDocTraCod`,`DocTraNum`,`EstRegCod`) VALUES ("10",2,"00-10","A");
INSERT INTO `en_p2m_documento_transportista` (`TraCod`,`TipDocTraCod`,`DocTraNum`,`EstRegCod`) VALUES ("11",1,"00-11","A");
INSERT INTO `en_p2m_documento_transportista` (`TraCod`,`TipDocTraCod`,`DocTraNum`,`EstRegCod`) VALUES ("12",2,"00-12","A");
INSERT INTO `en_p2m_documento_transportista` (`TraCod`,`TipDocTraCod`,`DocTraNum`,`EstRegCod`) VALUES ("13",3,"00-13","A");
INSERT INTO `en_p2m_documento_transportista` (`TraCod`,`TipDocTraCod`,`DocTraNum`,`EstRegCod`) VALUES ("14",3,"00-14","A");
INSERT INTO `en_p2m_documento_transportista` (`TraCod`,`TipDocTraCod`,`DocTraNum`,`EstRegCod`) VALUES ("15",1,"00-15","A");
INSERT INTO `en_p2m_documento_transportista` (`TraCod`,`TipDocTraCod`,`DocTraNum`,`EstRegCod`) VALUES ("16",1,"00-16","A");
INSERT INTO `en_p2m_documento_transportista` (`TraCod`,`TipDocTraCod`,`DocTraNum`,`EstRegCod`) VALUES ("17",3,"00-17","A");
INSERT INTO `en_p2m_documento_transportista` (`TraCod`,`TipDocTraCod`,`DocTraNum`,`EstRegCod`) VALUES ("18",3,"00-18","A");
INSERT INTO `en_p2m_documento_transportista` (`TraCod`,`TipDocTraCod`,`DocTraNum`,`EstRegCod`) VALUES ("19",1,"00-19","A");
INSERT INTO `en_p2m_documento_transportista` (`TraCod`,`TipDocTraCod`,`DocTraNum`,`EstRegCod`) VALUES ("20",1,"00-20","A");
INSERT INTO `en_p2m_documento_transportista` (`TraCod`,`TipDocTraCod`,`DocTraNum`,`EstRegCod`) VALUES ("21",1,"00-21","A");
INSERT INTO `en_p2m_documento_transportista` (`TraCod`,`TipDocTraCod`,`DocTraNum`,`EstRegCod`) VALUES ("22",3,"00-22","A");
INSERT INTO `en_p2m_documento_transportista` (`TraCod`,`TipDocTraCod`,`DocTraNum`,`EstRegCod`) VALUES ("23",3,"00-23","A");
INSERT INTO `en_p2m_documento_transportista` (`TraCod`,`TipDocTraCod`,`DocTraNum`,`EstRegCod`) VALUES ("24",3,"00-24","A");
INSERT INTO `en_p2m_documento_transportista` (`TraCod`,`TipDocTraCod`,`DocTraNum`,`EstRegCod`) VALUES ("25",3,"00-25","A");
INSERT INTO `en_p2m_documento_transportista` (`TraCod`,`TipDocTraCod`,`DocTraNum`,`EstRegCod`) VALUES ("26",1,"00-26","A");
INSERT INTO `en_p2m_documento_transportista` (`TraCod`,`TipDocTraCod`,`DocTraNum`,`EstRegCod`) VALUES ("27",3,"00-27","A");
INSERT INTO `en_p2m_documento_transportista` (`TraCod`,`TipDocTraCod`,`DocTraNum`,`EstRegCod`) VALUES ("28",1,"00-28","A");
INSERT INTO `en_p2m_documento_transportista` (`TraCod`,`TipDocTraCod`,`DocTraNum`,`EstRegCod`) VALUES ("29",2,"00-29","A");
INSERT INTO `en_p2m_documento_transportista` (`TraCod`,`TipDocTraCod`,`DocTraNum`,`EstRegCod`) VALUES ("30",3,"00-30","A");
INSERT INTO `en_p2m_documento_transportista` (`TraCod`,`TipDocTraCod`,`DocTraNum`,`EstRegCod`) VALUES ("31",3,"00-31","A");
INSERT INTO `en_p2m_documento_transportista` (`TraCod`,`TipDocTraCod`,`DocTraNum`,`EstRegCod`) VALUES ("32",3,"00-32","A");
INSERT INTO `en_p2m_documento_transportista` (`TraCod`,`TipDocTraCod`,`DocTraNum`,`EstRegCod`) VALUES ("33",3,"00-33","A");
INSERT INTO `en_p2m_documento_transportista` (`TraCod`,`TipDocTraCod`,`DocTraNum`,`EstRegCod`) VALUES ("34",3,"00-34","A");
INSERT INTO `en_p2m_documento_transportista` (`TraCod`,`TipDocTraCod`,`DocTraNum`,`EstRegCod`) VALUES ("35",3,"00-35","A");
INSERT INTO `en_p2m_documento_transportista` (`TraCod`,`TipDocTraCod`,`DocTraNum`,`EstRegCod`) VALUES ("36",3,"00-36","A");
INSERT INTO `en_p2m_documento_transportista` (`TraCod`,`TipDocTraCod`,`DocTraNum`,`EstRegCod`) VALUES ("37",3,"00-37","A");
INSERT INTO `en_p2m_documento_transportista` (`TraCod`,`TipDocTraCod`,`DocTraNum`,`EstRegCod`) VALUES ("38",1,"00-38","A");
INSERT INTO `en_p2m_documento_transportista` (`TraCod`,`TipDocTraCod`,`DocTraNum`,`EstRegCod`) VALUES ("39",1,"00-39","A");
INSERT INTO `en_p2m_documento_transportista` (`TraCod`,`TipDocTraCod`,`DocTraNum`,`EstRegCod`) VALUES ("40",3,"00-40","A");
INSERT INTO `en_p2m_documento_transportista` (`TraCod`,`TipDocTraCod`,`DocTraNum`,`EstRegCod`) VALUES ("41",1,"00-41","A");
INSERT INTO `en_p2m_documento_transportista` (`TraCod`,`TipDocTraCod`,`DocTraNum`,`EstRegCod`) VALUES ("42",3,"00-42","A");
INSERT INTO `en_p2m_documento_transportista` (`TraCod`,`TipDocTraCod`,`DocTraNum`,`EstRegCod`) VALUES ("43",1,"00-43","A");
INSERT INTO `en_p2m_documento_transportista` (`TraCod`,`TipDocTraCod`,`DocTraNum`,`EstRegCod`) VALUES ("44",2,"00-44","A");
INSERT INTO `en_p2m_documento_transportista` (`TraCod`,`TipDocTraCod`,`DocTraNum`,`EstRegCod`) VALUES ("45",1,"00-45","A");
INSERT INTO `en_p2m_documento_transportista` (`TraCod`,`TipDocTraCod`,`DocTraNum`,`EstRegCod`) VALUES ("46",3,"00-46","A");
INSERT INTO `en_p2m_documento_transportista` (`TraCod`,`TipDocTraCod`,`DocTraNum`,`EstRegCod`) VALUES ("47",3,"00-47","A");
INSERT INTO `en_p2m_documento_transportista` (`TraCod`,`TipDocTraCod`,`DocTraNum`,`EstRegCod`) VALUES ("48",2,"00-48","A");
INSERT INTO `en_p2m_documento_transportista` (`TraCod`,`TipDocTraCod`,`DocTraNum`,`EstRegCod`) VALUES ("49",2,"00-49","A");
INSERT INTO `en_p2m_documento_transportista` (`TraCod`,`TipDocTraCod`,`DocTraNum`,`EstRegCod`) VALUES ("50",1,"00-50","A");
INSERT INTO `en_p2m_documento_transportista` (`TraCod`,`TipDocTraCod`,`DocTraNum`,`EstRegCod`) VALUES ("51",3,"00-51","A");
INSERT INTO `en_p2m_documento_transportista` (`TraCod`,`TipDocTraCod`,`DocTraNum`,`EstRegCod`) VALUES ("52",2,"00-52","A");
INSERT INTO `en_p2m_documento_transportista` (`TraCod`,`TipDocTraCod`,`DocTraNum`,`EstRegCod`) VALUES ("53",2,"00-53","A");
INSERT INTO `en_p2m_documento_transportista` (`TraCod`,`TipDocTraCod`,`DocTraNum`,`EstRegCod`) VALUES ("54",1,"00-54","A");
INSERT INTO `en_p2m_documento_transportista` (`TraCod`,`TipDocTraCod`,`DocTraNum`,`EstRegCod`) VALUES ("55",2,"00-55","A");
INSERT INTO `en_p2m_documento_transportista` (`TraCod`,`TipDocTraCod`,`DocTraNum`,`EstRegCod`) VALUES ("56",1,"00-56","A");
INSERT INTO `en_p2m_documento_transportista` (`TraCod`,`TipDocTraCod`,`DocTraNum`,`EstRegCod`) VALUES ("57",3,"00-57","A");
INSERT INTO `en_p2m_documento_transportista` (`TraCod`,`TipDocTraCod`,`DocTraNum`,`EstRegCod`) VALUES ("58",2,"00-58","A");
INSERT INTO `en_p2m_documento_transportista` (`TraCod`,`TipDocTraCod`,`DocTraNum`,`EstRegCod`) VALUES ("59",3,"00-59","A");
INSERT INTO `en_p2m_documento_transportista` (`TraCod`,`TipDocTraCod`,`DocTraNum`,`EstRegCod`) VALUES ("60",3,"00-60","A");
INSERT INTO `en_p2m_documento_transportista` (`TraCod`,`TipDocTraCod`,`DocTraNum`,`EstRegCod`) VALUES ("61",3,"00-61","A");
INSERT INTO `en_p2m_documento_transportista` (`TraCod`,`TipDocTraCod`,`DocTraNum`,`EstRegCod`) VALUES ("62",3,"00-62","A");
INSERT INTO `en_p2m_documento_transportista` (`TraCod`,`TipDocTraCod`,`DocTraNum`,`EstRegCod`) VALUES ("63",3,"00-63","A");
INSERT INTO `en_p2m_documento_transportista` (`TraCod`,`TipDocTraCod`,`DocTraNum`,`EstRegCod`) VALUES ("64",2,"00-64","A");
INSERT INTO `en_p2m_documento_transportista` (`TraCod`,`TipDocTraCod`,`DocTraNum`,`EstRegCod`) VALUES ("65",1,"00-65","A");
INSERT INTO `en_p2m_documento_transportista` (`TraCod`,`TipDocTraCod`,`DocTraNum`,`EstRegCod`) VALUES ("66",1,"00-66","A");
INSERT INTO `en_p2m_documento_transportista` (`TraCod`,`TipDocTraCod`,`DocTraNum`,`EstRegCod`) VALUES ("67",1,"00-67","A");
INSERT INTO `en_p2m_documento_transportista` (`TraCod`,`TipDocTraCod`,`DocTraNum`,`EstRegCod`) VALUES ("68",2,"00-68","A");
INSERT INTO `en_p2m_documento_transportista` (`TraCod`,`TipDocTraCod`,`DocTraNum`,`EstRegCod`) VALUES ("69",2,"00-69","A");
INSERT INTO `en_p2m_documento_transportista` (`TraCod`,`TipDocTraCod`,`DocTraNum`,`EstRegCod`) VALUES ("70",2,"00-70","A");
INSERT INTO `en_p2m_documento_transportista` (`TraCod`,`TipDocTraCod`,`DocTraNum`,`EstRegCod`) VALUES ("71",2,"00-71","A");
INSERT INTO `en_p2m_documento_transportista` (`TraCod`,`TipDocTraCod`,`DocTraNum`,`EstRegCod`) VALUES ("72",2,"00-72","A");
INSERT INTO `en_p2m_documento_transportista` (`TraCod`,`TipDocTraCod`,`DocTraNum`,`EstRegCod`) VALUES ("73",3,"00-73","A");
INSERT INTO `en_p2m_documento_transportista` (`TraCod`,`TipDocTraCod`,`DocTraNum`,`EstRegCod`) VALUES ("74",2,"00-74","A");
INSERT INTO `en_p2m_documento_transportista` (`TraCod`,`TipDocTraCod`,`DocTraNum`,`EstRegCod`) VALUES ("75",1,"00-75","A");
INSERT INTO `en_p2m_documento_transportista` (`TraCod`,`TipDocTraCod`,`DocTraNum`,`EstRegCod`) VALUES ("76",2,"00-76","A");
INSERT INTO `en_p2m_documento_transportista` (`TraCod`,`TipDocTraCod`,`DocTraNum`,`EstRegCod`) VALUES ("77",2,"00-77","A");
INSERT INTO `en_p2m_documento_transportista` (`TraCod`,`TipDocTraCod`,`DocTraNum`,`EstRegCod`) VALUES ("78",2,"00-78","A");
INSERT INTO `en_p2m_documento_transportista` (`TraCod`,`TipDocTraCod`,`DocTraNum`,`EstRegCod`) VALUES ("79",1,"00-79","A");
INSERT INTO `en_p2m_documento_transportista` (`TraCod`,`TipDocTraCod`,`DocTraNum`,`EstRegCod`) VALUES ("80",2,"00-80","A");
INSERT INTO `en_p2m_documento_transportista` (`TraCod`,`TipDocTraCod`,`DocTraNum`,`EstRegCod`) VALUES ("81",3,"00-81","A");
INSERT INTO `en_p2m_documento_transportista` (`TraCod`,`TipDocTraCod`,`DocTraNum`,`EstRegCod`) VALUES ("82",2,"00-82","A");
INSERT INTO `en_p2m_documento_transportista` (`TraCod`,`TipDocTraCod`,`DocTraNum`,`EstRegCod`) VALUES ("83",3,"00-83","A");
INSERT INTO `en_p2m_documento_transportista` (`TraCod`,`TipDocTraCod`,`DocTraNum`,`EstRegCod`) VALUES ("84",3,"00-84","A");
INSERT INTO `en_p2m_documento_transportista` (`TraCod`,`TipDocTraCod`,`DocTraNum`,`EstRegCod`) VALUES ("85",1,"00-85","A");
INSERT INTO `en_p2m_documento_transportista` (`TraCod`,`TipDocTraCod`,`DocTraNum`,`EstRegCod`) VALUES ("86",2,"00-86","A");
INSERT INTO `en_p2m_documento_transportista` (`TraCod`,`TipDocTraCod`,`DocTraNum`,`EstRegCod`) VALUES ("87",3,"00-87","A");
INSERT INTO `en_p2m_documento_transportista` (`TraCod`,`TipDocTraCod`,`DocTraNum`,`EstRegCod`) VALUES ("88",1,"00-88","A");
INSERT INTO `en_p2m_documento_transportista` (`TraCod`,`TipDocTraCod`,`DocTraNum`,`EstRegCod`) VALUES ("89",2,"00-89","A");
INSERT INTO `en_p2m_documento_transportista` (`TraCod`,`TipDocTraCod`,`DocTraNum`,`EstRegCod`) VALUES ("90",2,"00-90","A");
INSERT INTO `en_p2m_documento_transportista` (`TraCod`,`TipDocTraCod`,`DocTraNum`,`EstRegCod`) VALUES ("91",1,"00-91","A");
INSERT INTO `en_p2m_documento_transportista` (`TraCod`,`TipDocTraCod`,`DocTraNum`,`EstRegCod`) VALUES ("92",2,"00-92","A");
INSERT INTO `en_p2m_documento_transportista` (`TraCod`,`TipDocTraCod`,`DocTraNum`,`EstRegCod`) VALUES ("93",3,"00-93","A");
INSERT INTO `en_p2m_documento_transportista` (`TraCod`,`TipDocTraCod`,`DocTraNum`,`EstRegCod`) VALUES ("94",3,"00-94","A");
INSERT INTO `en_p2m_documento_transportista` (`TraCod`,`TipDocTraCod`,`DocTraNum`,`EstRegCod`) VALUES ("95",3,"00-95","A");
INSERT INTO `en_p2m_documento_transportista` (`TraCod`,`TipDocTraCod`,`DocTraNum`,`EstRegCod`) VALUES ("96",1,"00-96","A");
INSERT INTO `en_p2m_documento_transportista` (`TraCod`,`TipDocTraCod`,`DocTraNum`,`EstRegCod`) VALUES ("97",3,"00-97","A");
INSERT INTO `en_p2m_documento_transportista` (`TraCod`,`TipDocTraCod`,`DocTraNum`,`EstRegCod`) VALUES ("98",2,"00-98","A");
INSERT INTO `en_p2m_documento_transportista` (`TraCod`,`TipDocTraCod`,`DocTraNum`,`EstRegCod`) VALUES ("99",1,"00-99","A");
INSERT INTO `en_p2m_documento_transportista` (`TraCod`,`TipDocTraCod`,`DocTraNum`,`EstRegCod`) VALUES ("100",3,"00-100","A");
INSERT INTO `en_p2m_documento_transportista` (`TraCod`,`TipDocTraCod`,`DocTraNum`,`EstRegCod`) VALUES ("101",2,"00-101","A");
INSERT INTO `en_p2m_documento_transportista` (`TraCod`,`TipDocTraCod`,`DocTraNum`,`EstRegCod`) VALUES ("102",1,"00-102","A");
INSERT INTO `en_p2m_documento_transportista` (`TraCod`,`TipDocTraCod`,`DocTraNum`,`EstRegCod`) VALUES ("103",1,"00-103","A");
INSERT INTO `en_p2m_documento_transportista` (`TraCod`,`TipDocTraCod`,`DocTraNum`,`EstRegCod`) VALUES ("104",2,"00-104","A");
INSERT INTO `en_p2m_documento_transportista` (`TraCod`,`TipDocTraCod`,`DocTraNum`,`EstRegCod`) VALUES ("105",2,"00-105","A");
INSERT INTO `en_p2m_documento_transportista` (`TraCod`,`TipDocTraCod`,`DocTraNum`,`EstRegCod`) VALUES ("106",3,"00-106","A");
INSERT INTO `en_p2m_documento_transportista` (`TraCod`,`TipDocTraCod`,`DocTraNum`,`EstRegCod`) VALUES ("107",3,"00-107","A");
INSERT INTO `en_p2m_documento_transportista` (`TraCod`,`TipDocTraCod`,`DocTraNum`,`EstRegCod`) VALUES ("108",1,"00-108","A");
INSERT INTO `en_p2m_documento_transportista` (`TraCod`,`TipDocTraCod`,`DocTraNum`,`EstRegCod`) VALUES ("109",2,"00-109","A");
INSERT INTO `en_p2m_documento_transportista` (`TraCod`,`TipDocTraCod`,`DocTraNum`,`EstRegCod`) VALUES ("110",2,"00-110","A");
INSERT INTO `en_p2m_documento_transportista` (`TraCod`,`TipDocTraCod`,`DocTraNum`,`EstRegCod`) VALUES ("111",1,"00-111","A");
INSERT INTO `en_p2m_documento_transportista` (`TraCod`,`TipDocTraCod`,`DocTraNum`,`EstRegCod`) VALUES ("112",3,"00-112","A");
INSERT INTO `en_p2m_documento_transportista` (`TraCod`,`TipDocTraCod`,`DocTraNum`,`EstRegCod`) VALUES ("113",3,"00-113","A");
INSERT INTO `en_p2m_documento_transportista` (`TraCod`,`TipDocTraCod`,`DocTraNum`,`EstRegCod`) VALUES ("114",3,"00-114","A");
INSERT INTO `en_p2m_documento_transportista` (`TraCod`,`TipDocTraCod`,`DocTraNum`,`EstRegCod`) VALUES ("115",2,"00-115","A");
INSERT INTO `en_p2m_documento_transportista` (`TraCod`,`TipDocTraCod`,`DocTraNum`,`EstRegCod`) VALUES ("116",2,"00-116","A");
INSERT INTO `en_p2m_documento_transportista` (`TraCod`,`TipDocTraCod`,`DocTraNum`,`EstRegCod`) VALUES ("117",3,"00-117","A");
INSERT INTO `en_p2m_documento_transportista` (`TraCod`,`TipDocTraCod`,`DocTraNum`,`EstRegCod`) VALUES ("118",1,"00-118","A");
INSERT INTO `en_p2m_documento_transportista` (`TraCod`,`TipDocTraCod`,`DocTraNum`,`EstRegCod`) VALUES ("119",2,"00-119","A");
INSERT INTO `en_p2m_documento_transportista` (`TraCod`,`TipDocTraCod`,`DocTraNum`,`EstRegCod`) VALUES ("120",2,"00-120","A");
INSERT INTO `en_p2m_documento_transportista` (`TraCod`,`TipDocTraCod`,`DocTraNum`,`EstRegCod`) VALUES ("121",3,"00-121","A");
INSERT INTO `en_p2m_documento_transportista` (`TraCod`,`TipDocTraCod`,`DocTraNum`,`EstRegCod`) VALUES ("122",3,"00-122","A");
INSERT INTO `en_p2m_documento_transportista` (`TraCod`,`TipDocTraCod`,`DocTraNum`,`EstRegCod`) VALUES ("123",2,"00-123","A");
INSERT INTO `en_p2m_documento_transportista` (`TraCod`,`TipDocTraCod`,`DocTraNum`,`EstRegCod`) VALUES ("124",1,"00-124","A");
INSERT INTO `en_p2m_documento_transportista` (`TraCod`,`TipDocTraCod`,`DocTraNum`,`EstRegCod`) VALUES ("125",1,"00-125","A");
INSERT INTO `en_p2m_documento_transportista` (`TraCod`,`TipDocTraCod`,`DocTraNum`,`EstRegCod`) VALUES ("126",1,"00-126","A");
INSERT INTO `en_p2m_documento_transportista` (`TraCod`,`TipDocTraCod`,`DocTraNum`,`EstRegCod`) VALUES ("127",3,"00-127","A");
INSERT INTO `en_p2m_documento_transportista` (`TraCod`,`TipDocTraCod`,`DocTraNum`,`EstRegCod`) VALUES ("128",1,"00-128","A");
INSERT INTO `en_p2m_documento_transportista` (`TraCod`,`TipDocTraCod`,`DocTraNum`,`EstRegCod`) VALUES ("129",3,"00-129","A");
INSERT INTO `en_p2m_documento_transportista` (`TraCod`,`TipDocTraCod`,`DocTraNum`,`EstRegCod`) VALUES ("130",3,"00-130","A");
INSERT INTO `en_p2m_documento_transportista` (`TraCod`,`TipDocTraCod`,`DocTraNum`,`EstRegCod`) VALUES ("131",3,"00-131","A");
INSERT INTO `en_p2m_documento_transportista` (`TraCod`,`TipDocTraCod`,`DocTraNum`,`EstRegCod`) VALUES ("132",2,"00-132","A");
INSERT INTO `en_p2m_documento_transportista` (`TraCod`,`TipDocTraCod`,`DocTraNum`,`EstRegCod`) VALUES ("133",3,"00-133","A");
INSERT INTO `en_p2m_documento_transportista` (`TraCod`,`TipDocTraCod`,`DocTraNum`,`EstRegCod`) VALUES ("134",1,"00-134","A");
INSERT INTO `en_p2m_documento_transportista` (`TraCod`,`TipDocTraCod`,`DocTraNum`,`EstRegCod`) VALUES ("135",2,"00-135","A");
INSERT INTO `en_p2m_documento_transportista` (`TraCod`,`TipDocTraCod`,`DocTraNum`,`EstRegCod`) VALUES ("136",1,"00-136","A");
INSERT INTO `en_p2m_documento_transportista` (`TraCod`,`TipDocTraCod`,`DocTraNum`,`EstRegCod`) VALUES ("137",3,"00-137","A");
INSERT INTO `en_p2m_documento_transportista` (`TraCod`,`TipDocTraCod`,`DocTraNum`,`EstRegCod`) VALUES ("138",3,"00-138","A");
INSERT INTO `en_p2m_documento_transportista` (`TraCod`,`TipDocTraCod`,`DocTraNum`,`EstRegCod`) VALUES ("139",1,"00-139","A");
INSERT INTO `en_p2m_documento_transportista` (`TraCod`,`TipDocTraCod`,`DocTraNum`,`EstRegCod`) VALUES ("140",3,"00-140","A");
INSERT INTO `en_p2m_documento_transportista` (`TraCod`,`TipDocTraCod`,`DocTraNum`,`EstRegCod`) VALUES ("141",3,"00-141","A");
INSERT INTO `en_p2m_documento_transportista` (`TraCod`,`TipDocTraCod`,`DocTraNum`,`EstRegCod`) VALUES ("142",3,"00-142","A");
INSERT INTO `en_p2m_documento_transportista` (`TraCod`,`TipDocTraCod`,`DocTraNum`,`EstRegCod`) VALUES ("143",3,"00-143","A");
INSERT INTO `en_p2m_documento_transportista` (`TraCod`,`TipDocTraCod`,`DocTraNum`,`EstRegCod`) VALUES ("144",2,"00-144","A");
INSERT INTO `en_p2m_documento_transportista` (`TraCod`,`TipDocTraCod`,`DocTraNum`,`EstRegCod`) VALUES ("145",3,"00-145","A");
INSERT INTO `en_p2m_documento_transportista` (`TraCod`,`TipDocTraCod`,`DocTraNum`,`EstRegCod`) VALUES ("146",3,"00-146","A");
INSERT INTO `en_p2m_documento_transportista` (`TraCod`,`TipDocTraCod`,`DocTraNum`,`EstRegCod`) VALUES ("147",3,"00-147","A");
INSERT INTO `en_p2m_documento_transportista` (`TraCod`,`TipDocTraCod`,`DocTraNum`,`EstRegCod`) VALUES ("148",1,"00-148","A");
INSERT INTO `en_p2m_documento_transportista` (`TraCod`,`TipDocTraCod`,`DocTraNum`,`EstRegCod`) VALUES ("149",3,"00-149","A");
INSERT INTO `en_p2m_documento_transportista` (`TraCod`,`TipDocTraCod`,`DocTraNum`,`EstRegCod`) VALUES ("150",1,"00-150","A");
INSERT INTO `en_p2m_documento_transportista` (`TraCod`,`TipDocTraCod`,`DocTraNum`,`EstRegCod`) VALUES ("151",1,"00-151","A");
INSERT INTO `en_p2m_documento_transportista` (`TraCod`,`TipDocTraCod`,`DocTraNum`,`EstRegCod`) VALUES ("152",1,"00-152","A");
INSERT INTO `en_p2m_documento_transportista` (`TraCod`,`TipDocTraCod`,`DocTraNum`,`EstRegCod`) VALUES ("153",1,"00-153","A");
INSERT INTO `en_p2m_documento_transportista` (`TraCod`,`TipDocTraCod`,`DocTraNum`,`EstRegCod`) VALUES ("154",2,"00-154","A");
INSERT INTO `en_p2m_documento_transportista` (`TraCod`,`TipDocTraCod`,`DocTraNum`,`EstRegCod`) VALUES ("155",1,"00-155","A");
INSERT INTO `en_p2m_documento_transportista` (`TraCod`,`TipDocTraCod`,`DocTraNum`,`EstRegCod`) VALUES ("156",2,"00-156","A");
INSERT INTO `en_p2m_documento_transportista` (`TraCod`,`TipDocTraCod`,`DocTraNum`,`EstRegCod`) VALUES ("157",2,"00-157","A");
INSERT INTO `en_p2m_documento_transportista` (`TraCod`,`TipDocTraCod`,`DocTraNum`,`EstRegCod`) VALUES ("158",3,"00-158","A");
INSERT INTO `en_p2m_documento_transportista` (`TraCod`,`TipDocTraCod`,`DocTraNum`,`EstRegCod`) VALUES ("159",1,"00-159","A");
INSERT INTO `en_p2m_documento_transportista` (`TraCod`,`TipDocTraCod`,`DocTraNum`,`EstRegCod`) VALUES ("160",3,"00-160","A");
INSERT INTO `en_p2m_documento_transportista` (`TraCod`,`TipDocTraCod`,`DocTraNum`,`EstRegCod`) VALUES ("161",1,"00-161","A");
INSERT INTO `en_p2m_documento_transportista` (`TraCod`,`TipDocTraCod`,`DocTraNum`,`EstRegCod`) VALUES ("162",3,"00-162","A");
INSERT INTO `en_p2m_documento_transportista` (`TraCod`,`TipDocTraCod`,`DocTraNum`,`EstRegCod`) VALUES ("163",2,"00-163","A");
INSERT INTO `en_p2m_documento_transportista` (`TraCod`,`TipDocTraCod`,`DocTraNum`,`EstRegCod`) VALUES ("164",3,"00-164","A");
INSERT INTO `en_p2m_documento_transportista` (`TraCod`,`TipDocTraCod`,`DocTraNum`,`EstRegCod`) VALUES ("165",1,"00-165","A");
INSERT INTO `en_p2m_documento_transportista` (`TraCod`,`TipDocTraCod`,`DocTraNum`,`EstRegCod`) VALUES ("166",1,"00-166","A");
INSERT INTO `en_p2m_documento_transportista` (`TraCod`,`TipDocTraCod`,`DocTraNum`,`EstRegCod`) VALUES ("167",2,"00-167","A");
INSERT INTO `en_p2m_documento_transportista` (`TraCod`,`TipDocTraCod`,`DocTraNum`,`EstRegCod`) VALUES ("168",3,"00-168","A");
INSERT INTO `en_p2m_documento_transportista` (`TraCod`,`TipDocTraCod`,`DocTraNum`,`EstRegCod`) VALUES ("169",2,"00-169","A");
INSERT INTO `en_p2m_documento_transportista` (`TraCod`,`TipDocTraCod`,`DocTraNum`,`EstRegCod`) VALUES ("170",3,"00-170","A");
INSERT INTO `en_p2m_documento_transportista` (`TraCod`,`TipDocTraCod`,`DocTraNum`,`EstRegCod`) VALUES ("171",1,"00-171","A");
INSERT INTO `en_p2m_documento_transportista` (`TraCod`,`TipDocTraCod`,`DocTraNum`,`EstRegCod`) VALUES ("172",2,"00-172","A");
INSERT INTO `en_p2m_documento_transportista` (`TraCod`,`TipDocTraCod`,`DocTraNum`,`EstRegCod`) VALUES ("173",2,"00-173","A");
INSERT INTO `en_p2m_documento_transportista` (`TraCod`,`TipDocTraCod`,`DocTraNum`,`EstRegCod`) VALUES ("174",2,"00-174","A");
INSERT INTO `en_p2m_documento_transportista` (`TraCod`,`TipDocTraCod`,`DocTraNum`,`EstRegCod`) VALUES ("175",1,"00-175","A");
INSERT INTO `en_p2m_documento_transportista` (`TraCod`,`TipDocTraCod`,`DocTraNum`,`EstRegCod`) VALUES ("176",1,"00-176","A");
INSERT INTO `en_p2m_documento_transportista` (`TraCod`,`TipDocTraCod`,`DocTraNum`,`EstRegCod`) VALUES ("177",1,"00-177","A");
INSERT INTO `en_p2m_documento_transportista` (`TraCod`,`TipDocTraCod`,`DocTraNum`,`EstRegCod`) VALUES ("178",2,"00-178","A");
INSERT INTO `en_p2m_documento_transportista` (`TraCod`,`TipDocTraCod`,`DocTraNum`,`EstRegCod`) VALUES ("179",3,"00-179","A");
INSERT INTO `en_p2m_documento_transportista` (`TraCod`,`TipDocTraCod`,`DocTraNum`,`EstRegCod`) VALUES ("180",2,"00-180","A");
INSERT INTO `en_p2m_documento_transportista` (`TraCod`,`TipDocTraCod`,`DocTraNum`,`EstRegCod`) VALUES ("181",3,"00-181","A");
INSERT INTO `en_p2m_documento_transportista` (`TraCod`,`TipDocTraCod`,`DocTraNum`,`EstRegCod`) VALUES ("182",3,"00-182","A");
INSERT INTO `en_p2m_documento_transportista` (`TraCod`,`TipDocTraCod`,`DocTraNum`,`EstRegCod`) VALUES ("183",1,"00-183","A");
INSERT INTO `en_p2m_documento_transportista` (`TraCod`,`TipDocTraCod`,`DocTraNum`,`EstRegCod`) VALUES ("184",3,"00-184","A");
INSERT INTO `en_p2m_documento_transportista` (`TraCod`,`TipDocTraCod`,`DocTraNum`,`EstRegCod`) VALUES ("185",1,"00-185","A");
INSERT INTO `en_p2m_documento_transportista` (`TraCod`,`TipDocTraCod`,`DocTraNum`,`EstRegCod`) VALUES ("186",1,"00-186","A");
INSERT INTO `en_p2m_documento_transportista` (`TraCod`,`TipDocTraCod`,`DocTraNum`,`EstRegCod`) VALUES ("187",2,"00-187","A");
INSERT INTO `en_p2m_documento_transportista` (`TraCod`,`TipDocTraCod`,`DocTraNum`,`EstRegCod`) VALUES ("188",1,"00-188","A");
INSERT INTO `en_p2m_documento_transportista` (`TraCod`,`TipDocTraCod`,`DocTraNum`,`EstRegCod`) VALUES ("189",1,"00-189","A");
INSERT INTO `en_p2m_documento_transportista` (`TraCod`,`TipDocTraCod`,`DocTraNum`,`EstRegCod`) VALUES ("190",3,"00-190","A");
INSERT INTO `en_p2m_documento_transportista` (`TraCod`,`TipDocTraCod`,`DocTraNum`,`EstRegCod`) VALUES ("191",3,"00-191","A");
INSERT INTO `en_p2m_documento_transportista` (`TraCod`,`TipDocTraCod`,`DocTraNum`,`EstRegCod`) VALUES ("192",3,"00-192","A");
INSERT INTO `en_p2m_documento_transportista` (`TraCod`,`TipDocTraCod`,`DocTraNum`,`EstRegCod`) VALUES ("193",3,"00-193","A");
INSERT INTO `en_p2m_documento_transportista` (`TraCod`,`TipDocTraCod`,`DocTraNum`,`EstRegCod`) VALUES ("194",1,"00-194","A");
INSERT INTO `en_p2m_documento_transportista` (`TraCod`,`TipDocTraCod`,`DocTraNum`,`EstRegCod`) VALUES ("195",3,"00-195","A");
INSERT INTO `en_p2m_documento_transportista` (`TraCod`,`TipDocTraCod`,`DocTraNum`,`EstRegCod`) VALUES ("196",2,"00-196","A");
INSERT INTO `en_p2m_documento_transportista` (`TraCod`,`TipDocTraCod`,`DocTraNum`,`EstRegCod`) VALUES ("197",1,"00-197","A");
INSERT INTO `en_p2m_documento_transportista` (`TraCod`,`TipDocTraCod`,`DocTraNum`,`EstRegCod`) VALUES ("198",3,"00-198","A");
INSERT INTO `en_p2m_documento_transportista` (`TraCod`,`TipDocTraCod`,`DocTraNum`,`EstRegCod`) VALUES ("199",2,"00-199","A");
INSERT INTO `en_p2m_documento_transportista` (`TraCod`,`TipDocTraCod`,`DocTraNum`,`EstRegCod`) VALUES ("200",2,"00-200","A");


COMMIT;








-- -----------------------------------------------------
-- Data for table `episerp`.`en_p2m_guia_rem_transportista`
-- -----------------------------------------------------
START TRANSACTION;
USE `episerp`;

INSERT INTO `en_p2m_guia_rem_transportista` (`GuiRemTraNum`,`GuiRemTraDen`,`TraCod`,`UniTraCod`,`EmpCod`,`GuiRemTraNumReg`,`TipDstCod`,`GuiRemTraDes`,`EstRegCod`) VALUES ('001-000001','GUÍA DE REMISIÓN -TRANSPORTISTA','48','85',01,'917190-1979',03,'MOT S.A.','A');
INSERT INTO `en_p2m_guia_rem_transportista` (`GuiRemTraNum`,`GuiRemTraDen`,`TraCod`,`UniTraCod`,`EmpCod`,`GuiRemTraNumReg`,`TipDstCod`,`GuiRemTraDes`,`EstRegCod`) VALUES ('001-000010','GUÍA DE REMISIÓN -TRANSPORTISTA','12','90',01,'167335-9160',02,'Metus','A');
INSERT INTO `en_p2m_guia_rem_transportista` (`GuiRemTraNum`,`GuiRemTraDen`,`TraCod`,`UniTraCod`,`EmpCod`,`GuiRemTraNumReg`,`TipDstCod`,`GuiRemTraDes`,`EstRegCod`) VALUES ('001-000011','GUÍA DE REMISIÓN -TRANSPORTISTA','94','93',01,'888536-9101',03,'MOT S.A.','A');
INSERT INTO `en_p2m_guia_rem_transportista` (`GuiRemTraNum`,`GuiRemTraDen`,`TraCod`,`UniTraCod`,`EmpCod`,`GuiRemTraNumReg`,`TipDstCod`,`GuiRemTraDes`,`EstRegCod`) VALUES ('001-000012','GUÍA DE REMISIÓN -TRANSPORTISTA','39','33',01,'616859-2498',01,'Cursus LLC','A');
INSERT INTO `en_p2m_guia_rem_transportista` (`GuiRemTraNum`,`GuiRemTraDen`,`TraCod`,`UniTraCod`,`EmpCod`,`GuiRemTraNumReg`,`TipDstCod`,`GuiRemTraDes`,`EstRegCod`) VALUES ('001-000013','GUÍA DE REMISIÓN -TRANSPORTISTA','12','79',01,'389018-2839',01,'Limited','A');
INSERT INTO `en_p2m_guia_rem_transportista` (`GuiRemTraNum`,`GuiRemTraDen`,`TraCod`,`UniTraCod`,`EmpCod`,`GuiRemTraNumReg`,`TipDstCod`,`GuiRemTraDes`,`EstRegCod`) VALUES ('001-000014','GUÍA DE REMISIÓN -TRANSPORTISTA','4','35',01,'456770-1893',01,'Inc.','A');
INSERT INTO `en_p2m_guia_rem_transportista` (`GuiRemTraNum`,`GuiRemTraDen`,`TraCod`,`UniTraCod`,`EmpCod`,`GuiRemTraNumReg`,`TipDstCod`,`GuiRemTraDes`,`EstRegCod`) VALUES ('001-000015','GUÍA DE REMISIÓN -TRANSPORTISTA','53','90',01,'257365-8461',01,'Ruum L','A');
INSERT INTO `en_p2m_guia_rem_transportista` (`GuiRemTraNum`,`GuiRemTraDen`,`TraCod`,`UniTraCod`,`EmpCod`,`GuiRemTraNumReg`,`TipDstCod`,`GuiRemTraDes`,`EstRegCod`) VALUES ('001-000016','GUÍA DE REMISIÓN -TRANSPORTISTA','89','83',01,'257365-8461',01,'Ruum L','A');
INSERT INTO `en_p2m_guia_rem_transportista` (`GuiRemTraNum`,`GuiRemTraDen`,`TraCod`,`UniTraCod`,`EmpCod`,`GuiRemTraNumReg`,`TipDstCod`,`GuiRemTraDes`,`EstRegCod`) VALUES ('001-000017','GUÍA DE REMISIÓN -TRANSPORTISTA','97','68',01,'956566-9562',03,'MOT S.A.','A');
INSERT INTO `en_p2m_guia_rem_transportista` (`GuiRemTraNum`,`GuiRemTraDen`,`TraCod`,`UniTraCod`,`EmpCod`,`GuiRemTraNumReg`,`TipDstCod`,`GuiRemTraDes`,`EstRegCod`) VALUES ('001-000018','GUÍA DE REMISIÓN -TRANSPORTISTA','36','18',01,'888536-9101',03,'MOT S.A.','A');
INSERT INTO `en_p2m_guia_rem_transportista` (`GuiRemTraNum`,`GuiRemTraDen`,`TraCod`,`UniTraCod`,`EmpCod`,`GuiRemTraNumReg`,`TipDstCod`,`GuiRemTraDes`,`EstRegCod`) VALUES ('001-000019','GUÍA DE REMISIÓN -TRANSPORTISTA','88','83',01,'209447-0115',02,'Diam','A');
INSERT INTO `en_p2m_guia_rem_transportista` (`GuiRemTraNum`,`GuiRemTraDen`,`TraCod`,`UniTraCod`,`EmpCod`,`GuiRemTraNumReg`,`TipDstCod`,`GuiRemTraDes`,`EstRegCod`) VALUES ('001-000002','GUÍA DE REMISIÓN -TRANSPORTISTA','13','95',01,'279391-3035',02,'Dolor','A');
INSERT INTO `en_p2m_guia_rem_transportista` (`GuiRemTraNum`,`GuiRemTraDen`,`TraCod`,`UniTraCod`,`EmpCod`,`GuiRemTraNumReg`,`TipDstCod`,`GuiRemTraDes`,`EstRegCod`) VALUES ('001-000020','GUÍA DE REMISIÓN -TRANSPORTISTA','17','25',01,'649644-6466',01,'Consulting','A');
INSERT INTO `en_p2m_guia_rem_transportista` (`GuiRemTraNum`,`GuiRemTraDen`,`TraCod`,`UniTraCod`,`EmpCod`,`GuiRemTraNumReg`,`TipDstCod`,`GuiRemTraDes`,`EstRegCod`) VALUES ('001-000021','GUÍA DE REMISIÓN -TRANSPORTISTA','47','66',01,'956566-9562',03,'MOT S.A.','A');
INSERT INTO `en_p2m_guia_rem_transportista` (`GuiRemTraNum`,`GuiRemTraDen`,`TraCod`,`UniTraCod`,`EmpCod`,`GuiRemTraNumReg`,`TipDstCod`,`GuiRemTraDes`,`EstRegCod`) VALUES ('001-000022','GUÍA DE REMISIÓN -TRANSPORTISTA','99','63',01,'438762-7849',03,'MOT S.A.','A');
INSERT INTO `en_p2m_guia_rem_transportista` (`GuiRemTraNum`,`GuiRemTraDen`,`TraCod`,`UniTraCod`,`EmpCod`,`GuiRemTraNumReg`,`TipDstCod`,`GuiRemTraDes`,`EstRegCod`) VALUES ('001-000023','GUÍA DE REMISIÓN -TRANSPORTISTA','85','46',01,'719931-0298',02,'Ut PC','A');
INSERT INTO `en_p2m_guia_rem_transportista` (`GuiRemTraNum`,`GuiRemTraDen`,`TraCod`,`UniTraCod`,`EmpCod`,`GuiRemTraNumReg`,`TipDstCod`,`GuiRemTraDes`,`EstRegCod`) VALUES ('001-000024','GUÍA DE REMISIÓN -TRANSPORTISTA','91','39',01,'665476-5269',03,'MOT S.A.','A');
INSERT INTO `en_p2m_guia_rem_transportista` (`GuiRemTraNum`,`GuiRemTraDen`,`TraCod`,`UniTraCod`,`EmpCod`,`GuiRemTraNumReg`,`TipDstCod`,`GuiRemTraDes`,`EstRegCod`) VALUES ('001-000025','GUÍA DE REMISIÓN -TRANSPORTISTA','6','72',01,'279391-3035',02,'Dolor','A');
INSERT INTO `en_p2m_guia_rem_transportista` (`GuiRemTraNum`,`GuiRemTraDen`,`TraCod`,`UniTraCod`,`EmpCod`,`GuiRemTraNumReg`,`TipDstCod`,`GuiRemTraDes`,`EstRegCod`) VALUES ('001-000026','GUÍA DE REMISIÓN -TRANSPORTISTA','21','8',01,'332181-8902',01,'Industries','A');
INSERT INTO `en_p2m_guia_rem_transportista` (`GuiRemTraNum`,`GuiRemTraDen`,`TraCod`,`UniTraCod`,`EmpCod`,`GuiRemTraNumReg`,`TipDstCod`,`GuiRemTraDes`,`EstRegCod`) VALUES ('001-000027','GUÍA DE REMISIÓN -TRANSPORTISTA','17','75',01,'209447-0115',02,'Diam','A');
INSERT INTO `en_p2m_guia_rem_transportista` (`GuiRemTraNum`,`GuiRemTraDen`,`TraCod`,`UniTraCod`,`EmpCod`,`GuiRemTraNumReg`,`TipDstCod`,`GuiRemTraDes`,`EstRegCod`) VALUES ('001-000028','GUÍA DE REMISIÓN -TRANSPORTISTA','63','83',01,'133179-3107',02,'Nascetur','A');
INSERT INTO `en_p2m_guia_rem_transportista` (`GuiRemTraNum`,`GuiRemTraDen`,`TraCod`,`UniTraCod`,`EmpCod`,`GuiRemTraNumReg`,`TipDstCod`,`GuiRemTraDes`,`EstRegCod`) VALUES ('001-000029','GUÍA DE REMISIÓN -TRANSPORTISTA','5','92',01,'719931-0298',02,'Ut PC','A');
INSERT INTO `en_p2m_guia_rem_transportista` (`GuiRemTraNum`,`GuiRemTraDen`,`TraCod`,`UniTraCod`,`EmpCod`,`GuiRemTraNumReg`,`TipDstCod`,`GuiRemTraDes`,`EstRegCod`) VALUES ('001-000003','GUÍA DE REMISIÓN -TRANSPORTISTA','8','34',01,'438762-7849',03,'MOT S.A.','A');
INSERT INTO `en_p2m_guia_rem_transportista` (`GuiRemTraNum`,`GuiRemTraDen`,`TraCod`,`UniTraCod`,`EmpCod`,`GuiRemTraNumReg`,`TipDstCod`,`GuiRemTraDes`,`EstRegCod`) VALUES ('001-000030','GUÍA DE REMISIÓN -TRANSPORTISTA','80','83',01,'257755-7883',02,'Consulting','A');
INSERT INTO `en_p2m_guia_rem_transportista` (`GuiRemTraNum`,`GuiRemTraDen`,`TraCod`,`UniTraCod`,`EmpCod`,`GuiRemTraNumReg`,`TipDstCod`,`GuiRemTraDes`,`EstRegCod`) VALUES ('001-000031','GUÍA DE REMISIÓN -TRANSPORTISTA','2','43',01,'443604-5399',01,'Semper','A');
INSERT INTO `en_p2m_guia_rem_transportista` (`GuiRemTraNum`,`GuiRemTraDen`,`TraCod`,`UniTraCod`,`EmpCod`,`GuiRemTraNumReg`,`TipDstCod`,`GuiRemTraDes`,`EstRegCod`) VALUES ('001-000032','GUÍA DE REMISIÓN -TRANSPORTISTA','44','58',01,'279391-3035',02,'Dolor','A');
INSERT INTO `en_p2m_guia_rem_transportista` (`GuiRemTraNum`,`GuiRemTraDen`,`TraCod`,`UniTraCod`,`EmpCod`,`GuiRemTraNumReg`,`TipDstCod`,`GuiRemTraDes`,`EstRegCod`) VALUES ('001-000033','GUÍA DE REMISIÓN -TRANSPORTISTA','17','16',01,'133179-3107',02,'Nascetur','A');
INSERT INTO `en_p2m_guia_rem_transportista` (`GuiRemTraNum`,`GuiRemTraDen`,`TraCod`,`UniTraCod`,`EmpCod`,`GuiRemTraNumReg`,`TipDstCod`,`GuiRemTraDes`,`EstRegCod`) VALUES ('001-000034','GUÍA DE REMISIÓN -TRANSPORTISTA','99','95',01,'918125-0367',03,'MOT S.A.','A');
INSERT INTO `en_p2m_guia_rem_transportista` (`GuiRemTraNum`,`GuiRemTraDen`,`TraCod`,`UniTraCod`,`EmpCod`,`GuiRemTraNumReg`,`TipDstCod`,`GuiRemTraDes`,`EstRegCod`) VALUES ('001-000035','GUÍA DE REMISIÓN -TRANSPORTISTA','54','59',01,'397972-3941',01,'Neque','A');
INSERT INTO `en_p2m_guia_rem_transportista` (`GuiRemTraNum`,`GuiRemTraDen`,`TraCod`,`UniTraCod`,`EmpCod`,`GuiRemTraNumReg`,`TipDstCod`,`GuiRemTraDes`,`EstRegCod`) VALUES ('001-000036','GUÍA DE REMISIÓN -TRANSPORTISTA','81','50',01,'156252-3165',02,'Odio A','A');
INSERT INTO `en_p2m_guia_rem_transportista` (`GuiRemTraNum`,`GuiRemTraDen`,`TraCod`,`UniTraCod`,`EmpCod`,`GuiRemTraNumReg`,`TipDstCod`,`GuiRemTraDes`,`EstRegCod`) VALUES ('001-000037','GUÍA DE REMISIÓN -TRANSPORTISTA','67','85',01,'443604-5399',01,'Semper','A');
INSERT INTO `en_p2m_guia_rem_transportista` (`GuiRemTraNum`,`GuiRemTraDen`,`TraCod`,`UniTraCod`,`EmpCod`,`GuiRemTraNumReg`,`TipDstCod`,`GuiRemTraDes`,`EstRegCod`) VALUES ('001-000038','GUÍA DE REMISIÓN -TRANSPORTISTA','52','92',01,'874190-2426',01,'Ac PC','A');
INSERT INTO `en_p2m_guia_rem_transportista` (`GuiRemTraNum`,`GuiRemTraDen`,`TraCod`,`UniTraCod`,`EmpCod`,`GuiRemTraNumReg`,`TipDstCod`,`GuiRemTraDes`,`EstRegCod`) VALUES ('001-000039','GUÍA DE REMISIÓN -TRANSPORTISTA','70','3',01,'257755-7883',02,'Consulting','A');
INSERT INTO `en_p2m_guia_rem_transportista` (`GuiRemTraNum`,`GuiRemTraDen`,`TraCod`,`UniTraCod`,`EmpCod`,`GuiRemTraNumReg`,`TipDstCod`,`GuiRemTraDes`,`EstRegCod`) VALUES ('001-000004','GUÍA DE REMISIÓN -TRANSPORTISTA','2','67',01,'918125-0367',03,'MOT S.A.','A');
INSERT INTO `en_p2m_guia_rem_transportista` (`GuiRemTraNum`,`GuiRemTraDen`,`TraCod`,`UniTraCod`,`EmpCod`,`GuiRemTraNumReg`,`TipDstCod`,`GuiRemTraDes`,`EstRegCod`) VALUES ('001-000040','GUÍA DE REMISIÓN -TRANSPORTISTA','85','25',01,'769729-8144',03,'MOT S.A.','A');
INSERT INTO `en_p2m_guia_rem_transportista` (`GuiRemTraNum`,`GuiRemTraDen`,`TraCod`,`UniTraCod`,`EmpCod`,`GuiRemTraNumReg`,`TipDstCod`,`GuiRemTraDes`,`EstRegCod`) VALUES ('001-000041','GUÍA DE REMISIÓN -TRANSPORTISTA','67','70',01,'888536-9101',03,'MOT S.A.','A');
INSERT INTO `en_p2m_guia_rem_transportista` (`GuiRemTraNum`,`GuiRemTraDen`,`TraCod`,`UniTraCod`,`EmpCod`,`GuiRemTraNumReg`,`TipDstCod`,`GuiRemTraDes`,`EstRegCod`) VALUES ('001-000042','GUÍA DE REMISIÓN -TRANSPORTISTA','14','85',01,'607914-6848',02,'Erat','A');
INSERT INTO `en_p2m_guia_rem_transportista` (`GuiRemTraNum`,`GuiRemTraDen`,`TraCod`,`UniTraCod`,`EmpCod`,`GuiRemTraNumReg`,`TipDstCod`,`GuiRemTraDes`,`EstRegCod`) VALUES ('001-000043','GUÍA DE REMISIÓN -TRANSPORTISTA','75','1',01,'858558-1278',02,'LLC','A');
INSERT INTO `en_p2m_guia_rem_transportista` (`GuiRemTraNum`,`GuiRemTraDen`,`TraCod`,`UniTraCod`,`EmpCod`,`GuiRemTraNumReg`,`TipDstCod`,`GuiRemTraDes`,`EstRegCod`) VALUES ('001-000044','GUÍA DE REMISIÓN -TRANSPORTISTA','99','84',01,'874190-2426',01,'Ac PC','A');
INSERT INTO `en_p2m_guia_rem_transportista` (`GuiRemTraNum`,`GuiRemTraDen`,`TraCod`,`UniTraCod`,`EmpCod`,`GuiRemTraNumReg`,`TipDstCod`,`GuiRemTraDes`,`EstRegCod`) VALUES ('001-000045','GUÍA DE REMISIÓN -TRANSPORTISTA','69','24',01,'257755-7883',02,'Consulting','A');
INSERT INTO `en_p2m_guia_rem_transportista` (`GuiRemTraNum`,`GuiRemTraDen`,`TraCod`,`UniTraCod`,`EmpCod`,`GuiRemTraNumReg`,`TipDstCod`,`GuiRemTraDes`,`EstRegCod`) VALUES ('001-000046','GUÍA DE REMISIÓN -TRANSPORTISTA','83','56',01,'874190-2426',01,'Ac PC','A');
INSERT INTO `en_p2m_guia_rem_transportista` (`GuiRemTraNum`,`GuiRemTraDen`,`TraCod`,`UniTraCod`,`EmpCod`,`GuiRemTraNumReg`,`TipDstCod`,`GuiRemTraDes`,`EstRegCod`) VALUES ('001-000047','GUÍA DE REMISIÓN -TRANSPORTISTA','34','30',01,'928065-2448',03,'MOT S.A.','A');
INSERT INTO `en_p2m_guia_rem_transportista` (`GuiRemTraNum`,`GuiRemTraDen`,`TraCod`,`UniTraCod`,`EmpCod`,`GuiRemTraNumReg`,`TipDstCod`,`GuiRemTraDes`,`EstRegCod`) VALUES ('001-000048','GUÍA DE REMISIÓN -TRANSPORTISTA','54','76',01,'086324-2103',01,'Consulting','A');
INSERT INTO `en_p2m_guia_rem_transportista` (`GuiRemTraNum`,`GuiRemTraDen`,`TraCod`,`UniTraCod`,`EmpCod`,`GuiRemTraNumReg`,`TipDstCod`,`GuiRemTraDes`,`EstRegCod`) VALUES ('001-000049','GUÍA DE REMISIÓN -TRANSPORTISTA','24','29',01,'389018-2839',01,'Limited','A');
INSERT INTO `en_p2m_guia_rem_transportista` (`GuiRemTraNum`,`GuiRemTraDen`,`TraCod`,`UniTraCod`,`EmpCod`,`GuiRemTraNumReg`,`TipDstCod`,`GuiRemTraDes`,`EstRegCod`) VALUES ('001-000005','GUÍA DE REMISIÓN -TRANSPORTISTA','5','45',01,'719931-0298',02,'Ut PC','A');
INSERT INTO `en_p2m_guia_rem_transportista` (`GuiRemTraNum`,`GuiRemTraDen`,`TraCod`,`UniTraCod`,`EmpCod`,`GuiRemTraNumReg`,`TipDstCod`,`GuiRemTraDes`,`EstRegCod`) VALUES ('001-000050','GUÍA DE REMISIÓN -TRANSPORTISTA','8','23',01,'918125-0367',03,'MOT S.A.','A');
INSERT INTO `en_p2m_guia_rem_transportista` (`GuiRemTraNum`,`GuiRemTraDen`,`TraCod`,`UniTraCod`,`EmpCod`,`GuiRemTraNumReg`,`TipDstCod`,`GuiRemTraDes`,`EstRegCod`) VALUES ('001-000051','GUÍA DE REMISIÓN -TRANSPORTISTA','7','5',01,'719931-0298',02,'Ut PC','A');
INSERT INTO `en_p2m_guia_rem_transportista` (`GuiRemTraNum`,`GuiRemTraDen`,`TraCod`,`UniTraCod`,`EmpCod`,`GuiRemTraNumReg`,`TipDstCod`,`GuiRemTraDes`,`EstRegCod`) VALUES ('001-000052','GUÍA DE REMISIÓN -TRANSPORTISTA','52','93',01,'917190-1979',03,'MOT S.A.','A');
INSERT INTO `en_p2m_guia_rem_transportista` (`GuiRemTraNum`,`GuiRemTraDen`,`TraCod`,`UniTraCod`,`EmpCod`,`GuiRemTraNumReg`,`TipDstCod`,`GuiRemTraDes`,`EstRegCod`) VALUES ('001-000053','GUÍA DE REMISIÓN -TRANSPORTISTA','56','30',01,'812967-5677',03,'MOT S.A.','A');
INSERT INTO `en_p2m_guia_rem_transportista` (`GuiRemTraNum`,`GuiRemTraDen`,`TraCod`,`UniTraCod`,`EmpCod`,`GuiRemTraNumReg`,`TipDstCod`,`GuiRemTraDes`,`EstRegCod`) VALUES ('001-000054','GUÍA DE REMISIÓN -TRANSPORTISTA','67','48',01,'812967-5677',03,'MOT S.A.','A');
INSERT INTO `en_p2m_guia_rem_transportista` (`GuiRemTraNum`,`GuiRemTraDen`,`TraCod`,`UniTraCod`,`EmpCod`,`GuiRemTraNumReg`,`TipDstCod`,`GuiRemTraDes`,`EstRegCod`) VALUES ('001-000055','GUÍA DE REMISIÓN -TRANSPORTISTA','27','40',01,'438762-7849',03,'MOT S.A.','A');
INSERT INTO `en_p2m_guia_rem_transportista` (`GuiRemTraNum`,`GuiRemTraDen`,`TraCod`,`UniTraCod`,`EmpCod`,`GuiRemTraNumReg`,`TipDstCod`,`GuiRemTraDes`,`EstRegCod`) VALUES ('001-000056','GUÍA DE REMISIÓN -TRANSPORTISTA','89','23',01,'529940-3948',03,'MOT S.A.','A');
INSERT INTO `en_p2m_guia_rem_transportista` (`GuiRemTraNum`,`GuiRemTraDen`,`TraCod`,`UniTraCod`,`EmpCod`,`GuiRemTraNumReg`,`TipDstCod`,`GuiRemTraDes`,`EstRegCod`) VALUES ('001-000057','GUÍA DE REMISIÓN -TRANSPORTISTA','87','2',01,'928065-2448',03,'MOT S.A.','A');
INSERT INTO `en_p2m_guia_rem_transportista` (`GuiRemTraNum`,`GuiRemTraDen`,`TraCod`,`UniTraCod`,`EmpCod`,`GuiRemTraNumReg`,`TipDstCod`,`GuiRemTraDes`,`EstRegCod`) VALUES ('001-000058','GUÍA DE REMISIÓN -TRANSPORTISTA','18','54',01,'144338-0728',03,'MOT S.A.','A');
INSERT INTO `en_p2m_guia_rem_transportista` (`GuiRemTraNum`,`GuiRemTraDen`,`TraCod`,`UniTraCod`,`EmpCod`,`GuiRemTraNumReg`,`TipDstCod`,`GuiRemTraDes`,`EstRegCod`) VALUES ('001-000059','GUÍA DE REMISIÓN -TRANSPORTISTA','96','36',01,'144338-0728',03,'MOT S.A.','A');
INSERT INTO `en_p2m_guia_rem_transportista` (`GuiRemTraNum`,`GuiRemTraDen`,`TraCod`,`UniTraCod`,`EmpCod`,`GuiRemTraNumReg`,`TipDstCod`,`GuiRemTraDes`,`EstRegCod`) VALUES ('001-000006','GUÍA DE REMISIÓN -TRANSPORTISTA','23','37',01,'257365-8461',01,'Ruum L','A');
INSERT INTO `en_p2m_guia_rem_transportista` (`GuiRemTraNum`,`GuiRemTraDen`,`TraCod`,`UniTraCod`,`EmpCod`,`GuiRemTraNumReg`,`TipDstCod`,`GuiRemTraDes`,`EstRegCod`) VALUES ('001-000060','GUÍA DE REMISIÓN -TRANSPORTISTA','49','14',01,'102883-5583',02,'Ultris','A');
INSERT INTO `en_p2m_guia_rem_transportista` (`GuiRemTraNum`,`GuiRemTraDen`,`TraCod`,`UniTraCod`,`EmpCod`,`GuiRemTraNumReg`,`TipDstCod`,`GuiRemTraDes`,`EstRegCod`) VALUES ('001-000061','GUÍA DE REMISIÓN -TRANSPORTISTA','98','62',01,'397972-3941',01,'Neque','A');
INSERT INTO `en_p2m_guia_rem_transportista` (`GuiRemTraNum`,`GuiRemTraDen`,`TraCod`,`UniTraCod`,`EmpCod`,`GuiRemTraNumReg`,`TipDstCod`,`GuiRemTraDes`,`EstRegCod`) VALUES ('001-000062','GUÍA DE REMISIÓN -TRANSPORTISTA','70','46',01,'133179-3107',02,'Nascetur','A');
INSERT INTO `en_p2m_guia_rem_transportista` (`GuiRemTraNum`,`GuiRemTraDen`,`TraCod`,`UniTraCod`,`EmpCod`,`GuiRemTraNumReg`,`TipDstCod`,`GuiRemTraDes`,`EstRegCod`) VALUES ('001-000063','GUÍA DE REMISIÓN -TRANSPORTISTA','37','44',01,'443604-5399',01,'Semper','A');
INSERT INTO `en_p2m_guia_rem_transportista` (`GuiRemTraNum`,`GuiRemTraDen`,`TraCod`,`UniTraCod`,`EmpCod`,`GuiRemTraNumReg`,`TipDstCod`,`GuiRemTraDes`,`EstRegCod`) VALUES ('001-000064','GUÍA DE REMISIÓN -TRANSPORTISTA','79','43',01,'006373-9478',01,'Fusce','A');
INSERT INTO `en_p2m_guia_rem_transportista` (`GuiRemTraNum`,`GuiRemTraDen`,`TraCod`,`UniTraCod`,`EmpCod`,`GuiRemTraNumReg`,`TipDstCod`,`GuiRemTraDes`,`EstRegCod`) VALUES ('001-000065','GUÍA DE REMISIÓN -TRANSPORTISTA','78','10',01,'719931-0298',02,'Ut PC','A');
INSERT INTO `en_p2m_guia_rem_transportista` (`GuiRemTraNum`,`GuiRemTraDen`,`TraCod`,`UniTraCod`,`EmpCod`,`GuiRemTraNumReg`,`TipDstCod`,`GuiRemTraDes`,`EstRegCod`) VALUES ('001-000066','GUÍA DE REMISIÓN -TRANSPORTISTA','5','50',01,'674457-2626',03,'MOT S.A.','A');
INSERT INTO `en_p2m_guia_rem_transportista` (`GuiRemTraNum`,`GuiRemTraDen`,`TraCod`,`UniTraCod`,`EmpCod`,`GuiRemTraNumReg`,`TipDstCod`,`GuiRemTraDes`,`EstRegCod`) VALUES ('001-000067','GUÍA DE REMISIÓN -TRANSPORTISTA','86','7',01,'086324-2103',01,'Consulting','A');
INSERT INTO `en_p2m_guia_rem_transportista` (`GuiRemTraNum`,`GuiRemTraDen`,`TraCod`,`UniTraCod`,`EmpCod`,`GuiRemTraNumReg`,`TipDstCod`,`GuiRemTraDes`,`EstRegCod`) VALUES ('001-000068','GUÍA DE REMISIÓN -TRANSPORTISTA','94','96',01,'769729-8144',03,'MOT S.A.','A');
INSERT INTO `en_p2m_guia_rem_transportista` (`GuiRemTraNum`,`GuiRemTraDen`,`TraCod`,`UniTraCod`,`EmpCod`,`GuiRemTraNumReg`,`TipDstCod`,`GuiRemTraDes`,`EstRegCod`) VALUES ('001-000069','GUÍA DE REMISIÓN -TRANSPORTISTA','33','80',01,'874190-2426',01,'Ac PC','A');
INSERT INTO `en_p2m_guia_rem_transportista` (`GuiRemTraNum`,`GuiRemTraDen`,`TraCod`,`UniTraCod`,`EmpCod`,`GuiRemTraNumReg`,`TipDstCod`,`GuiRemTraDes`,`EstRegCod`) VALUES ('001-000007','GUÍA DE REMISIÓN -TRANSPORTISTA','56','70',01,'928065-2448',03,'MOT S.A.','A');
INSERT INTO `en_p2m_guia_rem_transportista` (`GuiRemTraNum`,`GuiRemTraDen`,`TraCod`,`UniTraCod`,`EmpCod`,`GuiRemTraNumReg`,`TipDstCod`,`GuiRemTraDes`,`EstRegCod`) VALUES ('001-000070','GUÍA DE REMISIÓN -TRANSPORTISTA','80','24',01,'769729-8144',03,'MOT S.A.','A');
INSERT INTO `en_p2m_guia_rem_transportista` (`GuiRemTraNum`,`GuiRemTraDen`,`TraCod`,`UniTraCod`,`EmpCod`,`GuiRemTraNumReg`,`TipDstCod`,`GuiRemTraDes`,`EstRegCod`) VALUES ('001-000071','GUÍA DE REMISIÓN -TRANSPORTISTA','34','87',01,'102883-5583',02,'Ultris','A');
INSERT INTO `en_p2m_guia_rem_transportista` (`GuiRemTraNum`,`GuiRemTraDen`,`TraCod`,`UniTraCod`,`EmpCod`,`GuiRemTraNumReg`,`TipDstCod`,`GuiRemTraDes`,`EstRegCod`) VALUES ('001-000072','GUÍA DE REMISIÓN -TRANSPORTISTA','66','30',01,'903027-3933',01,'Pulnar','A');
INSERT INTO `en_p2m_guia_rem_transportista` (`GuiRemTraNum`,`GuiRemTraDen`,`TraCod`,`UniTraCod`,`EmpCod`,`GuiRemTraNumReg`,`TipDstCod`,`GuiRemTraDes`,`EstRegCod`) VALUES ('001-000073','GUÍA DE REMISIÓN -TRANSPORTISTA','3','41',01,'167335-9160',02,'Metus','A');
INSERT INTO `en_p2m_guia_rem_transportista` (`GuiRemTraNum`,`GuiRemTraDen`,`TraCod`,`UniTraCod`,`EmpCod`,`GuiRemTraNumReg`,`TipDstCod`,`GuiRemTraDes`,`EstRegCod`) VALUES ('001-000074','GUÍA DE REMISIÓN -TRANSPORTISTA','43','48',01,'332181-8902',01,'Industries','A');
INSERT INTO `en_p2m_guia_rem_transportista` (`GuiRemTraNum`,`GuiRemTraDen`,`TraCod`,`UniTraCod`,`EmpCod`,`GuiRemTraNumReg`,`TipDstCod`,`GuiRemTraDes`,`EstRegCod`) VALUES ('001-000075','GUÍA DE REMISIÓN -TRANSPORTISTA','48','28',01,'649644-6466',01,'Consulting','A');
INSERT INTO `en_p2m_guia_rem_transportista` (`GuiRemTraNum`,`GuiRemTraDen`,`TraCod`,`UniTraCod`,`EmpCod`,`GuiRemTraNumReg`,`TipDstCod`,`GuiRemTraDes`,`EstRegCod`) VALUES ('001-000076','GUÍA DE REMISIÓN -TRANSPORTISTA','22','52',01,'266507-2027',03,'MOT S.A.','A');
INSERT INTO `en_p2m_guia_rem_transportista` (`GuiRemTraNum`,`GuiRemTraDen`,`TraCod`,`UniTraCod`,`EmpCod`,`GuiRemTraNumReg`,`TipDstCod`,`GuiRemTraDes`,`EstRegCod`) VALUES ('001-000077','GUÍA DE REMISIÓN -TRANSPORTISTA','19','88',01,'006373-9478',01,'Fusce','A');
INSERT INTO `en_p2m_guia_rem_transportista` (`GuiRemTraNum`,`GuiRemTraDen`,`TraCod`,`UniTraCod`,`EmpCod`,`GuiRemTraNumReg`,`TipDstCod`,`GuiRemTraDes`,`EstRegCod`) VALUES ('001-000078','GUÍA DE REMISIÓN -TRANSPORTISTA','86','88',01,'397972-3941',01,'Neque','A');
INSERT INTO `en_p2m_guia_rem_transportista` (`GuiRemTraNum`,`GuiRemTraDen`,`TraCod`,`UniTraCod`,`EmpCod`,`GuiRemTraNumReg`,`TipDstCod`,`GuiRemTraDes`,`EstRegCod`) VALUES ('001-000079','GUÍA DE REMISIÓN -TRANSPORTISTA','60','65',01,'553263-4267',01,'Praesent','A');
INSERT INTO `en_p2m_guia_rem_transportista` (`GuiRemTraNum`,`GuiRemTraDen`,`TraCod`,`UniTraCod`,`EmpCod`,`GuiRemTraNumReg`,`TipDstCod`,`GuiRemTraDes`,`EstRegCod`) VALUES ('001-000008','GUÍA DE REMISIÓN -TRANSPORTISTA','47','2',01,'456770-1893',01,'Inc.','A');
INSERT INTO `en_p2m_guia_rem_transportista` (`GuiRemTraNum`,`GuiRemTraDen`,`TraCod`,`UniTraCod`,`EmpCod`,`GuiRemTraNumReg`,`TipDstCod`,`GuiRemTraDes`,`EstRegCod`) VALUES ('001-000080','GUÍA DE REMISIÓN -TRANSPORTISTA','38','54',01,'928065-2448',03,'MOT S.A.','A');
INSERT INTO `en_p2m_guia_rem_transportista` (`GuiRemTraNum`,`GuiRemTraDen`,`TraCod`,`UniTraCod`,`EmpCod`,`GuiRemTraNumReg`,`TipDstCod`,`GuiRemTraDes`,`EstRegCod`) VALUES ('001-000081','GUÍA DE REMISIÓN -TRANSPORTISTA','96','53',01,'616859-2498',01,'Cursus LLC','A');
INSERT INTO `en_p2m_guia_rem_transportista` (`GuiRemTraNum`,`GuiRemTraDen`,`TraCod`,`UniTraCod`,`EmpCod`,`GuiRemTraNumReg`,`TipDstCod`,`GuiRemTraDes`,`EstRegCod`) VALUES ('001-000082','GUÍA DE REMISIÓN -TRANSPORTISTA','19','22',01,'974716-8210',01,'Nibh','A');
INSERT INTO `en_p2m_guia_rem_transportista` (`GuiRemTraNum`,`GuiRemTraDen`,`TraCod`,`UniTraCod`,`EmpCod`,`GuiRemTraNumReg`,`TipDstCod`,`GuiRemTraDes`,`EstRegCod`) VALUES ('001-000083','GUÍA DE REMISIÓN -TRANSPORTISTA','34','75',01,'683850-1440',03,'MOT S.A.','A');
INSERT INTO `en_p2m_guia_rem_transportista` (`GuiRemTraNum`,`GuiRemTraDen`,`TraCod`,`UniTraCod`,`EmpCod`,`GuiRemTraNumReg`,`TipDstCod`,`GuiRemTraDes`,`EstRegCod`) VALUES ('001-000084','GUÍA DE REMISIÓN -TRANSPORTISTA','88','27',01,'769729-8144',03,'MOT S.A.','A');
INSERT INTO `en_p2m_guia_rem_transportista` (`GuiRemTraNum`,`GuiRemTraDen`,`TraCod`,`UniTraCod`,`EmpCod`,`GuiRemTraNumReg`,`TipDstCod`,`GuiRemTraDes`,`EstRegCod`) VALUES ('001-000085','GUÍA DE REMISIÓN -TRANSPORTISTA','63','24',01,'956566-9562',03,'MOT S.A.','A');
INSERT INTO `en_p2m_guia_rem_transportista` (`GuiRemTraNum`,`GuiRemTraDen`,`TraCod`,`UniTraCod`,`EmpCod`,`GuiRemTraNumReg`,`TipDstCod`,`GuiRemTraDes`,`EstRegCod`) VALUES ('001-000086','GUÍA DE REMISIÓN -TRANSPORTISTA','7','61',01,'674457-2626',03,'MOT S.A.','A');
INSERT INTO `en_p2m_guia_rem_transportista` (`GuiRemTraNum`,`GuiRemTraDen`,`TraCod`,`UniTraCod`,`EmpCod`,`GuiRemTraNumReg`,`TipDstCod`,`GuiRemTraDes`,`EstRegCod`) VALUES ('001-000087','GUÍA DE REMISIÓN -TRANSPORTISTA','71','14',01,'674457-2626',03,'MOT S.A.','A');
INSERT INTO `en_p2m_guia_rem_transportista` (`GuiRemTraNum`,`GuiRemTraDen`,`TraCod`,`UniTraCod`,`EmpCod`,`GuiRemTraNumReg`,`TipDstCod`,`GuiRemTraDes`,`EstRegCod`) VALUES ('001-000088','GUÍA DE REMISIÓN -TRANSPORTISTA','7','13',01,'918125-0367',03,'MOT S.A.','A');
INSERT INTO `en_p2m_guia_rem_transportista` (`GuiRemTraNum`,`GuiRemTraDen`,`TraCod`,`UniTraCod`,`EmpCod`,`GuiRemTraNumReg`,`TipDstCod`,`GuiRemTraDes`,`EstRegCod`) VALUES ('001-000089','GUÍA DE REMISIÓN -TRANSPORTISTA','19','64',01,'257365-8461',01,'Ruum L','A');
INSERT INTO `en_p2m_guia_rem_transportista` (`GuiRemTraNum`,`GuiRemTraDen`,`TraCod`,`UniTraCod`,`EmpCod`,`GuiRemTraNumReg`,`TipDstCod`,`GuiRemTraDes`,`EstRegCod`) VALUES ('001-000009','GUÍA DE REMISIÓN -TRANSPORTISTA','67','55',01,'086324-2103',01,'Consulting','A');
INSERT INTO `en_p2m_guia_rem_transportista` (`GuiRemTraNum`,`GuiRemTraDen`,`TraCod`,`UniTraCod`,`EmpCod`,`GuiRemTraNumReg`,`TipDstCod`,`GuiRemTraDes`,`EstRegCod`) VALUES ('001-000090','GUÍA DE REMISIÓN -TRANSPORTISTA','3','98',01,'144338-0728',03,'MOT S.A.','A');
INSERT INTO `en_p2m_guia_rem_transportista` (`GuiRemTraNum`,`GuiRemTraDen`,`TraCod`,`UniTraCod`,`EmpCod`,`GuiRemTraNumReg`,`TipDstCod`,`GuiRemTraDes`,`EstRegCod`) VALUES ('001-000091','GUÍA DE REMISIÓN -TRANSPORTISTA','8','24',01,'443604-5399',01,'Semper','A');
INSERT INTO `en_p2m_guia_rem_transportista` (`GuiRemTraNum`,`GuiRemTraDen`,`TraCod`,`UniTraCod`,`EmpCod`,`GuiRemTraNumReg`,`TipDstCod`,`GuiRemTraDes`,`EstRegCod`) VALUES ('001-000092','GUÍA DE REMISIÓN -TRANSPORTISTA','12','47',01,'956566-9562',03,'MOT S.A.','A');
INSERT INTO `en_p2m_guia_rem_transportista` (`GuiRemTraNum`,`GuiRemTraDen`,`TraCod`,`UniTraCod`,`EmpCod`,`GuiRemTraNumReg`,`TipDstCod`,`GuiRemTraDes`,`EstRegCod`) VALUES ('001-000093','GUÍA DE REMISIÓN -TRANSPORTISTA','85','97',01,'102883-5583',02,'Ultris','A');
INSERT INTO `en_p2m_guia_rem_transportista` (`GuiRemTraNum`,`GuiRemTraDen`,`TraCod`,`UniTraCod`,`EmpCod`,`GuiRemTraNumReg`,`TipDstCod`,`GuiRemTraDes`,`EstRegCod`) VALUES ('001-000094','GUÍA DE REMISIÓN -TRANSPORTISTA','66','39',01,'102883-5583',02,'Ultris','A');
INSERT INTO `en_p2m_guia_rem_transportista` (`GuiRemTraNum`,`GuiRemTraDen`,`TraCod`,`UniTraCod`,`EmpCod`,`GuiRemTraNumReg`,`TipDstCod`,`GuiRemTraDes`,`EstRegCod`) VALUES ('001-000095','GUÍA DE REMISIÓN -TRANSPORTISTA','4','23',01,'647984-2244',01,'SitLC','A');
INSERT INTO `en_p2m_guia_rem_transportista` (`GuiRemTraNum`,`GuiRemTraDen`,`TraCod`,`UniTraCod`,`EmpCod`,`GuiRemTraNumReg`,`TipDstCod`,`GuiRemTraDes`,`EstRegCod`) VALUES ('001-000096','GUÍA DE REMISIÓN -TRANSPORTISTA','65','46',01,'903027-3933',01,'Pulnar','A');
INSERT INTO `en_p2m_guia_rem_transportista` (`GuiRemTraNum`,`GuiRemTraDen`,`TraCod`,`UniTraCod`,`EmpCod`,`GuiRemTraNumReg`,`TipDstCod`,`GuiRemTraDes`,`EstRegCod`) VALUES ('001-000097','GUÍA DE REMISIÓN -TRANSPORTISTA','27','66',01,'888536-9101',03,'MOT S.A.','A');
INSERT INTO `en_p2m_guia_rem_transportista` (`GuiRemTraNum`,`GuiRemTraDen`,`TraCod`,`UniTraCod`,`EmpCod`,`GuiRemTraNumReg`,`TipDstCod`,`GuiRemTraDes`,`EstRegCod`) VALUES ('001-000098','GUÍA DE REMISIÓN -TRANSPORTISTA','23','21',01,'125537-1393',01,'Corporation','A');
INSERT INTO `en_p2m_guia_rem_transportista` (`GuiRemTraNum`,`GuiRemTraDen`,`TraCod`,`UniTraCod`,`EmpCod`,`GuiRemTraNumReg`,`TipDstCod`,`GuiRemTraDes`,`EstRegCod`) VALUES ('001-000099','GUÍA DE REMISIÓN -TRANSPORTISTA','21','16',01,'874190-2426',01,'Ac PC','A');
INSERT INTO `en_p2m_guia_rem_transportista` (`GuiRemTraNum`,`GuiRemTraDen`,`TraCod`,`UniTraCod`,`EmpCod`,`GuiRemTraNumReg`,`TipDstCod`,`GuiRemTraDes`,`EstRegCod`) VALUES ('001-000100','GUÍA DE REMISIÓN -TRANSPORTISTA','81','38',01,'167335-9160',02,'Metus','A');

COMMIT;




-- -----------------------------------------------------
-- Data for table `episerp`.`en_p2m_guia_rem_remitente`
-- -----------------------------------------------------
START TRANSACTION;
USE `episerp`;
INSERT INTO `en_p2m_guia_rem_remitente` (`GuiRemRemNum`,`GuiRemRemDen`,`MotTraCod`,`EmpCod`,`TipDstCod`,`GuiRemRemDes`,`EstRegCod`) VALUES ('001-000001','GUÍA DE REMISIÓN-REMINTENTE',02,01,03,'MOT S.A.','A');
INSERT INTO `en_p2m_guia_rem_remitente` (`GuiRemRemNum`,`GuiRemRemDen`,`MotTraCod`,`EmpCod`,`TipDstCod`,`GuiRemRemDes`,`EstRegCod`) VALUES ('001-000002','GUÍA DE REMISIÓN-REMINTENTE',02,01,03,'MOT S.A.','A');
INSERT INTO `en_p2m_guia_rem_remitente` (`GuiRemRemNum`,`GuiRemRemDen`,`MotTraCod`,`EmpCod`,`TipDstCod`,`GuiRemRemDes`,`EstRegCod`) VALUES ('001-000003','GUÍA DE REMISIÓN-REMINTENTE',02,01,03,'MOT S.A.','A');
INSERT INTO `en_p2m_guia_rem_remitente` (`GuiRemRemNum`,`GuiRemRemDen`,`MotTraCod`,`EmpCod`,`TipDstCod`,`GuiRemRemDes`,`EstRegCod`) VALUES ('001-000004','GUÍA DE REMISIÓN-REMINTENTE',02,01,03,'MOT S.A.','A');
INSERT INTO `en_p2m_guia_rem_remitente` (`GuiRemRemNum`,`GuiRemRemDen`,`MotTraCod`,`EmpCod`,`TipDstCod`,`GuiRemRemDes`,`EstRegCod`) VALUES ('001-000005','GUÍA DE REMISIÓN-REMINTENTE',02,01,03,'MOT S.A.','A');
INSERT INTO `en_p2m_guia_rem_remitente` (`GuiRemRemNum`,`GuiRemRemDen`,`MotTraCod`,`EmpCod`,`TipDstCod`,`GuiRemRemDes`,`EstRegCod`) VALUES ('001-000006','GUÍA DE REMISIÓN-REMINTENTE',02,01,03,'MOT S.A.','A');
INSERT INTO `en_p2m_guia_rem_remitente` (`GuiRemRemNum`,`GuiRemRemDen`,`MotTraCod`,`EmpCod`,`TipDstCod`,`GuiRemRemDes`,`EstRegCod`) VALUES ('001-000007','GUÍA DE REMISIÓN-REMINTENTE',02,01,03,'MOT S.A.','A');
INSERT INTO `en_p2m_guia_rem_remitente` (`GuiRemRemNum`,`GuiRemRemDen`,`MotTraCod`,`EmpCod`,`TipDstCod`,`GuiRemRemDes`,`EstRegCod`) VALUES ('001-000008','GUÍA DE REMISIÓN-REMINTENTE',02,01,03,'MOT S.A.','A');
INSERT INTO `en_p2m_guia_rem_remitente` (`GuiRemRemNum`,`GuiRemRemDen`,`MotTraCod`,`EmpCod`,`TipDstCod`,`GuiRemRemDes`,`EstRegCod`) VALUES ('001-000009','GUÍA DE REMISIÓN-REMINTENTE',02,01,03,'MOT S.A.','A');
INSERT INTO `en_p2m_guia_rem_remitente` (`GuiRemRemNum`,`GuiRemRemDen`,`MotTraCod`,`EmpCod`,`TipDstCod`,`GuiRemRemDes`,`EstRegCod`) VALUES ('001-000010','GUÍA DE REMISIÓN-REMINTENTE',02,01,03,'MOT S.A.','A');
INSERT INTO `en_p2m_guia_rem_remitente` (`GuiRemRemNum`,`GuiRemRemDen`,`MotTraCod`,`EmpCod`,`TipDstCod`,`GuiRemRemDes`,`EstRegCod`) VALUES ('001-000011','GUÍA DE REMISIÓN-REMINTENTE',02,01,03,'MOT S.A.','A');
INSERT INTO `en_p2m_guia_rem_remitente` (`GuiRemRemNum`,`GuiRemRemDen`,`MotTraCod`,`EmpCod`,`TipDstCod`,`GuiRemRemDes`,`EstRegCod`) VALUES ('001-000012','GUÍA DE REMISIÓN-REMINTENTE',02,01,03,'MOT S.A.','A');
INSERT INTO `en_p2m_guia_rem_remitente` (`GuiRemRemNum`,`GuiRemRemDen`,`MotTraCod`,`EmpCod`,`TipDstCod`,`GuiRemRemDes`,`EstRegCod`) VALUES ('001-000013','GUÍA DE REMISIÓN-REMINTENTE',02,01,03,'MOT S.A.','A');
INSERT INTO `en_p2m_guia_rem_remitente` (`GuiRemRemNum`,`GuiRemRemDen`,`MotTraCod`,`EmpCod`,`TipDstCod`,`GuiRemRemDes`,`EstRegCod`) VALUES ('001-000014','GUÍA DE REMISIÓN-REMINTENTE',02,01,03,'MOT S.A.','A');
INSERT INTO `en_p2m_guia_rem_remitente` (`GuiRemRemNum`,`GuiRemRemDen`,`MotTraCod`,`EmpCod`,`TipDstCod`,`GuiRemRemDes`,`EstRegCod`) VALUES ('001-000015','GUÍA DE REMISIÓN-REMINTENTE',02,01,03,'MOT S.A.','A');
INSERT INTO `en_p2m_guia_rem_remitente` (`GuiRemRemNum`,`GuiRemRemDen`,`MotTraCod`,`EmpCod`,`TipDstCod`,`GuiRemRemDes`,`EstRegCod`) VALUES ('001-000016','GUÍA DE REMISIÓN-REMINTENTE',02,01,03,'MOT S.A.','A');
INSERT INTO `en_p2m_guia_rem_remitente` (`GuiRemRemNum`,`GuiRemRemDen`,`MotTraCod`,`EmpCod`,`TipDstCod`,`GuiRemRemDes`,`EstRegCod`) VALUES ('001-000017','GUÍA DE REMISIÓN-REMINTENTE',02,01,03,'MOT S.A.','A');
INSERT INTO `en_p2m_guia_rem_remitente` (`GuiRemRemNum`,`GuiRemRemDen`,`MotTraCod`,`EmpCod`,`TipDstCod`,`GuiRemRemDes`,`EstRegCod`) VALUES ('001-000018','GUÍA DE REMISIÓN-REMINTENTE',02,01,03,'MOT S.A.','A');
INSERT INTO `en_p2m_guia_rem_remitente` (`GuiRemRemNum`,`GuiRemRemDen`,`MotTraCod`,`EmpCod`,`TipDstCod`,`GuiRemRemDes`,`EstRegCod`) VALUES ('001-000019','GUÍA DE REMISIÓN-REMINTENTE',02,01,03,'MOT S.A.','A');
INSERT INTO `en_p2m_guia_rem_remitente` (`GuiRemRemNum`,`GuiRemRemDen`,`MotTraCod`,`EmpCod`,`TipDstCod`,`GuiRemRemDes`,`EstRegCod`) VALUES ('001-000020','GUÍA DE REMISIÓN-REMINTENTE',02,01,03,'MOT S.A.','A');
INSERT INTO `en_p2m_guia_rem_remitente` (`GuiRemRemNum`,`GuiRemRemDen`,`MotTraCod`,`EmpCod`,`TipDstCod`,`GuiRemRemDes`,`EstRegCod`) VALUES ('001-000021','GUÍA DE REMISIÓN-REMINTENTE',02,01,03,'MOT S.A.','A');
INSERT INTO `en_p2m_guia_rem_remitente` (`GuiRemRemNum`,`GuiRemRemDen`,`MotTraCod`,`EmpCod`,`TipDstCod`,`GuiRemRemDes`,`EstRegCod`) VALUES ('001-000022','GUÍA DE REMISIÓN-REMINTENTE',02,01,03,'MOT S.A.','A');
INSERT INTO `en_p2m_guia_rem_remitente` (`GuiRemRemNum`,`GuiRemRemDen`,`MotTraCod`,`EmpCod`,`TipDstCod`,`GuiRemRemDes`,`EstRegCod`) VALUES ('001-000023','GUÍA DE REMISIÓN-REMINTENTE',02,01,03,'MOT S.A.','A');
INSERT INTO `en_p2m_guia_rem_remitente` (`GuiRemRemNum`,`GuiRemRemDen`,`MotTraCod`,`EmpCod`,`TipDstCod`,`GuiRemRemDes`,`EstRegCod`) VALUES ('001-000024','GUÍA DE REMISIÓN-REMINTENTE',02,01,03,'MOT S.A.','A');
INSERT INTO `en_p2m_guia_rem_remitente` (`GuiRemRemNum`,`GuiRemRemDen`,`MotTraCod`,`EmpCod`,`TipDstCod`,`GuiRemRemDes`,`EstRegCod`) VALUES ('001-000025','GUÍA DE REMISIÓN-REMINTENTE',02,01,03,'MOT S.A.','A');
INSERT INTO `en_p2m_guia_rem_remitente` (`GuiRemRemNum`,`GuiRemRemDen`,`MotTraCod`,`EmpCod`,`TipDstCod`,`GuiRemRemDes`,`EstRegCod`) VALUES ('001-000026','GUÍA DE REMISIÓN-REMINTENTE',02,01,03,'MOT S.A.','A');
INSERT INTO `en_p2m_guia_rem_remitente` (`GuiRemRemNum`,`GuiRemRemDen`,`MotTraCod`,`EmpCod`,`TipDstCod`,`GuiRemRemDes`,`EstRegCod`) VALUES ('001-000027','GUÍA DE REMISIÓN-REMINTENTE',02,01,03,'MOT S.A.','A');
INSERT INTO `en_p2m_guia_rem_remitente` (`GuiRemRemNum`,`GuiRemRemDen`,`MotTraCod`,`EmpCod`,`TipDstCod`,`GuiRemRemDes`,`EstRegCod`) VALUES ('001-000028','GUÍA DE REMISIÓN-REMINTENTE',02,01,03,'MOT S.A.','A');
INSERT INTO `en_p2m_guia_rem_remitente` (`GuiRemRemNum`,`GuiRemRemDen`,`MotTraCod`,`EmpCod`,`TipDstCod`,`GuiRemRemDes`,`EstRegCod`) VALUES ('001-000029','GUÍA DE REMISIÓN-REMINTENTE',02,01,03,'MOT S.A.','A');
INSERT INTO `en_p2m_guia_rem_remitente` (`GuiRemRemNum`,`GuiRemRemDen`,`MotTraCod`,`EmpCod`,`TipDstCod`,`GuiRemRemDes`,`EstRegCod`) VALUES ('001-000030','GUÍA DE REMISIÓN-REMINTENTE',02,01,03,'MOT S.A.','A');
INSERT INTO `en_p2m_guia_rem_remitente` (`GuiRemRemNum`,`GuiRemRemDen`,`MotTraCod`,`EmpCod`,`TipDstCod`,`GuiRemRemDes`,`EstRegCod`) VALUES ('001-000031','GUÍA DE REMISIÓN-REMINTENTE',02,01,03,'MOT S.A.','A');
INSERT INTO `en_p2m_guia_rem_remitente` (`GuiRemRemNum`,`GuiRemRemDen`,`MotTraCod`,`EmpCod`,`TipDstCod`,`GuiRemRemDes`,`EstRegCod`) VALUES ('001-000032','GUÍA DE REMISIÓN-REMINTENTE',02,01,03,'MOT S.A.','A');
INSERT INTO `en_p2m_guia_rem_remitente` (`GuiRemRemNum`,`GuiRemRemDen`,`MotTraCod`,`EmpCod`,`TipDstCod`,`GuiRemRemDes`,`EstRegCod`) VALUES ('001-000033','GUÍA DE REMISIÓN-REMINTENTE',02,01,03,'MOT S.A.','A');
INSERT INTO `en_p2m_guia_rem_remitente` (`GuiRemRemNum`,`GuiRemRemDen`,`MotTraCod`,`EmpCod`,`TipDstCod`,`GuiRemRemDes`,`EstRegCod`) VALUES ('001-000034','GUÍA DE REMISIÓN-REMINTENTE',02,01,03,'MOT S.A.','A');
INSERT INTO `en_p2m_guia_rem_remitente` (`GuiRemRemNum`,`GuiRemRemDen`,`MotTraCod`,`EmpCod`,`TipDstCod`,`GuiRemRemDes`,`EstRegCod`) VALUES ('001-000035','GUÍA DE REMISIÓN-REMINTENTE',02,01,03,'MOT S.A.','A');
INSERT INTO `en_p2m_guia_rem_remitente` (`GuiRemRemNum`,`GuiRemRemDen`,`MotTraCod`,`EmpCod`,`TipDstCod`,`GuiRemRemDes`,`EstRegCod`) VALUES ('001-000036','GUÍA DE REMISIÓN-REMINTENTE',02,01,03,'MOT S.A.','A');
INSERT INTO `en_p2m_guia_rem_remitente` (`GuiRemRemNum`,`GuiRemRemDen`,`MotTraCod`,`EmpCod`,`TipDstCod`,`GuiRemRemDes`,`EstRegCod`) VALUES ('001-000037','GUÍA DE REMISIÓN-REMINTENTE',02,01,03,'MOT S.A.','A');
INSERT INTO `en_p2m_guia_rem_remitente` (`GuiRemRemNum`,`GuiRemRemDen`,`MotTraCod`,`EmpCod`,`TipDstCod`,`GuiRemRemDes`,`EstRegCod`) VALUES ('001-000038','GUÍA DE REMISIÓN-REMINTENTE',02,01,03,'MOT S.A.','A');
INSERT INTO `en_p2m_guia_rem_remitente` (`GuiRemRemNum`,`GuiRemRemDen`,`MotTraCod`,`EmpCod`,`TipDstCod`,`GuiRemRemDes`,`EstRegCod`) VALUES ('001-000039','GUÍA DE REMISIÓN-REMINTENTE',02,01,03,'MOT S.A.','A');
INSERT INTO `en_p2m_guia_rem_remitente` (`GuiRemRemNum`,`GuiRemRemDen`,`MotTraCod`,`EmpCod`,`TipDstCod`,`GuiRemRemDes`,`EstRegCod`) VALUES ('001-000040','GUÍA DE REMISIÓN-REMINTENTE',02,01,03,'MOT S.A.','A');
INSERT INTO `en_p2m_guia_rem_remitente` (`GuiRemRemNum`,`GuiRemRemDen`,`MotTraCod`,`EmpCod`,`TipDstCod`,`GuiRemRemDes`,`EstRegCod`) VALUES ('001-000041','GUÍA DE REMISIÓN-REMINTENTE',02,01,03,'MOT S.A.','A');
INSERT INTO `en_p2m_guia_rem_remitente` (`GuiRemRemNum`,`GuiRemRemDen`,`MotTraCod`,`EmpCod`,`TipDstCod`,`GuiRemRemDes`,`EstRegCod`) VALUES ('001-000042','GUÍA DE REMISIÓN-REMINTENTE',02,01,03,'MOT S.A.','A');
INSERT INTO `en_p2m_guia_rem_remitente` (`GuiRemRemNum`,`GuiRemRemDen`,`MotTraCod`,`EmpCod`,`TipDstCod`,`GuiRemRemDes`,`EstRegCod`) VALUES ('001-000043','GUÍA DE REMISIÓN-REMINTENTE',02,01,03,'MOT S.A.','A');
INSERT INTO `en_p2m_guia_rem_remitente` (`GuiRemRemNum`,`GuiRemRemDen`,`MotTraCod`,`EmpCod`,`TipDstCod`,`GuiRemRemDes`,`EstRegCod`) VALUES ('001-000044','GUÍA DE REMISIÓN-REMINTENTE',02,01,03,'MOT S.A.','A');
INSERT INTO `en_p2m_guia_rem_remitente` (`GuiRemRemNum`,`GuiRemRemDen`,`MotTraCod`,`EmpCod`,`TipDstCod`,`GuiRemRemDes`,`EstRegCod`) VALUES ('001-000045','GUÍA DE REMISIÓN-REMINTENTE',02,01,03,'MOT S.A.','A');
INSERT INTO `en_p2m_guia_rem_remitente` (`GuiRemRemNum`,`GuiRemRemDen`,`MotTraCod`,`EmpCod`,`TipDstCod`,`GuiRemRemDes`,`EstRegCod`) VALUES ('001-000046','GUÍA DE REMISIÓN-REMINTENTE',02,01,03,'MOT S.A.','A');
INSERT INTO `en_p2m_guia_rem_remitente` (`GuiRemRemNum`,`GuiRemRemDen`,`MotTraCod`,`EmpCod`,`TipDstCod`,`GuiRemRemDes`,`EstRegCod`) VALUES ('001-000047','GUÍA DE REMISIÓN-REMINTENTE',02,01,03,'MOT S.A.','A');
INSERT INTO `en_p2m_guia_rem_remitente` (`GuiRemRemNum`,`GuiRemRemDen`,`MotTraCod`,`EmpCod`,`TipDstCod`,`GuiRemRemDes`,`EstRegCod`) VALUES ('001-000048','GUÍA DE REMISIÓN-REMINTENTE',02,01,03,'MOT S.A.','A');
INSERT INTO `en_p2m_guia_rem_remitente` (`GuiRemRemNum`,`GuiRemRemDen`,`MotTraCod`,`EmpCod`,`TipDstCod`,`GuiRemRemDes`,`EstRegCod`) VALUES ('001-000049','GUÍA DE REMISIÓN-REMINTENTE',02,01,03,'MOT S.A.','A');
INSERT INTO `en_p2m_guia_rem_remitente` (`GuiRemRemNum`,`GuiRemRemDen`,`MotTraCod`,`EmpCod`,`TipDstCod`,`GuiRemRemDes`,`EstRegCod`) VALUES ('001-000050','GUÍA DE REMISIÓN-REMINTENTE',01,01,01,'Orci Luctus F.','A');
INSERT INTO `en_p2m_guia_rem_remitente` (`GuiRemRemNum`,`GuiRemRemDen`,`MotTraCod`,`EmpCod`,`TipDstCod`,`GuiRemRemDes`,`EstRegCod`) VALUES ('001-000051','GUÍA DE REMISIÓN-REMINTENTE',01,01,01,'Lorem Institute','A');
INSERT INTO `en_p2m_guia_rem_remitente` (`GuiRemRemNum`,`GuiRemRemDen`,`MotTraCod`,`EmpCod`,`TipDstCod`,`GuiRemRemDes`,`EstRegCod`) VALUES ('001-000052','GUÍA DE REMISIÓN-REMINTENTE',01,01,01,'Sit Amet LLP','A');
INSERT INTO `en_p2m_guia_rem_remitente` (`GuiRemRemNum`,`GuiRemRemDen`,`MotTraCod`,`EmpCod`,`TipDstCod`,`GuiRemRemDes`,`EstRegCod`) VALUES ('001-000053','GUÍA DE REMISIÓN-REMINTENTE',01,01,01,'Lorem Ins.','A');
INSERT INTO `en_p2m_guia_rem_remitente` (`GuiRemRemNum`,`GuiRemRemDen`,`MotTraCod`,`EmpCod`,`TipDstCod`,`GuiRemRemDes`,`EstRegCod`) VALUES ('001-000054','GUÍA DE REMISIÓN-REMINTENTE',01,01,01,'Eros PC','A');
INSERT INTO `en_p2m_guia_rem_remitente` (`GuiRemRemNum`,`GuiRemRemDen`,`MotTraCod`,`EmpCod`,`TipDstCod`,`GuiRemRemDes`,`EstRegCod`) VALUES ('001-000055','GUÍA DE REMISIÓN-REMINTENTE',01,01,01,'Ridiculus F.','A');
INSERT INTO `en_p2m_guia_rem_remitente` (`GuiRemRemNum`,`GuiRemRemDen`,`MotTraCod`,`EmpCod`,`TipDstCod`,`GuiRemRemDes`,`EstRegCod`) VALUES ('001-000056','GUÍA DE REMISIÓN-REMINTENTE',01,01,01,'Mi Limited','A');
INSERT INTO `en_p2m_guia_rem_remitente` (`GuiRemRemNum`,`GuiRemRemDen`,`MotTraCod`,`EmpCod`,`TipDstCod`,`GuiRemRemDes`,`EstRegCod`) VALUES ('001-000057','GUÍA DE REMISIÓN-REMINTENTE',01,01,01,'Pharetra Ltd','A');
INSERT INTO `en_p2m_guia_rem_remitente` (`GuiRemRemNum`,`GuiRemRemDen`,`MotTraCod`,`EmpCod`,`TipDstCod`,`GuiRemRemDes`,`EstRegCod`) VALUES ('001-000058','GUÍA DE REMISIÓN-REMINTENTE',01,01,01,'Id Inc.','A');
INSERT INTO `en_p2m_guia_rem_remitente` (`GuiRemRemNum`,`GuiRemRemDen`,`MotTraCod`,`EmpCod`,`TipDstCod`,`GuiRemRemDes`,`EstRegCod`) VALUES ('001-000059','GUÍA DE REMISIÓN-REMINTENTE',01,01,01,'Quis Institute','A');
INSERT INTO `en_p2m_guia_rem_remitente` (`GuiRemRemNum`,`GuiRemRemDen`,`MotTraCod`,`EmpCod`,`TipDstCod`,`GuiRemRemDes`,`EstRegCod`) VALUES ('001-000060','GUÍA DE REMISIÓN-REMINTENTE',01,01,01,'Mus Aenean  LLP','A');
INSERT INTO `en_p2m_guia_rem_remitente` (`GuiRemRemNum`,`GuiRemRemDen`,`MotTraCod`,`EmpCod`,`TipDstCod`,`GuiRemRemDes`,`EstRegCod`) VALUES ('001-000061','GUÍA DE REMISIÓN-REMINTENTE',01,01,01,'Dis P. C.','A');
INSERT INTO `en_p2m_guia_rem_remitente` (`GuiRemRemNum`,`GuiRemRemDen`,`MotTraCod`,`EmpCod`,`TipDstCod`,`GuiRemRemDes`,`EstRegCod`) VALUES ('001-000062','GUÍA DE REMISIÓN-REMINTENTE',01,01,01,'Montes LLC','A');
INSERT INTO `en_p2m_guia_rem_remitente` (`GuiRemRemNum`,`GuiRemRemDen`,`MotTraCod`,`EmpCod`,`TipDstCod`,`GuiRemRemDes`,`EstRegCod`) VALUES ('001-000063','GUÍA DE REMISIÓN-REMINTENTE',01,01,01,'Lacus Q. C.','A');
INSERT INTO `en_p2m_guia_rem_remitente` (`GuiRemRemNum`,`GuiRemRemDen`,`MotTraCod`,`EmpCod`,`TipDstCod`,`GuiRemRemDes`,`EstRegCod`) VALUES ('001-000064','GUÍA DE REMISIÓN-REMINTENTE',01,01,01,'Mollis L. C.','A');
INSERT INTO `en_p2m_guia_rem_remitente` (`GuiRemRemNum`,`GuiRemRemDen`,`MotTraCod`,`EmpCod`,`TipDstCod`,`GuiRemRemDes`,`EstRegCod`) VALUES ('001-000065','GUÍA DE REMISIÓN-REMINTENTE',01,01,01,'Vestibulum U.','A');
INSERT INTO `en_p2m_guia_rem_remitente` (`GuiRemRemNum`,`GuiRemRemDen`,`MotTraCod`,`EmpCod`,`TipDstCod`,`GuiRemRemDes`,`EstRegCod`) VALUES ('001-000066','GUÍA DE REMISIÓN-REMINTENTE',01,01,01,'Et Corporation','A');
INSERT INTO `en_p2m_guia_rem_remitente` (`GuiRemRemNum`,`GuiRemRemDen`,`MotTraCod`,`EmpCod`,`TipDstCod`,`GuiRemRemDes`,`EstRegCod`) VALUES ('001-000067','GUÍA DE REMISIÓN-REMINTENTE',01,01,01,'A Ultricies C.','A');
INSERT INTO `en_p2m_guia_rem_remitente` (`GuiRemRemNum`,`GuiRemRemDen`,`MotTraCod`,`EmpCod`,`TipDstCod`,`GuiRemRemDes`,`EstRegCod`) VALUES ('001-000068','GUÍA DE REMISIÓN-REMINTENTE',01,01,01,'Elit LLC','A');
INSERT INTO `en_p2m_guia_rem_remitente` (`GuiRemRemNum`,`GuiRemRemDen`,`MotTraCod`,`EmpCod`,`TipDstCod`,`GuiRemRemDes`,`EstRegCod`) VALUES ('001-000069','GUÍA DE REMISIÓN-REMINTENTE',01,01,01,'Metus Aliquam','A');
INSERT INTO `en_p2m_guia_rem_remitente` (`GuiRemRemNum`,`GuiRemRemDen`,`MotTraCod`,`EmpCod`,`TipDstCod`,`GuiRemRemDes`,`EstRegCod`) VALUES ('001-000070','GUÍA DE REMISIÓN-REMINTENTE',01,01,01,'Ornare Ltd','A');
INSERT INTO `en_p2m_guia_rem_remitente` (`GuiRemRemNum`,`GuiRemRemDen`,`MotTraCod`,`EmpCod`,`TipDstCod`,`GuiRemRemDes`,`EstRegCod`) VALUES ('001-000071','GUÍA DE REMISIÓN-REMINTENTE',01,01,01,'Eget Laoreet','A');
INSERT INTO `en_p2m_guia_rem_remitente` (`GuiRemRemNum`,`GuiRemRemDen`,`MotTraCod`,`EmpCod`,`TipDstCod`,`GuiRemRemDes`,`EstRegCod`) VALUES ('001-000072','GUÍA DE REMISIÓN-REMINTENTE',01,01,01,'A Scelerisque','A');
INSERT INTO `en_p2m_guia_rem_remitente` (`GuiRemRemNum`,`GuiRemRemDen`,`MotTraCod`,`EmpCod`,`TipDstCod`,`GuiRemRemDes`,`EstRegCod`) VALUES ('001-000073','GUÍA DE REMISIÓN-REMINTENTE',01,01,01,'Et Corporation','A');
INSERT INTO `en_p2m_guia_rem_remitente` (`GuiRemRemNum`,`GuiRemRemDen`,`MotTraCod`,`EmpCod`,`TipDstCod`,`GuiRemRemDes`,`EstRegCod`) VALUES ('001-000074','GUÍA DE REMISIÓN-REMINTENTE',01,01,01,'Ullamcorper D.','A');
INSERT INTO `en_p2m_guia_rem_remitente` (`GuiRemRemNum`,`GuiRemRemDen`,`MotTraCod`,`EmpCod`,`TipDstCod`,`GuiRemRemDes`,`EstRegCod`) VALUES ('001-000075','GUÍA DE REMISIÓN-REMINTENTE',01,01,01,'Lorem Luctus A.','A');
INSERT INTO `en_p2m_guia_rem_remitente` (`GuiRemRemNum`,`GuiRemRemDen`,`MotTraCod`,`EmpCod`,`TipDstCod`,`GuiRemRemDes`,`EstRegCod`) VALUES ('001-000076','GUÍA DE REMISIÓN-REMINTENTE',01,01,01,'Nunc Sit A.','A');
INSERT INTO `en_p2m_guia_rem_remitente` (`GuiRemRemNum`,`GuiRemRemDen`,`MotTraCod`,`EmpCod`,`TipDstCod`,`GuiRemRemDes`,`EstRegCod`) VALUES ('001-000077','GUÍA DE REMISIÓN-REMINTENTE',01,01,01,'Iaculis Ltd','A');
INSERT INTO `en_p2m_guia_rem_remitente` (`GuiRemRemNum`,`GuiRemRemDen`,`MotTraCod`,`EmpCod`,`TipDstCod`,`GuiRemRemDes`,`EstRegCod`) VALUES ('001-000078','GUÍA DE REMISIÓN-REMINTENTE',01,01,01,'Vitae A.','A');
INSERT INTO `en_p2m_guia_rem_remitente` (`GuiRemRemNum`,`GuiRemRemDen`,`MotTraCod`,`EmpCod`,`TipDstCod`,`GuiRemRemDes`,`EstRegCod`) VALUES ('001-000079','GUÍA DE REMISIÓN-REMINTENTE',01,01,01,'Elementum Inc.','A');
INSERT INTO `en_p2m_guia_rem_remitente` (`GuiRemRemNum`,`GuiRemRemDen`,`MotTraCod`,`EmpCod`,`TipDstCod`,`GuiRemRemDes`,`EstRegCod`) VALUES ('001-000080','GUÍA DE REMISIÓN-REMINTENTE',01,01,01,'Ullamcorper D.','A');
INSERT INTO `en_p2m_guia_rem_remitente` (`GuiRemRemNum`,`GuiRemRemDen`,`MotTraCod`,`EmpCod`,`TipDstCod`,`GuiRemRemDes`,`EstRegCod`) VALUES ('001-000081','GUÍA DE REMISIÓN-REMINTENTE',01,01,01,'Arcu V. LLC','A');
INSERT INTO `en_p2m_guia_rem_remitente` (`GuiRemRemNum`,`GuiRemRemDen`,`MotTraCod`,`EmpCod`,`TipDstCod`,`GuiRemRemDes`,`EstRegCod`) VALUES ('001-000082','GUÍA DE REMISIÓN-REMINTENTE',01,01,01,'Tristique P. C.','A');
INSERT INTO `en_p2m_guia_rem_remitente` (`GuiRemRemNum`,`GuiRemRemDen`,`MotTraCod`,`EmpCod`,`TipDstCod`,`GuiRemRemDes`,`EstRegCod`) VALUES ('001-000083','GUÍA DE REMISIÓN-REMINTENTE',01,01,01,'Vehicula A.','A');
INSERT INTO `en_p2m_guia_rem_remitente` (`GuiRemRemNum`,`GuiRemRemDen`,`MotTraCod`,`EmpCod`,`TipDstCod`,`GuiRemRemDes`,`EstRegCod`) VALUES ('001-000084','GUÍA DE REMISIÓN-REMINTENTE',01,01,01,'Nunc Sed P.Inc.','A');
INSERT INTO `en_p2m_guia_rem_remitente` (`GuiRemRemNum`,`GuiRemRemDen`,`MotTraCod`,`EmpCod`,`TipDstCod`,`GuiRemRemDes`,`EstRegCod`) VALUES ('001-000085','GUÍA DE REMISIÓN-REMINTENTE',01,01,02,'Non Leo Limited','A');
INSERT INTO `en_p2m_guia_rem_remitente` (`GuiRemRemNum`,`GuiRemRemDen`,`MotTraCod`,`EmpCod`,`TipDstCod`,`GuiRemRemDes`,`EstRegCod`) VALUES ('001-000086','GUÍA DE REMISIÓN-REMINTENTE',01,01,02,'Lorem L. As.','A');
INSERT INTO `en_p2m_guia_rem_remitente` (`GuiRemRemNum`,`GuiRemRemDen`,`MotTraCod`,`EmpCod`,`TipDstCod`,`GuiRemRemDes`,`EstRegCod`) VALUES ('001-000087','GUÍA DE REMISIÓN-REMINTENTE',01,01,02,'Scelerisque S.','A');
INSERT INTO `en_p2m_guia_rem_remitente` (`GuiRemRemNum`,`GuiRemRemDen`,`MotTraCod`,`EmpCod`,`TipDstCod`,`GuiRemRemDes`,`EstRegCod`) VALUES ('001-000088','GUÍA DE REMISIÓN-REMINTENTE',01,01,02,'Phasellus PC','A');
INSERT INTO `en_p2m_guia_rem_remitente` (`GuiRemRemNum`,`GuiRemRemDen`,`MotTraCod`,`EmpCod`,`TipDstCod`,`GuiRemRemDes`,`EstRegCod`) VALUES ('001-000089','GUÍA DE REMISIÓN-REMINTENTE',01,01,02,'Lobortis U.V.I.','A');
INSERT INTO `en_p2m_guia_rem_remitente` (`GuiRemRemNum`,`GuiRemRemDen`,`MotTraCod`,`EmpCod`,`TipDstCod`,`GuiRemRemDes`,`EstRegCod`) VALUES ('001-000090','GUÍA DE REMISIÓN-REMINTENTE',01,01,02,'Phasellus PC','A');
INSERT INTO `en_p2m_guia_rem_remitente` (`GuiRemRemNum`,`GuiRemRemDen`,`MotTraCod`,`EmpCod`,`TipDstCod`,`GuiRemRemDes`,`EstRegCod`) VALUES ('001-000091','GUÍA DE REMISIÓN-REMINTENTE',01,01,02,'Nunc Sed P. LLP','A');
INSERT INTO `en_p2m_guia_rem_remitente` (`GuiRemRemNum`,`GuiRemRemDen`,`MotTraCod`,`EmpCod`,`TipDstCod`,`GuiRemRemDes`,`EstRegCod`) VALUES ('001-000092','GUÍA DE REMISIÓN-REMINTENTE',01,01,02,'Consectetuer C.','A');
INSERT INTO `en_p2m_guia_rem_remitente` (`GuiRemRemNum`,`GuiRemRemDen`,`MotTraCod`,`EmpCod`,`TipDstCod`,`GuiRemRemDes`,`EstRegCod`) VALUES ('001-000093','GUÍA DE REMISIÓN-REMINTENTE',01,01,02,'A Neque Inc.','A');
INSERT INTO `en_p2m_guia_rem_remitente` (`GuiRemRemNum`,`GuiRemRemDen`,`MotTraCod`,`EmpCod`,`TipDstCod`,`GuiRemRemDes`,`EstRegCod`) VALUES ('001-000094','GUÍA DE REMISIÓN-REMINTENTE',01,01,02,'Mauris E.E.PC','A');
INSERT INTO `en_p2m_guia_rem_remitente` (`GuiRemRemNum`,`GuiRemRemDen`,`MotTraCod`,`EmpCod`,`TipDstCod`,`GuiRemRemDes`,`EstRegCod`) VALUES ('001-000095','GUÍA DE REMISIÓN-REMINTENTE',01,01,02,'Ullamcorper L.','A');
INSERT INTO `en_p2m_guia_rem_remitente` (`GuiRemRemNum`,`GuiRemRemDen`,`MotTraCod`,`EmpCod`,`TipDstCod`,`GuiRemRemDes`,`EstRegCod`) VALUES ('001-000096','GUÍA DE REMISIÓN-REMINTENTE',01,01,02,'Amet Company','A');
INSERT INTO `en_p2m_guia_rem_remitente` (`GuiRemRemNum`,`GuiRemRemDen`,`MotTraCod`,`EmpCod`,`TipDstCod`,`GuiRemRemDes`,`EstRegCod`) VALUES ('001-000097','GUÍA DE REMISIÓN-REMINTENTE',01,01,02,'Dis P. C.','A');
INSERT INTO `en_p2m_guia_rem_remitente` (`GuiRemRemNum`,`GuiRemRemDen`,`MotTraCod`,`EmpCod`,`TipDstCod`,`GuiRemRemDes`,`EstRegCod`) VALUES ('001-000098','GUÍA DE REMISIÓN-REMINTENTE',01,01,02,'Feugiat Non F.','A');
INSERT INTO `en_p2m_guia_rem_remitente` (`GuiRemRemNum`,`GuiRemRemDen`,`MotTraCod`,`EmpCod`,`TipDstCod`,`GuiRemRemDes`,`EstRegCod`) VALUES ('001-000099','GUÍA DE REMISIÓN-REMINTENTE',01,01,02,'Rutrum Magna C.','A');
INSERT INTO `en_p2m_guia_rem_remitente` (`GuiRemRemNum`,`GuiRemRemDen`,`MotTraCod`,`EmpCod`,`TipDstCod`,`GuiRemRemDes`,`EstRegCod`) VALUES ('001-000100','GUÍA DE REMISIÓN-REMINTENTE',01,01,02,'Et Corporation','A');

COMMIT;

-- -----------------------------------------------------
-- Data for table `episerp`.`en_p1m_catalogo_ruta`
-- -----------------------------------------------------
START TRANSACTION;
USE `episerp`;
INSERT INTO `en_p1m_catalogo_ruta` (`CatRutCod`,`CatRutDet`,`EstRegCod`) VALUES (001,'Ruta Zamacola-Aviacion','A');
INSERT INTO `en_p1m_catalogo_ruta` (`CatRutCod`,`CatRutDet`,`EstRegCod`) VALUES (002,'Ruta Cerro Colorado-Zamacola','A');
INSERT INTO `en_p1m_catalogo_ruta` (`CatRutCod`,`CatRutDet`,`EstRegCod`) VALUES (003,'Ruta Hunter-Aviacion','A');
INSERT INTO `en_p1m_catalogo_ruta` (`CatRutCod`,`CatRutDet`,`EstRegCod`) VALUES (004,'Ruta Goyeneche-Independencia','A');
INSERT INTO `en_p1m_catalogo_ruta` (`CatRutCod`,`CatRutDet`,`EstRegCod`) VALUES (005,'Ruta Zamacola-Porongoche','A');
INSERT INTO `en_p1m_catalogo_ruta` (`CatRutCod`,`CatRutDet`,`EstRegCod`) VALUES (006,'Ruta Los manzanitos-Aviacion','A');
INSERT INTO `en_p1m_catalogo_ruta` (`CatRutCod`,`CatRutDet`,`EstRegCod`) VALUES (007,'Ruta Tumbes-Hunter','A');
INSERT INTO `en_p1m_catalogo_ruta` (`CatRutCod`,`CatRutDet`,`EstRegCod`) VALUES (008,'Ruta Parque Industrial-Zamacola','A');
INSERT INTO `en_p1m_catalogo_ruta` (`CatRutCod`,`CatRutDet`,`EstRegCod`) VALUES (009,'Ruta Cayma-Tumbes','A');
INSERT INTO `en_p1m_catalogo_ruta` (`CatRutCod`,`CatRutDet`,`EstRegCod`) VALUES (010,'Ruta La tomilla-Parque Industrial','A');

COMMIT;

-- -----------------------------------------------------
-- Data for table `episerp`.`en_p1m_clientes_rutas`
-- -----------------------------------------------------
START TRANSACTION;
USE `episerp`;
INSERT INTO `en_p1m_clientes_rutas` (`CatRutCod`,`CliCod`,`CliRutDes`,`EstRegCod`) VALUES (001,'1','Ruta principal','A');
INSERT INTO `en_p1m_clientes_rutas` (`CatRutCod`,`CliCod`,`CliRutDes`,`EstRegCod`) VALUES (001,'5','Ruta principal','A');
INSERT INTO `en_p1m_clientes_rutas` (`CatRutCod`,`CliCod`,`CliRutDes`,`EstRegCod`) VALUES (002,'1','Ruta secundaria','A');
INSERT INTO `en_p1m_clientes_rutas` (`CatRutCod`,`CliCod`,`CliRutDes`,`EstRegCod`) VALUES (002,'2','Ruta principal','A');
INSERT INTO `en_p1m_clientes_rutas` (`CatRutCod`,`CliCod`,`CliRutDes`,`EstRegCod`) VALUES (002,'3','Ruta principal','A');
INSERT INTO `en_p1m_clientes_rutas` (`CatRutCod`,`CliCod`,`CliRutDes`,`EstRegCod`) VALUES (002,'6','Ruta principal','A');
INSERT INTO `en_p1m_clientes_rutas` (`CatRutCod`,`CliCod`,`CliRutDes`,`EstRegCod`) VALUES (003,'1','Ruta secundaria','A');
INSERT INTO `en_p1m_clientes_rutas` (`CatRutCod`,`CliCod`,`CliRutDes`,`EstRegCod`) VALUES (003,'2','Ruta secundaria','A');
INSERT INTO `en_p1m_clientes_rutas` (`CatRutCod`,`CliCod`,`CliRutDes`,`EstRegCod`) VALUES (003,'6','Ruta secundaria','A');
INSERT INTO `en_p1m_clientes_rutas` (`CatRutCod`,`CliCod`,`CliRutDes`,`EstRegCod`) VALUES (004,'3','Ruta secundaria','A');
INSERT INTO `en_p1m_clientes_rutas` (`CatRutCod`,`CliCod`,`CliRutDes`,`EstRegCod`) VALUES (004,'4','Ruta secundaria','A');
INSERT INTO `en_p1m_clientes_rutas` (`CatRutCod`,`CliCod`,`CliRutDes`,`EstRegCod`) VALUES (004,'6','Ruta secundaria','A');
INSERT INTO `en_p1m_clientes_rutas` (`CatRutCod`,`CliCod`,`CliRutDes`,`EstRegCod`) VALUES (005,'4','Ruta principal','A');
INSERT INTO `en_p1m_clientes_rutas` (`CatRutCod`,`CliCod`,`CliRutDes`,`EstRegCod`) VALUES (005,'7','Ruta principal','A');
INSERT INTO `en_p1m_clientes_rutas` (`CatRutCod`,`CliCod`,`CliRutDes`,`EstRegCod`) VALUES (006,'7','Ruta secundaria','A');
INSERT INTO `en_p1m_clientes_rutas` (`CatRutCod`,`CliCod`,`CliRutDes`,`EstRegCod`) VALUES (007,'8','Ruta principal','A');
INSERT INTO `en_p1m_clientes_rutas` (`CatRutCod`,`CliCod`,`CliRutDes`,`EstRegCod`) VALUES (008,'2','Ruta secundaria','A');
INSERT INTO `en_p1m_clientes_rutas` (`CatRutCod`,`CliCod`,`CliRutDes`,`EstRegCod`) VALUES (009,'9','Ruta principal','A');
INSERT INTO `en_p1m_clientes_rutas` (`CatRutCod`,`CliCod`,`CliRutDes`,`EstRegCod`) VALUES (010,'10','Ruta principal','A');

COMMIT;

-- -----------------------------------------------------
-- Data for table `episerp`.`en_p4m_factura_compra_cab`
-- -----------------------------------------------------
START TRANSACTION;
USE `episerp`;
INSERT INTO `en_p4m_factura_compra_cab` (`FacComCabCod`,`GuiRemRemNum`,`GuiRemTraNum`,`PrvCod`,`UsuCod`,`FacComCabFecEmi`,`FacComCabFecVen`,`FacComCabTot`,`TipDesCod`,`FacComCabSubTot`,`FacComCabIGV`,`FacComCabObs`,`EstFacCod`,`MetPagCod`,`TipPagCod`,`MonCod`,`EstRegCod`) VALUES ('001-000001','001-000021','001-000032','654321987121','11','2016-01-11','2016-02-11',443452.61,07,375807.30,18,'N',01,01,01,01,'A');
INSERT INTO `en_p4m_factura_compra_cab` (`FacComCabCod`,`GuiRemRemNum`,`GuiRemTraNum`,`PrvCod`,`UsuCod`,`FacComCabFecEmi`,`FacComCabFecVen`,`FacComCabTot`,`TipDesCod`,`FacComCabSubTot`,`FacComCabIGV`,`FacComCabObs`,`EstFacCod`,`MetPagCod`,`TipPagCod`,`MonCod`,`EstRegCod`) VALUES ('001-000002','001-000085','001-000008','789456123121','22','2016-01-11','2016-02-11',474412.39,07,402044.40,18,'N',01,01,01,01,'A');
INSERT INTO `en_p4m_factura_compra_cab` (`FacComCabCod`,`GuiRemRemNum`,`GuiRemTraNum`,`PrvCod`,`UsuCod`,`FacComCabFecEmi`,`FacComCabFecVen`,`FacComCabTot`,`TipDesCod`,`FacComCabSubTot`,`FacComCabIGV`,`FacComCabObs`,`EstFacCod`,`MetPagCod`,`TipPagCod`,`MonCod`,`EstRegCod`) VALUES ('001-000003','001-000093','001-000025','456123789121','10','2016-01-11','2016-02-11',480968.35,07,407600.30,18,'N',01,01,01,01,'A');
INSERT INTO `en_p4m_factura_compra_cab` (`FacComCabCod`,`GuiRemRemNum`,`GuiRemTraNum`,`PrvCod`,`UsuCod`,`FacComCabFecEmi`,`FacComCabFecVen`,`FacComCabTot`,`TipDesCod`,`FacComCabSubTot`,`FacComCabIGV`,`FacComCabObs`,`EstFacCod`,`MetPagCod`,`TipPagCod`,`MonCod`,`EstRegCod`) VALUES ('001-000004','001-000007','001-000001','321654987121','26','2016-01-11','2016-02-11',457746.43,07,387920.70,18,'N',01,01,01,01,'A');
INSERT INTO `en_p4m_factura_compra_cab` (`FacComCabCod`,`GuiRemRemNum`,`GuiRemTraNum`,`PrvCod`,`UsuCod`,`FacComCabFecEmi`,`FacComCabFecVen`,`FacComCabTot`,`TipDesCod`,`FacComCabSubTot`,`FacComCabIGV`,`FacComCabObs`,`EstFacCod`,`MetPagCod`,`TipPagCod`,`MonCod`,`EstRegCod`) VALUES ('001-000005','001-000009','001-000021','258147369121','12','2016-01-11','2016-02-11',418487.24,07,354650.20,18,'N',01,01,01,01,'A');
INSERT INTO `en_p4m_factura_compra_cab` (`FacComCabCod`,`GuiRemRemNum`,`GuiRemTraNum`,`PrvCod`,`UsuCod`,`FacComCabFecEmi`,`FacComCabFecVen`,`FacComCabTot`,`TipDesCod`,`FacComCabSubTot`,`FacComCabIGV`,`FacComCabObs`,`EstFacCod`,`MetPagCod`,`TipPagCod`,`MonCod`,`EstRegCod`) VALUES ('001-000006','001-000002','001-000041','123456789121','5','2016-01-11','2016-02-11',553143.64,07,468765.80,18,'N',01,01,01,01,'A');
INSERT INTO `en_p4m_factura_compra_cab` (`FacComCabCod`,`GuiRemRemNum`,`GuiRemTraNum`,`PrvCod`,`UsuCod`,`FacComCabFecEmi`,`FacComCabFecVen`,`FacComCabTot`,`TipDesCod`,`FacComCabSubTot`,`FacComCabIGV`,`FacComCabObs`,`EstFacCod`,`MetPagCod`,`TipPagCod`,`MonCod`,`EstRegCod`) VALUES ('001-000007','001-000044','001-000030','456123789121','16','2016-01-11','2016-02-11',508581.77,07,431001.50,18,'N',01,01,01,01,'A');
INSERT INTO `en_p4m_factura_compra_cab` (`FacComCabCod`,`GuiRemRemNum`,`GuiRemTraNum`,`PrvCod`,`UsuCod`,`FacComCabFecEmi`,`FacComCabFecVen`,`FacComCabTot`,`TipDesCod`,`FacComCabSubTot`,`FacComCabIGV`,`FacComCabObs`,`EstFacCod`,`MetPagCod`,`TipPagCod`,`MonCod`,`EstRegCod`) VALUES ('001-000008','001-000062','001-000038','987654321121','13','2016-01-11','2016-02-11',496106.34,07,420429.10,18,'N',01,01,01,01,'A');
INSERT INTO `en_p4m_factura_compra_cab` (`FacComCabCod`,`GuiRemRemNum`,`GuiRemTraNum`,`PrvCod`,`UsuCod`,`FacComCabFecEmi`,`FacComCabFecVen`,`FacComCabTot`,`TipDesCod`,`FacComCabSubTot`,`FacComCabIGV`,`FacComCabObs`,`EstFacCod`,`MetPagCod`,`TipPagCod`,`MonCod`,`EstRegCod`) VALUES ('001-000009','001-000046','001-000021','369258147121','21','2016-01-11','2016-02-11',431132.94,07,365366.90,18,'N',01,01,01,01,'A');
INSERT INTO `en_p4m_factura_compra_cab` (`FacComCabCod`,`GuiRemRemNum`,`GuiRemTraNum`,`PrvCod`,`UsuCod`,`FacComCabFecEmi`,`FacComCabFecVen`,`FacComCabTot`,`TipDesCod`,`FacComCabSubTot`,`FacComCabIGV`,`FacComCabObs`,`EstFacCod`,`MetPagCod`,`TipPagCod`,`MonCod`,`EstRegCod`) VALUES ('001-000010','001-000017','001-000019','369258147121','12','2016-01-11','2016-02-11',538483.80,07,456342.20,18,'N',01,01,01,01,'A');
INSERT INTO `en_p4m_factura_compra_cab` (`FacComCabCod`,`GuiRemRemNum`,`GuiRemTraNum`,`PrvCod`,`UsuCod`,`FacComCabFecEmi`,`FacComCabFecVen`,`FacComCabTot`,`TipDesCod`,`FacComCabSubTot`,`FacComCabIGV`,`FacComCabObs`,`EstFacCod`,`MetPagCod`,`TipPagCod`,`MonCod`,`EstRegCod`) VALUES ('001-000011','001-000069','001-000041','654321987121','1','2016-01-11','2016-02-11',500746.81,07,424361.70,18,'N',01,01,01,01,'A');
INSERT INTO `en_p4m_factura_compra_cab` (`FacComCabCod`,`GuiRemRemNum`,`GuiRemTraNum`,`PrvCod`,`UsuCod`,`FacComCabFecEmi`,`FacComCabFecVen`,`FacComCabTot`,`TipDesCod`,`FacComCabSubTot`,`FacComCabIGV`,`FacComCabObs`,`EstFacCod`,`MetPagCod`,`TipPagCod`,`MonCod`,`EstRegCod`) VALUES ('001-000012','001-000057','001-000006','456123789121','1','2016-01-11','2016-02-11',479462.79,07,406324.40,18,'N',01,01,01,01,'A');
INSERT INTO `en_p4m_factura_compra_cab` (`FacComCabCod`,`GuiRemRemNum`,`GuiRemTraNum`,`PrvCod`,`UsuCod`,`FacComCabFecEmi`,`FacComCabFecVen`,`FacComCabTot`,`TipDesCod`,`FacComCabSubTot`,`FacComCabIGV`,`FacComCabObs`,`EstFacCod`,`MetPagCod`,`TipPagCod`,`MonCod`,`EstRegCod`) VALUES ('001-000013','001-000043','001-000007','789456123121','13','2016-01-11','2016-02-11',456067.88,07,386498.20,18,'N',01,01,01,01,'A');
INSERT INTO `en_p4m_factura_compra_cab` (`FacComCabCod`,`GuiRemRemNum`,`GuiRemTraNum`,`PrvCod`,`UsuCod`,`FacComCabFecEmi`,`FacComCabFecVen`,`FacComCabTot`,`TipDesCod`,`FacComCabSubTot`,`FacComCabIGV`,`FacComCabObs`,`EstFacCod`,`MetPagCod`,`TipPagCod`,`MonCod`,`EstRegCod`) VALUES ('001-000014','001-000008','001-000031','123456789121','29','2016-01-11','2016-02-11',465061.01,07,394119.50,18,'N',01,01,01,01,'A');
INSERT INTO `en_p4m_factura_compra_cab` (`FacComCabCod`,`GuiRemRemNum`,`GuiRemTraNum`,`PrvCod`,`UsuCod`,`FacComCabFecEmi`,`FacComCabFecVen`,`FacComCabTot`,`TipDesCod`,`FacComCabSubTot`,`FacComCabIGV`,`FacComCabObs`,`EstFacCod`,`MetPagCod`,`TipPagCod`,`MonCod`,`EstRegCod`) VALUES ('001-000015','001-000049','001-000009','321654987121','1','2016-01-11','2016-02-11',511245.27,07,433258.70,18,'N',01,01,01,01,'A');
INSERT INTO `en_p4m_factura_compra_cab` (`FacComCabCod`,`GuiRemRemNum`,`GuiRemTraNum`,`PrvCod`,`UsuCod`,`FacComCabFecEmi`,`FacComCabFecVen`,`FacComCabTot`,`TipDesCod`,`FacComCabSubTot`,`FacComCabIGV`,`FacComCabObs`,`EstFacCod`,`MetPagCod`,`TipPagCod`,`MonCod`,`EstRegCod`) VALUES ('001-000016','001-000074','001-000035','789456123121','26','2016-01-11','2016-02-11',517551.66,07,438603.10,18,'N',01,01,01,01,'A');
INSERT INTO `en_p4m_factura_compra_cab` (`FacComCabCod`,`GuiRemRemNum`,`GuiRemTraNum`,`PrvCod`,`UsuCod`,`FacComCabFecEmi`,`FacComCabFecVen`,`FacComCabTot`,`TipDesCod`,`FacComCabSubTot`,`FacComCabIGV`,`FacComCabObs`,`EstFacCod`,`MetPagCod`,`TipPagCod`,`MonCod`,`EstRegCod`) VALUES ('001-000017','001-000088','001-000040','321654987121','3','2016-01-11','2016-02-11',505336.30,07,428251.10,18,'N',01,01,01,01,'A');
INSERT INTO `en_p4m_factura_compra_cab` (`FacComCabCod`,`GuiRemRemNum`,`GuiRemTraNum`,`PrvCod`,`UsuCod`,`FacComCabFecEmi`,`FacComCabFecVen`,`FacComCabTot`,`TipDesCod`,`FacComCabSubTot`,`FacComCabIGV`,`FacComCabObs`,`EstFacCod`,`MetPagCod`,`TipPagCod`,`MonCod`,`EstRegCod`) VALUES ('001-000018','001-000007','001-000033','456123789121','3','2016-01-11','2016-02-11',466589.70,07,395415.00,18,'N',01,01,01,01,'A');
INSERT INTO `en_p4m_factura_compra_cab` (`FacComCabCod`,`GuiRemRemNum`,`GuiRemTraNum`,`PrvCod`,`UsuCod`,`FacComCabFecEmi`,`FacComCabFecVen`,`FacComCabTot`,`TipDesCod`,`FacComCabSubTot`,`FacComCabIGV`,`FacComCabObs`,`EstFacCod`,`MetPagCod`,`TipPagCod`,`MonCod`,`EstRegCod`) VALUES ('001-000019','001-000053','001-000006','123456789121','8','2016-01-11','2016-02-11',423572.45,07,358959.70,18,'N',01,01,01,01,'A');
INSERT INTO `en_p4m_factura_compra_cab` (`FacComCabCod`,`GuiRemRemNum`,`GuiRemTraNum`,`PrvCod`,`UsuCod`,`FacComCabFecEmi`,`FacComCabFecVen`,`FacComCabTot`,`TipDesCod`,`FacComCabSubTot`,`FacComCabIGV`,`FacComCabObs`,`EstFacCod`,`MetPagCod`,`TipPagCod`,`MonCod`,`EstRegCod`) VALUES ('001-000020','001-000093','001-000034','147258369121','16','2016-01-11','2016-02-11',495964.86,07,420309.20,18,'N',01,01,01,01,'A');
INSERT INTO `en_p4m_factura_compra_cab` (`FacComCabCod`,`GuiRemRemNum`,`GuiRemTraNum`,`PrvCod`,`UsuCod`,`FacComCabFecEmi`,`FacComCabFecVen`,`FacComCabTot`,`TipDesCod`,`FacComCabSubTot`,`FacComCabIGV`,`FacComCabObs`,`EstFacCod`,`MetPagCod`,`TipPagCod`,`MonCod`,`EstRegCod`) VALUES ('001-000021','001-000033','001-000013','987654321121','23','2016-01-11','2016-02-11',482990.17,07,409313.70,18,'N',01,01,01,01,'A');
INSERT INTO `en_p4m_factura_compra_cab` (`FacComCabCod`,`GuiRemRemNum`,`GuiRemTraNum`,`PrvCod`,`UsuCod`,`FacComCabFecEmi`,`FacComCabFecVen`,`FacComCabTot`,`TipDesCod`,`FacComCabSubTot`,`FacComCabIGV`,`FacComCabObs`,`EstFacCod`,`MetPagCod`,`TipPagCod`,`MonCod`,`EstRegCod`) VALUES ('001-000022','001-000063','001-000002','789456123121','6','2016-01-11','2016-02-11',570271.34,07,483280.80,18,'N',01,01,01,01,'A');
INSERT INTO `en_p4m_factura_compra_cab` (`FacComCabCod`,`GuiRemRemNum`,`GuiRemTraNum`,`PrvCod`,`UsuCod`,`FacComCabFecEmi`,`FacComCabFecVen`,`FacComCabTot`,`TipDesCod`,`FacComCabSubTot`,`FacComCabIGV`,`FacComCabObs`,`EstFacCod`,`MetPagCod`,`TipPagCod`,`MonCod`,`EstRegCod`) VALUES ('001-000023','001-000029','001-000006','456741852121','21','2016-01-11','2016-02-11',470362.63,07,398612.40,18,'N',01,01,01,01,'A');
INSERT INTO `en_p4m_factura_compra_cab` (`FacComCabCod`,`GuiRemRemNum`,`GuiRemTraNum`,`PrvCod`,`UsuCod`,`FacComCabFecEmi`,`FacComCabFecVen`,`FacComCabTot`,`TipDesCod`,`FacComCabSubTot`,`FacComCabIGV`,`FacComCabObs`,`EstFacCod`,`MetPagCod`,`TipPagCod`,`MonCod`,`EstRegCod`) VALUES ('001-000024','001-000034','001-000035','321654987121','22','2016-01-11','2016-02-11',513127.96,07,434854.20,18,'N',01,01,01,01,'A');
INSERT INTO `en_p4m_factura_compra_cab` (`FacComCabCod`,`GuiRemRemNum`,`GuiRemTraNum`,`PrvCod`,`UsuCod`,`FacComCabFecEmi`,`FacComCabFecVen`,`FacComCabTot`,`TipDesCod`,`FacComCabSubTot`,`FacComCabIGV`,`FacComCabObs`,`EstFacCod`,`MetPagCod`,`TipPagCod`,`MonCod`,`EstRegCod`) VALUES ('001-000025','001-000077','001-000007','123456789121','19','2016-01-11','2016-02-11',461015.03,07,390690.70,18,'N',01,01,01,01,'A');
INSERT INTO `en_p4m_factura_compra_cab` (`FacComCabCod`,`GuiRemRemNum`,`GuiRemTraNum`,`PrvCod`,`UsuCod`,`FacComCabFecEmi`,`FacComCabFecVen`,`FacComCabTot`,`TipDesCod`,`FacComCabSubTot`,`FacComCabIGV`,`FacComCabObs`,`EstFacCod`,`MetPagCod`,`TipPagCod`,`MonCod`,`EstRegCod`) VALUES ('001-000026','001-000063','001-000004','654321987121','12','2016-01-11','2016-02-11',487538.71,07,413168.40,18,'N',01,01,01,01,'A');
INSERT INTO `en_p4m_factura_compra_cab` (`FacComCabCod`,`GuiRemRemNum`,`GuiRemTraNum`,`PrvCod`,`UsuCod`,`FacComCabFecEmi`,`FacComCabFecVen`,`FacComCabTot`,`TipDesCod`,`FacComCabSubTot`,`FacComCabIGV`,`FacComCabObs`,`EstFacCod`,`MetPagCod`,`TipPagCod`,`MonCod`,`EstRegCod`) VALUES ('001-000027','001-000022','001-000032','321654987121','8','2016-01-11','2016-02-11',472707.06,07,400599.20,18,'N',01,01,01,01,'A');
INSERT INTO `en_p4m_factura_compra_cab` (`FacComCabCod`,`GuiRemRemNum`,`GuiRemTraNum`,`PrvCod`,`UsuCod`,`FacComCabFecEmi`,`FacComCabFecVen`,`FacComCabTot`,`TipDesCod`,`FacComCabSubTot`,`FacComCabIGV`,`FacComCabObs`,`EstFacCod`,`MetPagCod`,`TipPagCod`,`MonCod`,`EstRegCod`) VALUES ('001-000028','001-000042','001-000034','456123789121','18','2016-01-11','2016-02-11',469690.86,07,398043.10,18,'N',01,01,01,01,'A');
INSERT INTO `en_p4m_factura_compra_cab` (`FacComCabCod`,`GuiRemRemNum`,`GuiRemTraNum`,`PrvCod`,`UsuCod`,`FacComCabFecEmi`,`FacComCabFecVen`,`FacComCabTot`,`TipDesCod`,`FacComCabSubTot`,`FacComCabIGV`,`FacComCabObs`,`EstFacCod`,`MetPagCod`,`TipPagCod`,`MonCod`,`EstRegCod`) VALUES ('001-000029','001-000059','001-000011','321654987121','18','2016-01-11','2016-02-11',487557.24,07,413184.10,18,'N',01,01,01,01,'A');
INSERT INTO `en_p4m_factura_compra_cab` (`FacComCabCod`,`GuiRemRemNum`,`GuiRemTraNum`,`PrvCod`,`UsuCod`,`FacComCabFecEmi`,`FacComCabFecVen`,`FacComCabTot`,`TipDesCod`,`FacComCabSubTot`,`FacComCabIGV`,`FacComCabObs`,`EstFacCod`,`MetPagCod`,`TipPagCod`,`MonCod`,`EstRegCod`) VALUES ('001-000030','001-000090','001-000021','369258147121','29','2016-01-11','2016-02-11',499659.08,07,423439.90,18,'N',01,01,01,01,'A');
INSERT INTO `en_p4m_factura_compra_cab` (`FacComCabCod`,`GuiRemRemNum`,`GuiRemTraNum`,`PrvCod`,`UsuCod`,`FacComCabFecEmi`,`FacComCabFecVen`,`FacComCabTot`,`TipDesCod`,`FacComCabSubTot`,`FacComCabIGV`,`FacComCabObs`,`EstFacCod`,`MetPagCod`,`TipPagCod`,`MonCod`,`EstRegCod`) VALUES ('001-000031','001-000058','001-000042','123456789121','14','2016-01-11','2016-02-11',455477.52,07,385997.90,18,'N',01,01,01,01,'A');
INSERT INTO `en_p4m_factura_compra_cab` (`FacComCabCod`,`GuiRemRemNum`,`GuiRemTraNum`,`PrvCod`,`UsuCod`,`FacComCabFecEmi`,`FacComCabFecVen`,`FacComCabTot`,`TipDesCod`,`FacComCabSubTot`,`FacComCabIGV`,`FacComCabObs`,`EstFacCod`,`MetPagCod`,`TipPagCod`,`MonCod`,`EstRegCod`) VALUES ('001-000032','001-000053','001-000031','456123789121','8','2016-01-11','2016-02-11',472590.94,07,400500.80,18,'N',01,01,01,01,'A');
INSERT INTO `en_p4m_factura_compra_cab` (`FacComCabCod`,`GuiRemRemNum`,`GuiRemTraNum`,`PrvCod`,`UsuCod`,`FacComCabFecEmi`,`FacComCabFecVen`,`FacComCabTot`,`TipDesCod`,`FacComCabSubTot`,`FacComCabIGV`,`FacComCabObs`,`EstFacCod`,`MetPagCod`,`TipPagCod`,`MonCod`,`EstRegCod`) VALUES ('001-000033','001-000100','001-000029','258147369121','25','2016-01-11','2016-02-11',475891.17,07,403297.60,18,'N',01,01,01,01,'A');
INSERT INTO `en_p4m_factura_compra_cab` (`FacComCabCod`,`GuiRemRemNum`,`GuiRemTraNum`,`PrvCod`,`UsuCod`,`FacComCabFecEmi`,`FacComCabFecVen`,`FacComCabTot`,`TipDesCod`,`FacComCabSubTot`,`FacComCabIGV`,`FacComCabObs`,`EstFacCod`,`MetPagCod`,`TipPagCod`,`MonCod`,`EstRegCod`) VALUES ('001-000034','001-000033','001-000020','369258147121','16','2016-01-11','2016-02-11',413815.14,07,350690.80,18,'N',01,01,01,01,'A');
INSERT INTO `en_p4m_factura_compra_cab` (`FacComCabCod`,`GuiRemRemNum`,`GuiRemTraNum`,`PrvCod`,`UsuCod`,`FacComCabFecEmi`,`FacComCabFecVen`,`FacComCabTot`,`TipDesCod`,`FacComCabSubTot`,`FacComCabIGV`,`FacComCabObs`,`EstFacCod`,`MetPagCod`,`TipPagCod`,`MonCod`,`EstRegCod`) VALUES ('001-000035','001-000090','001-000028','321654987121','12','2016-01-11','2016-02-11',567195.67,07,480674.30,18,'N',01,01,01,01,'A');
INSERT INTO `en_p4m_factura_compra_cab` (`FacComCabCod`,`GuiRemRemNum`,`GuiRemTraNum`,`PrvCod`,`UsuCod`,`FacComCabFecEmi`,`FacComCabFecVen`,`FacComCabTot`,`TipDesCod`,`FacComCabSubTot`,`FacComCabIGV`,`FacComCabObs`,`EstFacCod`,`MetPagCod`,`TipPagCod`,`MonCod`,`EstRegCod`) VALUES ('001-000036','001-000077','001-000032','147258369121','16','2016-01-11','2016-02-11',521831.75,07,442230.30,18,'N',01,01,01,01,'A');
INSERT INTO `en_p4m_factura_compra_cab` (`FacComCabCod`,`GuiRemRemNum`,`GuiRemTraNum`,`PrvCod`,`UsuCod`,`FacComCabFecEmi`,`FacComCabFecVen`,`FacComCabTot`,`TipDesCod`,`FacComCabSubTot`,`FacComCabIGV`,`FacComCabObs`,`EstFacCod`,`MetPagCod`,`TipPagCod`,`MonCod`,`EstRegCod`) VALUES ('001-000037','001-000067','001-000007','987654321121','26','2016-01-11','2016-02-11',479302.08,07,406188.20,18,'N',01,01,01,01,'A');
INSERT INTO `en_p4m_factura_compra_cab` (`FacComCabCod`,`GuiRemRemNum`,`GuiRemTraNum`,`PrvCod`,`UsuCod`,`FacComCabFecEmi`,`FacComCabFecVen`,`FacComCabTot`,`TipDesCod`,`FacComCabSubTot`,`FacComCabIGV`,`FacComCabObs`,`EstFacCod`,`MetPagCod`,`TipPagCod`,`MonCod`,`EstRegCod`) VALUES ('001-000038','001-000099','001-000039','321654987121','19','2016-01-11','2016-02-11',448940.44,07,380458.00,18,'N',01,01,01,01,'A');
INSERT INTO `en_p4m_factura_compra_cab` (`FacComCabCod`,`GuiRemRemNum`,`GuiRemTraNum`,`PrvCod`,`UsuCod`,`FacComCabFecEmi`,`FacComCabFecVen`,`FacComCabTot`,`TipDesCod`,`FacComCabSubTot`,`FacComCabIGV`,`FacComCabObs`,`EstFacCod`,`MetPagCod`,`TipPagCod`,`MonCod`,`EstRegCod`) VALUES ('001-000039','001-000059','001-000038','987654321121','1','2016-01-11','2016-02-11',431115.36,07,365352.00,18,'N',01,01,01,01,'A');
INSERT INTO `en_p4m_factura_compra_cab` (`FacComCabCod`,`GuiRemRemNum`,`GuiRemTraNum`,`PrvCod`,`UsuCod`,`FacComCabFecEmi`,`FacComCabFecVen`,`FacComCabTot`,`TipDesCod`,`FacComCabSubTot`,`FacComCabIGV`,`FacComCabObs`,`EstFacCod`,`MetPagCod`,`TipPagCod`,`MonCod`,`EstRegCod`) VALUES ('001-000040','001-000015','001-000017','456123789121','20','2016-01-11','2016-02-11',444935.64,07,377064.10,18,'N',01,01,01,01,'A');
INSERT INTO `en_p4m_factura_compra_cab` (`FacComCabCod`,`GuiRemRemNum`,`GuiRemTraNum`,`PrvCod`,`UsuCod`,`FacComCabFecEmi`,`FacComCabFecVen`,`FacComCabTot`,`TipDesCod`,`FacComCabSubTot`,`FacComCabIGV`,`FacComCabObs`,`EstFacCod`,`MetPagCod`,`TipPagCod`,`MonCod`,`EstRegCod`) VALUES ('001-000041','001-000014','001-000007','369258147121','16','2016-01-11','2016-02-11',464718.57,07,393829.30,18,'N',01,01,01,01,'A');
INSERT INTO `en_p4m_factura_compra_cab` (`FacComCabCod`,`GuiRemRemNum`,`GuiRemTraNum`,`PrvCod`,`UsuCod`,`FacComCabFecEmi`,`FacComCabFecVen`,`FacComCabTot`,`TipDesCod`,`FacComCabSubTot`,`FacComCabIGV`,`FacComCabObs`,`EstFacCod`,`MetPagCod`,`TipPagCod`,`MonCod`,`EstRegCod`) VALUES ('001-000042','001-000084','001-000027','321654987121','18','2016-01-11','2016-02-11',484123.56,07,410274.20,18,'N',01,01,01,01,'A');
INSERT INTO `en_p4m_factura_compra_cab` (`FacComCabCod`,`GuiRemRemNum`,`GuiRemTraNum`,`PrvCod`,`UsuCod`,`FacComCabFecEmi`,`FacComCabFecVen`,`FacComCabTot`,`TipDesCod`,`FacComCabSubTot`,`FacComCabIGV`,`FacComCabObs`,`EstFacCod`,`MetPagCod`,`TipPagCod`,`MonCod`,`EstRegCod`) VALUES ('001-000043','001-000076','001-000021','456741852121','24','2016-01-11','2016-02-11',451652.79,07,382756.60,18,'N',01,01,01,01,'A');
INSERT INTO `en_p4m_factura_compra_cab` (`FacComCabCod`,`GuiRemRemNum`,`GuiRemTraNum`,`PrvCod`,`UsuCod`,`FacComCabFecEmi`,`FacComCabFecVen`,`FacComCabTot`,`TipDesCod`,`FacComCabSubTot`,`FacComCabIGV`,`FacComCabObs`,`EstFacCod`,`MetPagCod`,`TipPagCod`,`MonCod`,`EstRegCod`) VALUES ('001-000044','001-000043','001-000016','369258147121','15','2016-01-11','2016-02-11',509460.16,07,431745.90,18,'N',01,01,01,01,'A');
INSERT INTO `en_p4m_factura_compra_cab` (`FacComCabCod`,`GuiRemRemNum`,`GuiRemTraNum`,`PrvCod`,`UsuCod`,`FacComCabFecEmi`,`FacComCabFecVen`,`FacComCabTot`,`TipDesCod`,`FacComCabSubTot`,`FacComCabIGV`,`FacComCabObs`,`EstFacCod`,`MetPagCod`,`TipPagCod`,`MonCod`,`EstRegCod`) VALUES ('001-000045','001-000075','001-000036','456741852121','11','2016-01-11','2016-02-11',460126.96,07,389938.10,18,'N',01,01,01,01,'A');
INSERT INTO `en_p4m_factura_compra_cab` (`FacComCabCod`,`GuiRemRemNum`,`GuiRemTraNum`,`PrvCod`,`UsuCod`,`FacComCabFecEmi`,`FacComCabFecVen`,`FacComCabTot`,`TipDesCod`,`FacComCabSubTot`,`FacComCabIGV`,`FacComCabObs`,`EstFacCod`,`MetPagCod`,`TipPagCod`,`MonCod`,`EstRegCod`) VALUES ('001-000046','001-000031','001-000015','123456789121','18','2016-01-11','2016-02-11',493418.53,07,418151.30,18,'N',01,01,01,01,'A');
INSERT INTO `en_p4m_factura_compra_cab` (`FacComCabCod`,`GuiRemRemNum`,`GuiRemTraNum`,`PrvCod`,`UsuCod`,`FacComCabFecEmi`,`FacComCabFecVen`,`FacComCabTot`,`TipDesCod`,`FacComCabSubTot`,`FacComCabIGV`,`FacComCabObs`,`EstFacCod`,`MetPagCod`,`TipPagCod`,`MonCod`,`EstRegCod`) VALUES ('001-000047','001-000088','001-000040','123456789121','30','2016-01-11','2016-02-11',494164.65,07,418783.60,18,'N',01,01,01,01,'A');
INSERT INTO `en_p4m_factura_compra_cab` (`FacComCabCod`,`GuiRemRemNum`,`GuiRemTraNum`,`PrvCod`,`UsuCod`,`FacComCabFecEmi`,`FacComCabFecVen`,`FacComCabTot`,`TipDesCod`,`FacComCabSubTot`,`FacComCabIGV`,`FacComCabObs`,`EstFacCod`,`MetPagCod`,`TipPagCod`,`MonCod`,`EstRegCod`) VALUES ('001-000048','001-000024','001-000019','123456789121','29','2016-01-11','2016-02-11',515162.04,07,436578.00,18,'N',01,01,01,01,'A');
INSERT INTO `en_p4m_factura_compra_cab` (`FacComCabCod`,`GuiRemRemNum`,`GuiRemTraNum`,`PrvCod`,`UsuCod`,`FacComCabFecEmi`,`FacComCabFecVen`,`FacComCabTot`,`TipDesCod`,`FacComCabSubTot`,`FacComCabIGV`,`FacComCabObs`,`EstFacCod`,`MetPagCod`,`TipPagCod`,`MonCod`,`EstRegCod`) VALUES ('001-000049','001-000008','001-000003','456123789121','23','2016-01-11','2016-02-11',515092.42,07,436519.00,18,'N',01,01,01,01,'A');
INSERT INTO `en_p4m_factura_compra_cab` (`FacComCabCod`,`GuiRemRemNum`,`GuiRemTraNum`,`PrvCod`,`UsuCod`,`FacComCabFecEmi`,`FacComCabFecVen`,`FacComCabTot`,`TipDesCod`,`FacComCabSubTot`,`FacComCabIGV`,`FacComCabObs`,`EstFacCod`,`MetPagCod`,`TipPagCod`,`MonCod`,`EstRegCod`) VALUES ('001-000050','001-000038','001-000011','321654987121','11','2016-01-11','2016-02-11',475531.86,07,402993.10,18,'N',01,01,01,01,'A');
INSERT INTO `en_p4m_factura_compra_cab` (`FacComCabCod`,`GuiRemRemNum`,`GuiRemTraNum`,`PrvCod`,`UsuCod`,`FacComCabFecEmi`,`FacComCabFecVen`,`FacComCabTot`,`TipDesCod`,`FacComCabSubTot`,`FacComCabIGV`,`FacComCabObs`,`EstFacCod`,`MetPagCod`,`TipPagCod`,`MonCod`,`EstRegCod`) VALUES ('001-000051','001-000036','001-000019','147258369121','14','2016-01-11','2016-02-11',529995.23,07,449148.50,18,'N',01,01,01,01,'A');
INSERT INTO `en_p4m_factura_compra_cab` (`FacComCabCod`,`GuiRemRemNum`,`GuiRemTraNum`,`PrvCod`,`UsuCod`,`FacComCabFecEmi`,`FacComCabFecVen`,`FacComCabTot`,`TipDesCod`,`FacComCabSubTot`,`FacComCabIGV`,`FacComCabObs`,`EstFacCod`,`MetPagCod`,`TipPagCod`,`MonCod`,`EstRegCod`) VALUES ('001-000052','001-000082','001-000028','456123789121','9','2016-01-11','2016-02-11',529059.73,07,448355.70,18,'N',01,01,01,01,'A');
INSERT INTO `en_p4m_factura_compra_cab` (`FacComCabCod`,`GuiRemRemNum`,`GuiRemTraNum`,`PrvCod`,`UsuCod`,`FacComCabFecEmi`,`FacComCabFecVen`,`FacComCabTot`,`TipDesCod`,`FacComCabSubTot`,`FacComCabIGV`,`FacComCabObs`,`EstFacCod`,`MetPagCod`,`TipPagCod`,`MonCod`,`EstRegCod`) VALUES ('001-000053','001-000025','001-000019','123456789121','7','2016-01-11','2016-02-11',465001.18,07,394068.80,18,'N',01,01,01,01,'A');
INSERT INTO `en_p4m_factura_compra_cab` (`FacComCabCod`,`GuiRemRemNum`,`GuiRemTraNum`,`PrvCod`,`UsuCod`,`FacComCabFecEmi`,`FacComCabFecVen`,`FacComCabTot`,`TipDesCod`,`FacComCabSubTot`,`FacComCabIGV`,`FacComCabObs`,`EstFacCod`,`MetPagCod`,`TipPagCod`,`MonCod`,`EstRegCod`) VALUES ('001-000054','001-000006','001-000011','987654321121','22','2016-01-11','2016-02-11',555884.43,07,471088.50,18,'N',01,01,01,01,'A');
INSERT INTO `en_p4m_factura_compra_cab` (`FacComCabCod`,`GuiRemRemNum`,`GuiRemTraNum`,`PrvCod`,`UsuCod`,`FacComCabFecEmi`,`FacComCabFecVen`,`FacComCabTot`,`TipDesCod`,`FacComCabSubTot`,`FacComCabIGV`,`FacComCabObs`,`EstFacCod`,`MetPagCod`,`TipPagCod`,`MonCod`,`EstRegCod`) VALUES ('001-000055','001-000053','001-000006','987654321121','1','2016-01-11','2016-02-11',514145.35,07,435716.40,18,'N',01,01,01,01,'A');
INSERT INTO `en_p4m_factura_compra_cab` (`FacComCabCod`,`GuiRemRemNum`,`GuiRemTraNum`,`PrvCod`,`UsuCod`,`FacComCabFecEmi`,`FacComCabFecVen`,`FacComCabTot`,`TipDesCod`,`FacComCabSubTot`,`FacComCabIGV`,`FacComCabObs`,`EstFacCod`,`MetPagCod`,`TipPagCod`,`MonCod`,`EstRegCod`) VALUES ('001-000056','001-000055','001-000022','258147369121','3','2016-01-11','2016-02-11',460065.01,07,389885.60,18,'N',01,01,01,01,'A');
INSERT INTO `en_p4m_factura_compra_cab` (`FacComCabCod`,`GuiRemRemNum`,`GuiRemTraNum`,`PrvCod`,`UsuCod`,`FacComCabFecEmi`,`FacComCabFecVen`,`FacComCabTot`,`TipDesCod`,`FacComCabSubTot`,`FacComCabIGV`,`FacComCabObs`,`EstFacCod`,`MetPagCod`,`TipPagCod`,`MonCod`,`EstRegCod`) VALUES ('001-000057','001-000099','001-000024','258147369121','13','2016-01-11','2016-02-11',421695.42,07,357369.00,18,'N',01,01,01,01,'A');
INSERT INTO `en_p4m_factura_compra_cab` (`FacComCabCod`,`GuiRemRemNum`,`GuiRemTraNum`,`PrvCod`,`UsuCod`,`FacComCabFecEmi`,`FacComCabFecVen`,`FacComCabTot`,`TipDesCod`,`FacComCabSubTot`,`FacComCabIGV`,`FacComCabObs`,`EstFacCod`,`MetPagCod`,`TipPagCod`,`MonCod`,`EstRegCod`) VALUES ('001-000058','001-000033','001-000039','456741852121','28','2016-01-11','2016-02-11',466514.65,07,395351.40,18,'N',01,01,01,01,'A');
INSERT INTO `en_p4m_factura_compra_cab` (`FacComCabCod`,`GuiRemRemNum`,`GuiRemTraNum`,`PrvCod`,`UsuCod`,`FacComCabFecEmi`,`FacComCabFecVen`,`FacComCabTot`,`TipDesCod`,`FacComCabSubTot`,`FacComCabIGV`,`FacComCabObs`,`EstFacCod`,`MetPagCod`,`TipPagCod`,`MonCod`,`EstRegCod`) VALUES ('001-000059','001-000097','001-000007','147258369121','9','2016-01-11','2016-02-11',481747.04,07,408260.20,18,'N',01,01,01,01,'A');
INSERT INTO `en_p4m_factura_compra_cab` (`FacComCabCod`,`GuiRemRemNum`,`GuiRemTraNum`,`PrvCod`,`UsuCod`,`FacComCabFecEmi`,`FacComCabFecVen`,`FacComCabTot`,`TipDesCod`,`FacComCabSubTot`,`FacComCabIGV`,`FacComCabObs`,`EstFacCod`,`MetPagCod`,`TipPagCod`,`MonCod`,`EstRegCod`) VALUES ('001-000060','001-000024','001-000007','456123789121','9','2016-01-11','2016-02-11',536453.13,07,454621.30,18,'N',01,01,01,01,'A');
INSERT INTO `en_p4m_factura_compra_cab` (`FacComCabCod`,`GuiRemRemNum`,`GuiRemTraNum`,`PrvCod`,`UsuCod`,`FacComCabFecEmi`,`FacComCabFecVen`,`FacComCabTot`,`TipDesCod`,`FacComCabSubTot`,`FacComCabIGV`,`FacComCabObs`,`EstFacCod`,`MetPagCod`,`TipPagCod`,`MonCod`,`EstRegCod`) VALUES ('001-000061','001-000012','001-000022','369258147121','26','2016-01-11','2016-02-11',422679.54,07,358203.00,18,'N',01,01,01,01,'A');
INSERT INTO `en_p4m_factura_compra_cab` (`FacComCabCod`,`GuiRemRemNum`,`GuiRemTraNum`,`PrvCod`,`UsuCod`,`FacComCabFecEmi`,`FacComCabFecVen`,`FacComCabTot`,`TipDesCod`,`FacComCabSubTot`,`FacComCabIGV`,`FacComCabObs`,`EstFacCod`,`MetPagCod`,`TipPagCod`,`MonCod`,`EstRegCod`) VALUES ('001-000062','001-000013','001-000026','789456123121','25','2016-01-11','2016-02-11',483580.40,07,409813.90,18,'N',01,01,01,01,'A');
INSERT INTO `en_p4m_factura_compra_cab` (`FacComCabCod`,`GuiRemRemNum`,`GuiRemTraNum`,`PrvCod`,`UsuCod`,`FacComCabFecEmi`,`FacComCabFecVen`,`FacComCabTot`,`TipDesCod`,`FacComCabSubTot`,`FacComCabIGV`,`FacComCabObs`,`EstFacCod`,`MetPagCod`,`TipPagCod`,`MonCod`,`EstRegCod`) VALUES ('001-000063','001-000043','001-000038','123456789121','6','2016-01-11','2016-02-11',513834.30,07,435452.80,18,'N',01,01,01,01,'A');
INSERT INTO `en_p4m_factura_compra_cab` (`FacComCabCod`,`GuiRemRemNum`,`GuiRemTraNum`,`PrvCod`,`UsuCod`,`FacComCabFecEmi`,`FacComCabFecVen`,`FacComCabTot`,`TipDesCod`,`FacComCabSubTot`,`FacComCabIGV`,`FacComCabObs`,`EstFacCod`,`MetPagCod`,`TipPagCod`,`MonCod`,`EstRegCod`) VALUES ('001-000064','001-000056','001-000001','258147369121','28','2016-01-11','2016-02-11',562844.07,07,476986.50,18,'N',01,01,01,01,'A');
INSERT INTO `en_p4m_factura_compra_cab` (`FacComCabCod`,`GuiRemRemNum`,`GuiRemTraNum`,`PrvCod`,`UsuCod`,`FacComCabFecEmi`,`FacComCabFecVen`,`FacComCabTot`,`TipDesCod`,`FacComCabSubTot`,`FacComCabIGV`,`FacComCabObs`,`EstFacCod`,`MetPagCod`,`TipPagCod`,`MonCod`,`EstRegCod`) VALUES ('001-000065','001-000081','001-000021','654321987121','27','2016-01-11','2016-02-11',462812.76,07,392214.20,18,'N',01,01,01,01,'A');
INSERT INTO `en_p4m_factura_compra_cab` (`FacComCabCod`,`GuiRemRemNum`,`GuiRemTraNum`,`PrvCod`,`UsuCod`,`FacComCabFecEmi`,`FacComCabFecVen`,`FacComCabTot`,`TipDesCod`,`FacComCabSubTot`,`FacComCabIGV`,`FacComCabObs`,`EstFacCod`,`MetPagCod`,`TipPagCod`,`MonCod`,`EstRegCod`) VALUES ('001-000066','001-000085','001-000018','456741852121','26','2016-01-11','2016-02-11',460011.32,07,389840.10,18,'N',01,01,01,01,'A');
INSERT INTO `en_p4m_factura_compra_cab` (`FacComCabCod`,`GuiRemRemNum`,`GuiRemTraNum`,`PrvCod`,`UsuCod`,`FacComCabFecEmi`,`FacComCabFecVen`,`FacComCabTot`,`TipDesCod`,`FacComCabSubTot`,`FacComCabIGV`,`FacComCabObs`,`EstFacCod`,`MetPagCod`,`TipPagCod`,`MonCod`,`EstRegCod`) VALUES ('001-000067','001-000076','001-000033','369258147121','28','2016-01-11','2016-02-11',563261.55,07,477340.30,18,'N',01,01,01,01,'A');
INSERT INTO `en_p4m_factura_compra_cab` (`FacComCabCod`,`GuiRemRemNum`,`GuiRemTraNum`,`PrvCod`,`UsuCod`,`FacComCabFecEmi`,`FacComCabFecVen`,`FacComCabTot`,`TipDesCod`,`FacComCabSubTot`,`FacComCabIGV`,`FacComCabObs`,`EstFacCod`,`MetPagCod`,`TipPagCod`,`MonCod`,`EstRegCod`) VALUES ('001-000068','001-000097','001-000034','654321987121','11','2016-01-11','2016-02-11',530121.25,07,449255.30,18,'N',01,01,01,01,'A');
INSERT INTO `en_p4m_factura_compra_cab` (`FacComCabCod`,`GuiRemRemNum`,`GuiRemTraNum`,`PrvCod`,`UsuCod`,`FacComCabFecEmi`,`FacComCabFecVen`,`FacComCabTot`,`TipDesCod`,`FacComCabSubTot`,`FacComCabIGV`,`FacComCabObs`,`EstFacCod`,`MetPagCod`,`TipPagCod`,`MonCod`,`EstRegCod`) VALUES ('001-000069','001-000048','001-000029','258147369121','21','2016-01-11','2016-02-11',472792.84,07,400671.90,18,'N',01,01,01,01,'A');
INSERT INTO `en_p4m_factura_compra_cab` (`FacComCabCod`,`GuiRemRemNum`,`GuiRemTraNum`,`PrvCod`,`UsuCod`,`FacComCabFecEmi`,`FacComCabFecVen`,`FacComCabTot`,`TipDesCod`,`FacComCabSubTot`,`FacComCabIGV`,`FacComCabObs`,`EstFacCod`,`MetPagCod`,`TipPagCod`,`MonCod`,`EstRegCod`) VALUES ('001-000070','001-000097','001-000041','258147369121','25','2016-01-11','2016-02-11',578298.53,07,490083.50,18,'N',01,01,01,01,'A');
INSERT INTO `en_p4m_factura_compra_cab` (`FacComCabCod`,`GuiRemRemNum`,`GuiRemTraNum`,`PrvCod`,`UsuCod`,`FacComCabFecEmi`,`FacComCabFecVen`,`FacComCabTot`,`TipDesCod`,`FacComCabSubTot`,`FacComCabIGV`,`FacComCabObs`,`EstFacCod`,`MetPagCod`,`TipPagCod`,`MonCod`,`EstRegCod`) VALUES ('001-000071','001-000056','001-000030','147258369121','17','2016-01-11','2016-02-11',534254.44,07,452758.00,18,'N',01,01,01,01,'A');
INSERT INTO `en_p4m_factura_compra_cab` (`FacComCabCod`,`GuiRemRemNum`,`GuiRemTraNum`,`PrvCod`,`UsuCod`,`FacComCabFecEmi`,`FacComCabFecVen`,`FacComCabTot`,`TipDesCod`,`FacComCabSubTot`,`FacComCabIGV`,`FacComCabObs`,`EstFacCod`,`MetPagCod`,`TipPagCod`,`MonCod`,`EstRegCod`) VALUES ('001-000072','001-000094','001-000035','789456123121','19','2016-01-11','2016-02-11',612214.33,07,518825.70,18,'N',01,01,01,01,'A');
INSERT INTO `en_p4m_factura_compra_cab` (`FacComCabCod`,`GuiRemRemNum`,`GuiRemTraNum`,`PrvCod`,`UsuCod`,`FacComCabFecEmi`,`FacComCabFecVen`,`FacComCabTot`,`TipDesCod`,`FacComCabSubTot`,`FacComCabIGV`,`FacComCabObs`,`EstFacCod`,`MetPagCod`,`TipPagCod`,`MonCod`,`EstRegCod`) VALUES ('001-000073','001-000094','001-000009','789456123121','22','2016-01-11','2016-02-11',507382.30,07,429985.00,18,'N',01,01,01,01,'A');
INSERT INTO `en_p4m_factura_compra_cab` (`FacComCabCod`,`GuiRemRemNum`,`GuiRemTraNum`,`PrvCod`,`UsuCod`,`FacComCabFecEmi`,`FacComCabFecVen`,`FacComCabTot`,`TipDesCod`,`FacComCabSubTot`,`FacComCabIGV`,`FacComCabObs`,`EstFacCod`,`MetPagCod`,`TipPagCod`,`MonCod`,`EstRegCod`) VALUES ('001-000074','001-000005','001-000017','123456789121','30','2016-01-11','2016-02-11',507675.77,07,430233.70,18,'N',01,01,01,01,'A');
INSERT INTO `en_p4m_factura_compra_cab` (`FacComCabCod`,`GuiRemRemNum`,`GuiRemTraNum`,`PrvCod`,`UsuCod`,`FacComCabFecEmi`,`FacComCabFecVen`,`FacComCabTot`,`TipDesCod`,`FacComCabSubTot`,`FacComCabIGV`,`FacComCabObs`,`EstFacCod`,`MetPagCod`,`TipPagCod`,`MonCod`,`EstRegCod`) VALUES ('001-000075','001-000094','001-000018','123456789121','1','2016-01-11','2016-02-11',526007.89,07,445769.40,18,'N',01,01,01,01,'A');
INSERT INTO `en_p4m_factura_compra_cab` (`FacComCabCod`,`GuiRemRemNum`,`GuiRemTraNum`,`PrvCod`,`UsuCod`,`FacComCabFecEmi`,`FacComCabFecVen`,`FacComCabTot`,`TipDesCod`,`FacComCabSubTot`,`FacComCabIGV`,`FacComCabObs`,`EstFacCod`,`MetPagCod`,`TipPagCod`,`MonCod`,`EstRegCod`) VALUES ('001-000076','001-000064','001-000016','258147369121','26','2016-01-11','2016-02-11',464391.24,07,393551.90,18,'N',01,01,01,01,'A');
INSERT INTO `en_p4m_factura_compra_cab` (`FacComCabCod`,`GuiRemRemNum`,`GuiRemTraNum`,`PrvCod`,`UsuCod`,`FacComCabFecEmi`,`FacComCabFecVen`,`FacComCabTot`,`TipDesCod`,`FacComCabSubTot`,`FacComCabIGV`,`FacComCabObs`,`EstFacCod`,`MetPagCod`,`TipPagCod`,`MonCod`,`EstRegCod`) VALUES ('001-000077','001-000052','001-000026','789456123121','17','2016-01-11','2016-02-11',490391.24,07,415585.80,18,'N',01,01,01,01,'A');
INSERT INTO `en_p4m_factura_compra_cab` (`FacComCabCod`,`GuiRemRemNum`,`GuiRemTraNum`,`PrvCod`,`UsuCod`,`FacComCabFecEmi`,`FacComCabFecVen`,`FacComCabTot`,`TipDesCod`,`FacComCabSubTot`,`FacComCabIGV`,`FacComCabObs`,`EstFacCod`,`MetPagCod`,`TipPagCod`,`MonCod`,`EstRegCod`) VALUES ('001-000078','001-000001','001-000012','789456123121','10','2016-01-11','2016-02-11',546664.74,07,463275.20,18,'N',01,01,01,01,'A');
INSERT INTO `en_p4m_factura_compra_cab` (`FacComCabCod`,`GuiRemRemNum`,`GuiRemTraNum`,`PrvCod`,`UsuCod`,`FacComCabFecEmi`,`FacComCabFecVen`,`FacComCabTot`,`TipDesCod`,`FacComCabSubTot`,`FacComCabIGV`,`FacComCabObs`,`EstFacCod`,`MetPagCod`,`TipPagCod`,`MonCod`,`EstRegCod`) VALUES ('001-000079','001-000097','001-000028','987654321121','3','2016-01-11','2016-02-11',508191.66,07,430670.90,18,'N',01,01,01,01,'A');
INSERT INTO `en_p4m_factura_compra_cab` (`FacComCabCod`,`GuiRemRemNum`,`GuiRemTraNum`,`PrvCod`,`UsuCod`,`FacComCabFecEmi`,`FacComCabFecVen`,`FacComCabTot`,`TipDesCod`,`FacComCabSubTot`,`FacComCabIGV`,`FacComCabObs`,`EstFacCod`,`MetPagCod`,`TipPagCod`,`MonCod`,`EstRegCod`) VALUES ('001-000080','001-000038','001-000040','147258369121','12','2016-01-11','2016-02-11',617393.82,07,523215.10,18,'N',01,01,01,01,'A');
INSERT INTO `en_p4m_factura_compra_cab` (`FacComCabCod`,`GuiRemRemNum`,`GuiRemTraNum`,`PrvCod`,`UsuCod`,`FacComCabFecEmi`,`FacComCabFecVen`,`FacComCabTot`,`TipDesCod`,`FacComCabSubTot`,`FacComCabIGV`,`FacComCabObs`,`EstFacCod`,`MetPagCod`,`TipPagCod`,`MonCod`,`EstRegCod`) VALUES ('001-000081','001-000070','001-000015','987654321121','11','2016-01-11','2016-02-11',567850.46,07,481229.20,18,'N',01,01,01,01,'A');
INSERT INTO `en_p4m_factura_compra_cab` (`FacComCabCod`,`GuiRemRemNum`,`GuiRemTraNum`,`PrvCod`,`UsuCod`,`FacComCabFecEmi`,`FacComCabFecVen`,`FacComCabTot`,`TipDesCod`,`FacComCabSubTot`,`FacComCabIGV`,`FacComCabObs`,`EstFacCod`,`MetPagCod`,`TipPagCod`,`MonCod`,`EstRegCod`) VALUES ('001-000082','001-000060','001-000011','369258147121','18','2016-01-11','2016-02-11',477573.26,07,404723.10,18,'N',01,01,01,01,'A');
INSERT INTO `en_p4m_factura_compra_cab` (`FacComCabCod`,`GuiRemRemNum`,`GuiRemTraNum`,`PrvCod`,`UsuCod`,`FacComCabFecEmi`,`FacComCabFecVen`,`FacComCabTot`,`TipDesCod`,`FacComCabSubTot`,`FacComCabIGV`,`FacComCabObs`,`EstFacCod`,`MetPagCod`,`TipPagCod`,`MonCod`,`EstRegCod`) VALUES ('001-000083','001-000092','001-000024','258147369121','6','2016-01-11','2016-02-11',410343.58,07,347748.80,18,'N',01,01,01,01,'A');
INSERT INTO `en_p4m_factura_compra_cab` (`FacComCabCod`,`GuiRemRemNum`,`GuiRemTraNum`,`PrvCod`,`UsuCod`,`FacComCabFecEmi`,`FacComCabFecVen`,`FacComCabTot`,`TipDesCod`,`FacComCabSubTot`,`FacComCabIGV`,`FacComCabObs`,`EstFacCod`,`MetPagCod`,`TipPagCod`,`MonCod`,`EstRegCod`) VALUES ('001-000084','001-000054','001-000025','987654321121','23','2016-01-11','2016-02-11',519050.49,07,439873.30,18,'N',01,01,01,01,'A');
INSERT INTO `en_p4m_factura_compra_cab` (`FacComCabCod`,`GuiRemRemNum`,`GuiRemTraNum`,`PrvCod`,`UsuCod`,`FacComCabFecEmi`,`FacComCabFecVen`,`FacComCabTot`,`TipDesCod`,`FacComCabSubTot`,`FacComCabIGV`,`FacComCabObs`,`EstFacCod`,`MetPagCod`,`TipPagCod`,`MonCod`,`EstRegCod`) VALUES ('001-000085','001-000033','001-000028','456123789121','20','2016-01-11','2016-02-11',516746.19,07,437920.50,18,'N',01,01,01,01,'A');
INSERT INTO `en_p4m_factura_compra_cab` (`FacComCabCod`,`GuiRemRemNum`,`GuiRemTraNum`,`PrvCod`,`UsuCod`,`FacComCabFecEmi`,`FacComCabFecVen`,`FacComCabTot`,`TipDesCod`,`FacComCabSubTot`,`FacComCabIGV`,`FacComCabObs`,`EstFacCod`,`MetPagCod`,`TipPagCod`,`MonCod`,`EstRegCod`) VALUES ('001-000086','001-000004','001-000006','321654987121','4','2016-01-11','2016-02-11',478824.88,07,405783.80,18,'N',01,01,01,01,'A');
INSERT INTO `en_p4m_factura_compra_cab` (`FacComCabCod`,`GuiRemRemNum`,`GuiRemTraNum`,`PrvCod`,`UsuCod`,`FacComCabFecEmi`,`FacComCabFecVen`,`FacComCabTot`,`TipDesCod`,`FacComCabSubTot`,`FacComCabIGV`,`FacComCabObs`,`EstFacCod`,`MetPagCod`,`TipPagCod`,`MonCod`,`EstRegCod`) VALUES ('001-000087','001-000097','001-000029','258147369121','26','2016-01-11','2016-02-11',531680.27,07,450576.50,18,'N',01,01,01,01,'A');
INSERT INTO `en_p4m_factura_compra_cab` (`FacComCabCod`,`GuiRemRemNum`,`GuiRemTraNum`,`PrvCod`,`UsuCod`,`FacComCabFecEmi`,`FacComCabFecVen`,`FacComCabTot`,`TipDesCod`,`FacComCabSubTot`,`FacComCabIGV`,`FacComCabObs`,`EstFacCod`,`MetPagCod`,`TipPagCod`,`MonCod`,`EstRegCod`) VALUES ('001-000088','001-000088','001-000016','147258369121','17','2016-01-11','2016-02-11',493711.65,07,418399.70,18,'N',01,01,01,01,'A');
INSERT INTO `en_p4m_factura_compra_cab` (`FacComCabCod`,`GuiRemRemNum`,`GuiRemTraNum`,`PrvCod`,`UsuCod`,`FacComCabFecEmi`,`FacComCabFecVen`,`FacComCabTot`,`TipDesCod`,`FacComCabSubTot`,`FacComCabIGV`,`FacComCabObs`,`EstFacCod`,`MetPagCod`,`TipPagCod`,`MonCod`,`EstRegCod`) VALUES ('001-000089','001-000055','001-000038','987654321121','14','2016-01-11','2016-02-11',521075.61,07,441589.50,18,'N',01,01,01,01,'A');
INSERT INTO `en_p4m_factura_compra_cab` (`FacComCabCod`,`GuiRemRemNum`,`GuiRemTraNum`,`PrvCod`,`UsuCod`,`FacComCabFecEmi`,`FacComCabFecVen`,`FacComCabTot`,`TipDesCod`,`FacComCabSubTot`,`FacComCabIGV`,`FacComCabObs`,`EstFacCod`,`MetPagCod`,`TipPagCod`,`MonCod`,`EstRegCod`) VALUES ('001-000090','001-000020','001-000002','987654321121','13','2016-01-11','2016-02-11',555577.51,07,470828.40,18,'N',01,01,01,01,'A');
INSERT INTO `en_p4m_factura_compra_cab` (`FacComCabCod`,`GuiRemRemNum`,`GuiRemTraNum`,`PrvCod`,`UsuCod`,`FacComCabFecEmi`,`FacComCabFecVen`,`FacComCabTot`,`TipDesCod`,`FacComCabSubTot`,`FacComCabIGV`,`FacComCabObs`,`EstFacCod`,`MetPagCod`,`TipPagCod`,`MonCod`,`EstRegCod`) VALUES ('001-000091','001-000015','001-000003','654321987121','24','2016-01-11','2016-02-11',534022.10,07,452561.10,18,'N',01,01,01,01,'A');
INSERT INTO `en_p4m_factura_compra_cab` (`FacComCabCod`,`GuiRemRemNum`,`GuiRemTraNum`,`PrvCod`,`UsuCod`,`FacComCabFecEmi`,`FacComCabFecVen`,`FacComCabTot`,`TipDesCod`,`FacComCabSubTot`,`FacComCabIGV`,`FacComCabObs`,`EstFacCod`,`MetPagCod`,`TipPagCod`,`MonCod`,`EstRegCod`) VALUES ('001-000092','001-000063','001-000030','987654321121','3','2016-01-11','2016-02-11',516622.05,07,437815.30,18,'N',01,01,01,01,'A');
INSERT INTO `en_p4m_factura_compra_cab` (`FacComCabCod`,`GuiRemRemNum`,`GuiRemTraNum`,`PrvCod`,`UsuCod`,`FacComCabFecEmi`,`FacComCabFecVen`,`FacComCabTot`,`TipDesCod`,`FacComCabSubTot`,`FacComCabIGV`,`FacComCabObs`,`EstFacCod`,`MetPagCod`,`TipPagCod`,`MonCod`,`EstRegCod`) VALUES ('001-000093','001-000062','001-000029','654321987121','3','2016-01-11','2016-02-11',496747.90,07,420972.80,18,'N',01,01,01,01,'A');
INSERT INTO `en_p4m_factura_compra_cab` (`FacComCabCod`,`GuiRemRemNum`,`GuiRemTraNum`,`PrvCod`,`UsuCod`,`FacComCabFecEmi`,`FacComCabFecVen`,`FacComCabTot`,`TipDesCod`,`FacComCabSubTot`,`FacComCabIGV`,`FacComCabObs`,`EstFacCod`,`MetPagCod`,`TipPagCod`,`MonCod`,`EstRegCod`) VALUES ('001-000094','001-000008','001-000021','369258147121','27','2016-01-11','2016-02-11',546695.77,07,463301.50,18,'N',01,01,01,01,'A');
INSERT INTO `en_p4m_factura_compra_cab` (`FacComCabCod`,`GuiRemRemNum`,`GuiRemTraNum`,`PrvCod`,`UsuCod`,`FacComCabFecEmi`,`FacComCabFecVen`,`FacComCabTot`,`TipDesCod`,`FacComCabSubTot`,`FacComCabIGV`,`FacComCabObs`,`EstFacCod`,`MetPagCod`,`TipPagCod`,`MonCod`,`EstRegCod`) VALUES ('001-000095','001-000013','001-000015','987654321121','8','2016-01-11','2016-02-11',489802.19,07,415086.60,18,'N',01,01,01,01,'A');
INSERT INTO `en_p4m_factura_compra_cab` (`FacComCabCod`,`GuiRemRemNum`,`GuiRemTraNum`,`PrvCod`,`UsuCod`,`FacComCabFecEmi`,`FacComCabFecVen`,`FacComCabTot`,`TipDesCod`,`FacComCabSubTot`,`FacComCabIGV`,`FacComCabObs`,`EstFacCod`,`MetPagCod`,`TipPagCod`,`MonCod`,`EstRegCod`) VALUES ('001-000096','001-000029','001-000005','258147369121','16','2016-01-11','2016-02-11',437600.88,07,370848.20,18,'N',01,01,01,01,'A');
INSERT INTO `en_p4m_factura_compra_cab` (`FacComCabCod`,`GuiRemRemNum`,`GuiRemTraNum`,`PrvCod`,`UsuCod`,`FacComCabFecEmi`,`FacComCabFecVen`,`FacComCabTot`,`TipDesCod`,`FacComCabSubTot`,`FacComCabIGV`,`FacComCabObs`,`EstFacCod`,`MetPagCod`,`TipPagCod`,`MonCod`,`EstRegCod`) VALUES ('001-000097','001-000043','001-000004','258147369121','15','2016-01-11','2016-02-11',505841.10,07,428678.90,18,'N',01,01,01,01,'A');
INSERT INTO `en_p4m_factura_compra_cab` (`FacComCabCod`,`GuiRemRemNum`,`GuiRemTraNum`,`PrvCod`,`UsuCod`,`FacComCabFecEmi`,`FacComCabFecVen`,`FacComCabTot`,`TipDesCod`,`FacComCabSubTot`,`FacComCabIGV`,`FacComCabObs`,`EstFacCod`,`MetPagCod`,`TipPagCod`,`MonCod`,`EstRegCod`) VALUES ('001-000098','001-000062','001-000024','258147369121','18','2016-01-11','2016-02-11',500700.20,07,424322.20,18,'N',01,01,01,01,'A');
INSERT INTO `en_p4m_factura_compra_cab` (`FacComCabCod`,`GuiRemRemNum`,`GuiRemTraNum`,`PrvCod`,`UsuCod`,`FacComCabFecEmi`,`FacComCabFecVen`,`FacComCabTot`,`TipDesCod`,`FacComCabSubTot`,`FacComCabIGV`,`FacComCabObs`,`EstFacCod`,`MetPagCod`,`TipPagCod`,`MonCod`,`EstRegCod`) VALUES ('001-000099','001-000014','001-000039','321654987121','21','2016-01-11','2016-02-11',497406.46,07,421530.90,18,'N',01,01,01,01,'A');
INSERT INTO `en_p4m_factura_compra_cab` (`FacComCabCod`,`GuiRemRemNum`,`GuiRemTraNum`,`PrvCod`,`UsuCod`,`FacComCabFecEmi`,`FacComCabFecVen`,`FacComCabTot`,`TipDesCod`,`FacComCabSubTot`,`FacComCabIGV`,`FacComCabObs`,`EstFacCod`,`MetPagCod`,`TipPagCod`,`MonCod`,`EstRegCod`) VALUES ('001-000100','001-000098','001-000037','654321987121','22','2016-01-11','2016-02-11',528347.83,07,447752.40,18,'N',01,01,01,01,'A');


COMMIT;


-- -----------------------------------------------------
-- Data for table `episerp`.`en_p1m_factura_venta_cab`
-- -----------------------------------------------------
START TRANSACTION;
USE `episerp`;
INSERT INTO `en_p1m_factura_venta_cab` (`FacVenCabCod`,`GuiRemRemNum`,`GuiRemTraNum`,`CliCod`,`CatRutCod`,`UsuCod`,`FacVenCabFecEmi`,`FacVenCabFecVen`,`FacVenCabTot`,`TipDesCod`,`FacVenCabSubTot`,`FacVenCabIGV`,`FacVenCabObs`,`EstFacCod`,`MetPagCod`,`TipPagCod`,`MonCod`,`EstRegCod`) VALUES ('001-000001','001-000006','001-000001','1',001,'2','2016-10-09','2016-10-09',39500.38,07,33193.60,19,'Ninguna',01,01,01,01,'A');
INSERT INTO `en_p1m_factura_venta_cab` (`FacVenCabCod`,`GuiRemRemNum`,`GuiRemTraNum`,`CliCod`,`CatRutCod`,`UsuCod`,`FacVenCabFecEmi`,`FacVenCabFecVen`,`FacVenCabTot`,`TipDesCod`,`FacVenCabSubTot`,`FacVenCabIGV`,`FacVenCabObs`,`EstFacCod`,`MetPagCod`,`TipPagCod`,`MonCod`,`EstRegCod`) VALUES ('001-000002','001-000007','001-000002','2',005,'2','2016-10-09','2016-10-09',40375.63,07,33929.10,19,'Ninguna',01,01,01,01,'A');
INSERT INTO `en_p1m_factura_venta_cab` (`FacVenCabCod`,`GuiRemRemNum`,`GuiRemTraNum`,`CliCod`,`CatRutCod`,`UsuCod`,`FacVenCabFecEmi`,`FacVenCabFecVen`,`FacVenCabTot`,`TipDesCod`,`FacVenCabSubTot`,`FacVenCabIGV`,`FacVenCabObs`,`EstFacCod`,`MetPagCod`,`TipPagCod`,`MonCod`,`EstRegCod`) VALUES ('001-000003','001-000009','001-000003','3',002,'2','2016-10-09','2016-10-09',34271.64,07,28799.70,19,'Ninguna',01,01,01,01,'A');
INSERT INTO `en_p1m_factura_venta_cab` (`FacVenCabCod`,`GuiRemRemNum`,`GuiRemTraNum`,`CliCod`,`CatRutCod`,`UsuCod`,`FacVenCabFecEmi`,`FacVenCabFecVen`,`FacVenCabTot`,`TipDesCod`,`FacVenCabSubTot`,`FacVenCabIGV`,`FacVenCabObs`,`EstFacCod`,`MetPagCod`,`TipPagCod`,`MonCod`,`EstRegCod`) VALUES ('001-000004','001-000010','001-000001','4',007,'2','2016-10-09','2016-10-09',42412.91,07,35641.10,19,'Ninguna',01,01,01,01,'A');
INSERT INTO `en_p1m_factura_venta_cab` (`FacVenCabCod`,`GuiRemRemNum`,`GuiRemTraNum`,`CliCod`,`CatRutCod`,`UsuCod`,`FacVenCabFecEmi`,`FacVenCabFecVen`,`FacVenCabTot`,`TipDesCod`,`FacVenCabSubTot`,`FacVenCabIGV`,`FacVenCabObs`,`EstFacCod`,`MetPagCod`,`TipPagCod`,`MonCod`,`EstRegCod`) VALUES ('001-000005','001-000011','001-000002','5',004,'2','2016-10-09','2016-10-09',45269.39,07,38041.50,19,'Ninguna',01,01,01,01,'A');
INSERT INTO `en_p1m_factura_venta_cab` (`FacVenCabCod`,`GuiRemRemNum`,`GuiRemTraNum`,`CliCod`,`CatRutCod`,`UsuCod`,`FacVenCabFecEmi`,`FacVenCabFecVen`,`FacVenCabTot`,`TipDesCod`,`FacVenCabSubTot`,`FacVenCabIGV`,`FacVenCabObs`,`EstFacCod`,`MetPagCod`,`TipPagCod`,`MonCod`,`EstRegCod`) VALUES ('001-000006','001-000012','001-000003','6',002,'2','2016-10-09','2016-10-09',46019.44,07,38671.80,19,'Ninguna',01,01,01,01,'A');
INSERT INTO `en_p1m_factura_venta_cab` (`FacVenCabCod`,`GuiRemRemNum`,`GuiRemTraNum`,`CliCod`,`CatRutCod`,`UsuCod`,`FacVenCabFecEmi`,`FacVenCabFecVen`,`FacVenCabTot`,`TipDesCod`,`FacVenCabSubTot`,`FacVenCabIGV`,`FacVenCabObs`,`EstFacCod`,`MetPagCod`,`TipPagCod`,`MonCod`,`EstRegCod`) VALUES ('001-000007','001-000003','001-000004','7',003,'2','2016-10-09','2016-10-09',44679.26,07,37545.60,19,'Ninguna',01,01,01,01,'A');
INSERT INTO `en_p1m_factura_venta_cab` (`FacVenCabCod`,`GuiRemRemNum`,`GuiRemTraNum`,`CliCod`,`CatRutCod`,`UsuCod`,`FacVenCabFecEmi`,`FacVenCabFecVen`,`FacVenCabTot`,`TipDesCod`,`FacVenCabSubTot`,`FacVenCabIGV`,`FacVenCabObs`,`EstFacCod`,`MetPagCod`,`TipPagCod`,`MonCod`,`EstRegCod`) VALUES ('001-000008','001-000011','001-000001','8',002,'2','2016-10-09','2016-10-09',49996.78,07,42014.10,19,'Ninguna',02,02,02,01,'A');
INSERT INTO `en_p1m_factura_venta_cab` (`FacVenCabCod`,`GuiRemRemNum`,`GuiRemTraNum`,`CliCod`,`CatRutCod`,`UsuCod`,`FacVenCabFecEmi`,`FacVenCabFecVen`,`FacVenCabTot`,`TipDesCod`,`FacVenCabSubTot`,`FacVenCabIGV`,`FacVenCabObs`,`EstFacCod`,`MetPagCod`,`TipPagCod`,`MonCod`,`EstRegCod`) VALUES ('001-000009','001-000018','001-000004','9',003,'2','2016-10-09','2016-10-09',42349.36,07,35587.70,19,'Ninguna',02,02,02,01,'A');
INSERT INTO `en_p1m_factura_venta_cab` (`FacVenCabCod`,`GuiRemRemNum`,`GuiRemTraNum`,`CliCod`,`CatRutCod`,`UsuCod`,`FacVenCabFecEmi`,`FacVenCabFecVen`,`FacVenCabTot`,`TipDesCod`,`FacVenCabSubTot`,`FacVenCabIGV`,`FacVenCabObs`,`EstFacCod`,`MetPagCod`,`TipPagCod`,`MonCod`,`EstRegCod`) VALUES ('001-000010','001-000011','001-000002','10',003,'2','2016-10-09','2016-10-09',40843.42,07,34322.20,19,'Ninguna',02,02,02,01,'A');
INSERT INTO `en_p1m_factura_venta_cab` (`FacVenCabCod`,`GuiRemRemNum`,`GuiRemTraNum`,`CliCod`,`CatRutCod`,`UsuCod`,`FacVenCabFecEmi`,`FacVenCabFecVen`,`FacVenCabTot`,`TipDesCod`,`FacVenCabSubTot`,`FacVenCabIGV`,`FacVenCabObs`,`EstFacCod`,`MetPagCod`,`TipPagCod`,`MonCod`,`EstRegCod`) VALUES ('001-000011','001-000020','001-000002','1',005,'2','2016-10-09','2016-10-09',37138.47,07,31208.80,19,'Ninguna',01,01,01,01,'A');
INSERT INTO `en_p1m_factura_venta_cab` (`FacVenCabCod`,`GuiRemRemNum`,`GuiRemTraNum`,`CliCod`,`CatRutCod`,`UsuCod`,`FacVenCabFecEmi`,`FacVenCabFecVen`,`FacVenCabTot`,`TipDesCod`,`FacVenCabSubTot`,`FacVenCabIGV`,`FacVenCabObs`,`EstFacCod`,`MetPagCod`,`TipPagCod`,`MonCod`,`EstRegCod`) VALUES ('001-000012','001-000013','001-000003','2',006,'2','2016-10-09','2016-10-09',34258.91,07,28789.00,19,'Ninguna',01,01,01,01,'A');
INSERT INTO `en_p1m_factura_venta_cab` (`FacVenCabCod`,`GuiRemRemNum`,`GuiRemTraNum`,`CliCod`,`CatRutCod`,`UsuCod`,`FacVenCabFecEmi`,`FacVenCabFecVen`,`FacVenCabTot`,`TipDesCod`,`FacVenCabSubTot`,`FacVenCabIGV`,`FacVenCabObs`,`EstFacCod`,`MetPagCod`,`TipPagCod`,`MonCod`,`EstRegCod`) VALUES ('001-000013','001-000005','001-000004','3',003,'2','2016-10-09','2016-10-09',48040.06,07,40369.80,19,'Ninguna',01,01,01,01,'A');
INSERT INTO `en_p1m_factura_venta_cab` (`FacVenCabCod`,`GuiRemRemNum`,`GuiRemTraNum`,`CliCod`,`CatRutCod`,`UsuCod`,`FacVenCabFecEmi`,`FacVenCabFecVen`,`FacVenCabTot`,`TipDesCod`,`FacVenCabSubTot`,`FacVenCabIGV`,`FacVenCabObs`,`EstFacCod`,`MetPagCod`,`TipPagCod`,`MonCod`,`EstRegCod`) VALUES ('001-000014','001-000004','001-000005','4',001,'2','2016-10-09','2016-10-09',41020.73,07,34471.20,19,'Ninguna',01,01,01,01,'A');
INSERT INTO `en_p1m_factura_venta_cab` (`FacVenCabCod`,`GuiRemRemNum`,`GuiRemTraNum`,`CliCod`,`CatRutCod`,`UsuCod`,`FacVenCabFecEmi`,`FacVenCabFecVen`,`FacVenCabTot`,`TipDesCod`,`FacVenCabSubTot`,`FacVenCabIGV`,`FacVenCabObs`,`EstFacCod`,`MetPagCod`,`TipPagCod`,`MonCod`,`EstRegCod`) VALUES ('001-000015','001-000008','001-000006','5',003,'2','2016-10-09','2016-10-09',45401.83,07,38152.80,19,'Ninguna',01,01,01,01,'A');
INSERT INTO `en_p1m_factura_venta_cab` (`FacVenCabCod`,`GuiRemRemNum`,`GuiRemTraNum`,`CliCod`,`CatRutCod`,`UsuCod`,`FacVenCabFecEmi`,`FacVenCabFecVen`,`FacVenCabTot`,`TipDesCod`,`FacVenCabSubTot`,`FacVenCabIGV`,`FacVenCabObs`,`EstFacCod`,`MetPagCod`,`TipPagCod`,`MonCod`,`EstRegCod`) VALUES ('001-000016','001-000001','001-000009','6',003,'2','2016-10-09','2016-10-09',37291.86,07,31337.70,19,'Ninguna',01,01,01,01,'A');
INSERT INTO `en_p1m_factura_venta_cab` (`FacVenCabCod`,`GuiRemRemNum`,`GuiRemTraNum`,`CliCod`,`CatRutCod`,`UsuCod`,`FacVenCabFecEmi`,`FacVenCabFecVen`,`FacVenCabTot`,`TipDesCod`,`FacVenCabSubTot`,`FacVenCabIGV`,`FacVenCabObs`,`EstFacCod`,`MetPagCod`,`TipPagCod`,`MonCod`,`EstRegCod`) VALUES ('001-000017','001-000017','001-000010','7',002,'2','2016-10-09','2016-10-09',39952.46,07,33573.50,19,'Ninguna',01,01,01,01,'A');
INSERT INTO `en_p1m_factura_venta_cab` (`FacVenCabCod`,`GuiRemRemNum`,`GuiRemTraNum`,`CliCod`,`CatRutCod`,`UsuCod`,`FacVenCabFecEmi`,`FacVenCabFecVen`,`FacVenCabTot`,`TipDesCod`,`FacVenCabSubTot`,`FacVenCabIGV`,`FacVenCabObs`,`EstFacCod`,`MetPagCod`,`TipPagCod`,`MonCod`,`EstRegCod`) VALUES ('001-000018','001-000015','001-000020','8',002,'2','2016-10-09','2016-10-09',38830.29,07,32630.50,19,'Ninguna',02,02,02,01,'A');
INSERT INTO `en_p1m_factura_venta_cab` (`FacVenCabCod`,`GuiRemRemNum`,`GuiRemTraNum`,`CliCod`,`CatRutCod`,`UsuCod`,`FacVenCabFecEmi`,`FacVenCabFecVen`,`FacVenCabTot`,`TipDesCod`,`FacVenCabSubTot`,`FacVenCabIGV`,`FacVenCabObs`,`EstFacCod`,`MetPagCod`,`TipPagCod`,`MonCod`,`EstRegCod`) VALUES ('001-000019','001-000024','001-000041','9',007,'2','2016-10-09','2016-10-09',45910.79,07,38580.50,19,'Ninguna',02,02,02,01,'A');
INSERT INTO `en_p1m_factura_venta_cab` (`FacVenCabCod`,`GuiRemRemNum`,`GuiRemTraNum`,`CliCod`,`CatRutCod`,`UsuCod`,`FacVenCabFecEmi`,`FacVenCabFecVen`,`FacVenCabTot`,`TipDesCod`,`FacVenCabSubTot`,`FacVenCabIGV`,`FacVenCabObs`,`EstFacCod`,`MetPagCod`,`TipPagCod`,`MonCod`,`EstRegCod`) VALUES ('001-000020','001-000002','001-000032','10',006,'2','2016-10-09','2016-10-09',43919.69,07,36907.30,19,'Ninguna',02,02,02,01,'A');
INSERT INTO `en_p1m_factura_venta_cab` (`FacVenCabCod`,`GuiRemRemNum`,`GuiRemTraNum`,`CliCod`,`CatRutCod`,`UsuCod`,`FacVenCabFecEmi`,`FacVenCabFecVen`,`FacVenCabTot`,`TipDesCod`,`FacVenCabSubTot`,`FacVenCabIGV`,`FacVenCabObs`,`EstFacCod`,`MetPagCod`,`TipPagCod`,`MonCod`,`EstRegCod`) VALUES ('001-000021','001-000023','001-000032','1',004,'2','2016-10-09','2016-10-09',45460.26,07,38201.90,19,'Ninguna',01,01,01,01,'A');
INSERT INTO `en_p1m_factura_venta_cab` (`FacVenCabCod`,`GuiRemRemNum`,`GuiRemTraNum`,`CliCod`,`CatRutCod`,`UsuCod`,`FacVenCabFecEmi`,`FacVenCabFecVen`,`FacVenCabTot`,`TipDesCod`,`FacVenCabSubTot`,`FacVenCabIGV`,`FacVenCabObs`,`EstFacCod`,`MetPagCod`,`TipPagCod`,`MonCod`,`EstRegCod`) VALUES ('001-000022','001-000014','001-000001','2',008,'2','2016-10-09','2016-10-09',38065.12,07,31987.50,19,'Ninguna',01,01,01,01,'A');
INSERT INTO `en_p1m_factura_venta_cab` (`FacVenCabCod`,`GuiRemRemNum`,`GuiRemTraNum`,`CliCod`,`CatRutCod`,`UsuCod`,`FacVenCabFecEmi`,`FacVenCabFecVen`,`FacVenCabTot`,`TipDesCod`,`FacVenCabSubTot`,`FacVenCabIGV`,`FacVenCabObs`,`EstFacCod`,`MetPagCod`,`TipPagCod`,`MonCod`,`EstRegCod`) VALUES ('001-000023','001-000025','001-000002','3',008,'2','2016-10-09','2016-10-09',44133.29,07,37086.80,19,'Ninguna',01,01,01,01,'A');
INSERT INTO `en_p1m_factura_venta_cab` (`FacVenCabCod`,`GuiRemRemNum`,`GuiRemTraNum`,`CliCod`,`CatRutCod`,`UsuCod`,`FacVenCabFecEmi`,`FacVenCabFecVen`,`FacVenCabTot`,`TipDesCod`,`FacVenCabSubTot`,`FacVenCabIGV`,`FacVenCabObs`,`EstFacCod`,`MetPagCod`,`TipPagCod`,`MonCod`,`EstRegCod`) VALUES ('001-000024','001-000023','001-000002','4',004,'2','2016-10-09','2016-10-09',47834.91,07,40197.40,19,'Ninguna',01,01,01,01,'A');
INSERT INTO `en_p1m_factura_venta_cab` (`FacVenCabCod`,`GuiRemRemNum`,`GuiRemTraNum`,`CliCod`,`CatRutCod`,`UsuCod`,`FacVenCabFecEmi`,`FacVenCabFecVen`,`FacVenCabTot`,`TipDesCod`,`FacVenCabSubTot`,`FacVenCabIGV`,`FacVenCabObs`,`EstFacCod`,`MetPagCod`,`TipPagCod`,`MonCod`,`EstRegCod`) VALUES ('001-000025','001-000016','001-000002','5',005,'2','2016-10-09','2016-10-09',50740.77,07,42639.30,19,'Ninguna',01,01,01,01,'A');
INSERT INTO `en_p1m_factura_venta_cab` (`FacVenCabCod`,`GuiRemRemNum`,`GuiRemTraNum`,`CliCod`,`CatRutCod`,`UsuCod`,`FacVenCabFecEmi`,`FacVenCabFecVen`,`FacVenCabTot`,`TipDesCod`,`FacVenCabSubTot`,`FacVenCabIGV`,`FacVenCabObs`,`EstFacCod`,`MetPagCod`,`TipPagCod`,`MonCod`,`EstRegCod`) VALUES ('001-000026','001-000022','001-000003','6',004,'2','2016-10-09','2016-10-09',47219.79,07,39680.50,19,'Ninguna',01,01,01,01,'A');
INSERT INTO `en_p1m_factura_venta_cab` (`FacVenCabCod`,`GuiRemRemNum`,`GuiRemTraNum`,`CliCod`,`CatRutCod`,`UsuCod`,`FacVenCabFecEmi`,`FacVenCabFecVen`,`FacVenCabTot`,`TipDesCod`,`FacVenCabSubTot`,`FacVenCabIGV`,`FacVenCabObs`,`EstFacCod`,`MetPagCod`,`TipPagCod`,`MonCod`,`EstRegCod`) VALUES ('001-000027','001-000019','001-000004','7',008,'2','2016-10-09','2016-10-09',48398.49,07,40671.00,19,'Ninguna',01,01,01,01,'A');
INSERT INTO `en_p1m_factura_venta_cab` (`FacVenCabCod`,`GuiRemRemNum`,`GuiRemTraNum`,`CliCod`,`CatRutCod`,`UsuCod`,`FacVenCabFecEmi`,`FacVenCabFecVen`,`FacVenCabTot`,`TipDesCod`,`FacVenCabSubTot`,`FacVenCabIGV`,`FacVenCabObs`,`EstFacCod`,`MetPagCod`,`TipPagCod`,`MonCod`,`EstRegCod`) VALUES ('001-000028','001-000028','001-000005','8',007,'2','2016-10-09','2016-10-09',45894.61,07,38566.90,19,'Ninguna',02,02,02,01,'A');
INSERT INTO `en_p1m_factura_venta_cab` (`FacVenCabCod`,`GuiRemRemNum`,`GuiRemTraNum`,`CliCod`,`CatRutCod`,`UsuCod`,`FacVenCabFecEmi`,`FacVenCabFecVen`,`FacVenCabTot`,`TipDesCod`,`FacVenCabSubTot`,`FacVenCabIGV`,`FacVenCabObs`,`EstFacCod`,`MetPagCod`,`TipPagCod`,`MonCod`,`EstRegCod`) VALUES ('001-000029','001-000026','001-000004','9',007,'2','2016-10-09','2016-10-09',47121.86,07,39598.20,19,'Ninguna',02,02,02,01,'A');
INSERT INTO `en_p1m_factura_venta_cab` (`FacVenCabCod`,`GuiRemRemNum`,`GuiRemTraNum`,`CliCod`,`CatRutCod`,`UsuCod`,`FacVenCabFecEmi`,`FacVenCabFecVen`,`FacVenCabTot`,`TipDesCod`,`FacVenCabSubTot`,`FacVenCabIGV`,`FacVenCabObs`,`EstFacCod`,`MetPagCod`,`TipPagCod`,`MonCod`,`EstRegCod`) VALUES ('001-000030','001-000021','001-000008','10',006,'2','2016-10-09','2016-10-09',38692.14,07,32514.40,19,'Ninguna',02,02,02,01,'A');
INSERT INTO `en_p1m_factura_venta_cab` (`FacVenCabCod`,`GuiRemRemNum`,`GuiRemTraNum`,`CliCod`,`CatRutCod`,`UsuCod`,`FacVenCabFecEmi`,`FacVenCabFecVen`,`FacVenCabTot`,`TipDesCod`,`FacVenCabSubTot`,`FacVenCabIGV`,`FacVenCabObs`,`EstFacCod`,`MetPagCod`,`TipPagCod`,`MonCod`,`EstRegCod`) VALUES ('001-000031','001-000030','001-000010','1',005,'2','2016-10-09','2016-10-09',41164.12,07,34591.70,19,'Ninguna',01,01,01,01,'A');
INSERT INTO `en_p1m_factura_venta_cab` (`FacVenCabCod`,`GuiRemRemNum`,`GuiRemTraNum`,`CliCod`,`CatRutCod`,`UsuCod`,`FacVenCabFecEmi`,`FacVenCabFecVen`,`FacVenCabTot`,`TipDesCod`,`FacVenCabSubTot`,`FacVenCabIGV`,`FacVenCabObs`,`EstFacCod`,`MetPagCod`,`TipPagCod`,`MonCod`,`EstRegCod`) VALUES ('001-000032','001-000027','001-000020','2',005,'2','2016-10-09','2016-10-09',48740.61,07,40958.50,19,'Ninguna',01,01,01,01,'A');
INSERT INTO `en_p1m_factura_venta_cab` (`FacVenCabCod`,`GuiRemRemNum`,`GuiRemTraNum`,`CliCod`,`CatRutCod`,`UsuCod`,`FacVenCabFecEmi`,`FacVenCabFecVen`,`FacVenCabTot`,`TipDesCod`,`FacVenCabSubTot`,`FacVenCabIGV`,`FacVenCabObs`,`EstFacCod`,`MetPagCod`,`TipPagCod`,`MonCod`,`EstRegCod`) VALUES ('001-000033','001-000032','001-000030','3',001,'2','2016-10-09','2016-10-09',40962.42,07,34422.20,19,'Ninguna',01,01,01,01,'A');
INSERT INTO `en_p1m_factura_venta_cab` (`FacVenCabCod`,`GuiRemRemNum`,`GuiRemTraNum`,`CliCod`,`CatRutCod`,`UsuCod`,`FacVenCabFecEmi`,`FacVenCabFecVen`,`FacVenCabTot`,`TipDesCod`,`FacVenCabSubTot`,`FacVenCabIGV`,`FacVenCabObs`,`EstFacCod`,`MetPagCod`,`TipPagCod`,`MonCod`,`EstRegCod`) VALUES ('001-000034','001-000029','001-000043','4',005,'2','2016-10-09','2016-10-09',48705.03,07,40928.60,19,'Ninguna',01,01,01,01,'A');
INSERT INTO `en_p1m_factura_venta_cab` (`FacVenCabCod`,`GuiRemRemNum`,`GuiRemTraNum`,`CliCod`,`CatRutCod`,`UsuCod`,`FacVenCabFecEmi`,`FacVenCabFecVen`,`FacVenCabTot`,`TipDesCod`,`FacVenCabSubTot`,`FacVenCabIGV`,`FacVenCabObs`,`EstFacCod`,`MetPagCod`,`TipPagCod`,`MonCod`,`EstRegCod`) VALUES ('001-000035','001-000033','001-000023','5',001,'2','2016-10-09','2016-10-09',43454.04,07,36516.00,19,'Ninguna',01,01,01,01,'A');
INSERT INTO `en_p1m_factura_venta_cab` (`FacVenCabCod`,`GuiRemRemNum`,`GuiRemTraNum`,`CliCod`,`CatRutCod`,`UsuCod`,`FacVenCabFecEmi`,`FacVenCabFecVen`,`FacVenCabTot`,`TipDesCod`,`FacVenCabSubTot`,`FacVenCabIGV`,`FacVenCabObs`,`EstFacCod`,`MetPagCod`,`TipPagCod`,`MonCod`,`EstRegCod`) VALUES ('001-000036','001-000031','001-000032','6',004,'2','2016-10-09','2016-10-09',48567.23,07,40812.80,19,'Ninguna',01,01,01,01,'A');
INSERT INTO `en_p1m_factura_venta_cab` (`FacVenCabCod`,`GuiRemRemNum`,`GuiRemTraNum`,`CliCod`,`CatRutCod`,`UsuCod`,`FacVenCabFecEmi`,`FacVenCabFecVen`,`FacVenCabTot`,`TipDesCod`,`FacVenCabSubTot`,`FacVenCabIGV`,`FacVenCabObs`,`EstFacCod`,`MetPagCod`,`TipPagCod`,`MonCod`,`EstRegCod`) VALUES ('001-000037','001-000038','001-000025','7',005,'2','2016-10-09','2016-10-09',40550.20,07,34075.80,19,'Ninguna',01,01,01,01,'A');
INSERT INTO `en_p1m_factura_venta_cab` (`FacVenCabCod`,`GuiRemRemNum`,`GuiRemTraNum`,`CliCod`,`CatRutCod`,`UsuCod`,`FacVenCabFecEmi`,`FacVenCabFecVen`,`FacVenCabTot`,`TipDesCod`,`FacVenCabSubTot`,`FacVenCabIGV`,`FacVenCabObs`,`EstFacCod`,`MetPagCod`,`TipPagCod`,`MonCod`,`EstRegCod`) VALUES ('001-000038','001-000035','001-000027','8',002,'2','2016-10-09','2016-10-09',46371.21,07,38967.40,19,'Ninguna',02,02,02,01,'A');
INSERT INTO `en_p1m_factura_venta_cab` (`FacVenCabCod`,`GuiRemRemNum`,`GuiRemTraNum`,`CliCod`,`CatRutCod`,`UsuCod`,`FacVenCabFecEmi`,`FacVenCabFecVen`,`FacVenCabTot`,`TipDesCod`,`FacVenCabSubTot`,`FacVenCabIGV`,`FacVenCabObs`,`EstFacCod`,`MetPagCod`,`TipPagCod`,`MonCod`,`EstRegCod`) VALUES ('001-000039','001-000040','001-000027','9',003,'2','2016-10-09','2016-10-09',49778.06,07,41830.30,19,'Ninguna',02,02,02,01,'A');
INSERT INTO `en_p1m_factura_venta_cab` (`FacVenCabCod`,`GuiRemRemNum`,`GuiRemTraNum`,`CliCod`,`CatRutCod`,`UsuCod`,`FacVenCabFecEmi`,`FacVenCabFecVen`,`FacVenCabTot`,`TipDesCod`,`FacVenCabSubTot`,`FacVenCabIGV`,`FacVenCabObs`,`EstFacCod`,`MetPagCod`,`TipPagCod`,`MonCod`,`EstRegCod`) VALUES ('001-000040','001-000034','001-000028','10',006,'2','2016-10-09','2016-10-09',44889.89,07,37722.60,19,'Ninguna',02,02,02,01,'A');
INSERT INTO `en_p1m_factura_venta_cab` (`FacVenCabCod`,`GuiRemRemNum`,`GuiRemTraNum`,`CliCod`,`CatRutCod`,`UsuCod`,`FacVenCabFecEmi`,`FacVenCabFecVen`,`FacVenCabTot`,`TipDesCod`,`FacVenCabSubTot`,`FacVenCabIGV`,`FacVenCabObs`,`EstFacCod`,`MetPagCod`,`TipPagCod`,`MonCod`,`EstRegCod`) VALUES ('001-000041','001-000037','001-000029','1',006,'2','2016-10-09','2016-10-09',40806.89,07,34291.50,19,'Ninguna',01,01,01,01,'A');
INSERT INTO `en_p1m_factura_venta_cab` (`FacVenCabCod`,`GuiRemRemNum`,`GuiRemTraNum`,`CliCod`,`CatRutCod`,`UsuCod`,`FacVenCabFecEmi`,`FacVenCabFecVen`,`FacVenCabTot`,`TipDesCod`,`FacVenCabSubTot`,`FacVenCabIGV`,`FacVenCabObs`,`EstFacCod`,`MetPagCod`,`TipPagCod`,`MonCod`,`EstRegCod`) VALUES ('001-000042','001-000039','001-000015','2',009,'2','2016-10-09','2016-10-09',46103.57,07,38742.50,19,'Ninguna',01,01,01,01,'A');
INSERT INTO `en_p1m_factura_venta_cab` (`FacVenCabCod`,`GuiRemRemNum`,`GuiRemTraNum`,`CliCod`,`CatRutCod`,`UsuCod`,`FacVenCabFecEmi`,`FacVenCabFecVen`,`FacVenCabTot`,`TipDesCod`,`FacVenCabSubTot`,`FacVenCabIGV`,`FacVenCabObs`,`EstFacCod`,`MetPagCod`,`TipPagCod`,`MonCod`,`EstRegCod`) VALUES ('001-000043','001-000036','001-000017','3',009,'2','2016-10-09','2016-10-09',44735.55,07,37592.90,19,'Ninguna',01,01,01,01,'A');
INSERT INTO `en_p1m_factura_venta_cab` (`FacVenCabCod`,`GuiRemRemNum`,`GuiRemTraNum`,`CliCod`,`CatRutCod`,`UsuCod`,`FacVenCabFecEmi`,`FacVenCabFecVen`,`FacVenCabTot`,`TipDesCod`,`FacVenCabSubTot`,`FacVenCabIGV`,`FacVenCabObs`,`EstFacCod`,`MetPagCod`,`TipPagCod`,`MonCod`,`EstRegCod`) VALUES ('001-000044','001-000044','001-000017','4',006,'2','2016-10-09','2016-10-09',39011.65,07,32782.90,19,'Ninguna',01,01,01,01,'A');
INSERT INTO `en_p1m_factura_venta_cab` (`FacVenCabCod`,`GuiRemRemNum`,`GuiRemTraNum`,`CliCod`,`CatRutCod`,`UsuCod`,`FacVenCabFecEmi`,`FacVenCabFecVen`,`FacVenCabTot`,`TipDesCod`,`FacVenCabSubTot`,`FacVenCabIGV`,`FacVenCabObs`,`EstFacCod`,`MetPagCod`,`TipPagCod`,`MonCod`,`EstRegCod`) VALUES ('001-000045','001-000041','001-000017','5',004,'2','2016-10-09','2016-10-09',40266.51,07,33837.40,19,'Ninguna',01,01,01,01,'A');
INSERT INTO `en_p1m_factura_venta_cab` (`FacVenCabCod`,`GuiRemRemNum`,`GuiRemTraNum`,`CliCod`,`CatRutCod`,`UsuCod`,`FacVenCabFecEmi`,`FacVenCabFecVen`,`FacVenCabTot`,`TipDesCod`,`FacVenCabSubTot`,`FacVenCabIGV`,`FacVenCabObs`,`EstFacCod`,`MetPagCod`,`TipPagCod`,`MonCod`,`EstRegCod`) VALUES ('001-000046','001-000036','001-000016','6',003,'2','2016-10-09','2016-10-09',40096.93,07,33694.90,19,'Ninguna',01,01,01,01,'A');
INSERT INTO `en_p1m_factura_venta_cab` (`FacVenCabCod`,`GuiRemRemNum`,`GuiRemTraNum`,`CliCod`,`CatRutCod`,`UsuCod`,`FacVenCabFecEmi`,`FacVenCabFecVen`,`FacVenCabTot`,`TipDesCod`,`FacVenCabSubTot`,`FacVenCabIGV`,`FacVenCabObs`,`EstFacCod`,`MetPagCod`,`TipPagCod`,`MonCod`,`EstRegCod`) VALUES ('001-000047','001-000045','001-000018','7',001,'2','2016-10-09','2016-10-09',45574.14,07,38297.60,19,'Ninguna',01,01,01,01,'A');
INSERT INTO `en_p1m_factura_venta_cab` (`FacVenCabCod`,`GuiRemRemNum`,`GuiRemTraNum`,`CliCod`,`CatRutCod`,`UsuCod`,`FacVenCabFecEmi`,`FacVenCabFecVen`,`FacVenCabTot`,`TipDesCod`,`FacVenCabSubTot`,`FacVenCabIGV`,`FacVenCabObs`,`EstFacCod`,`MetPagCod`,`TipPagCod`,`MonCod`,`EstRegCod`) VALUES ('001-000048','001-000042','001-000018','8',002,'2','2016-10-09','2016-10-09',41409.26,07,34797.70,19,'Ninguna',02,02,02,01,'A');
INSERT INTO `en_p1m_factura_venta_cab` (`FacVenCabCod`,`GuiRemRemNum`,`GuiRemTraNum`,`CliCod`,`CatRutCod`,`UsuCod`,`FacVenCabFecEmi`,`FacVenCabFecVen`,`FacVenCabTot`,`TipDesCod`,`FacVenCabSubTot`,`FacVenCabIGV`,`FacVenCabObs`,`EstFacCod`,`MetPagCod`,`TipPagCod`,`MonCod`,`EstRegCod`) VALUES ('001-000049','001-000049','001-000013','9',001,'2','2016-10-09','2016-10-09',53526.56,07,44980.30,19,'Ninguna',02,02,02,01,'A');
INSERT INTO `en_p1m_factura_venta_cab` (`FacVenCabCod`,`GuiRemRemNum`,`GuiRemTraNum`,`CliCod`,`CatRutCod`,`UsuCod`,`FacVenCabFecEmi`,`FacVenCabFecVen`,`FacVenCabTot`,`TipDesCod`,`FacVenCabSubTot`,`FacVenCabIGV`,`FacVenCabObs`,`EstFacCod`,`MetPagCod`,`TipPagCod`,`MonCod`,`EstRegCod`) VALUES ('001-000050','001-000043','001-000015','10',003,'2','2016-10-09','2016-10-09',49956.68,07,41980.40,19,'Ninguna',02,02,02,01,'A');
INSERT INTO `en_p1m_factura_venta_cab` (`FacVenCabCod`,`GuiRemRemNum`,`GuiRemTraNum`,`CliCod`,`CatRutCod`,`UsuCod`,`FacVenCabFecEmi`,`FacVenCabFecVen`,`FacVenCabTot`,`TipDesCod`,`FacVenCabSubTot`,`FacVenCabIGV`,`FacVenCabObs`,`EstFacCod`,`MetPagCod`,`TipPagCod`,`MonCod`,`EstRegCod`) VALUES ('001-000051','001-000047','001-000014','1',003,'2','2016-10-09','2016-10-09',43373.71,07,36448.50,19,'Ninguna',01,01,01,01,'A');
INSERT INTO `en_p1m_factura_venta_cab` (`FacVenCabCod`,`GuiRemRemNum`,`GuiRemTraNum`,`CliCod`,`CatRutCod`,`UsuCod`,`FacVenCabFecEmi`,`FacVenCabFecVen`,`FacVenCabTot`,`TipDesCod`,`FacVenCabSubTot`,`FacVenCabIGV`,`FacVenCabObs`,`EstFacCod`,`MetPagCod`,`TipPagCod`,`MonCod`,`EstRegCod`) VALUES ('001-000052','001-000046','001-000016','2',007,'2','2016-10-09','2016-10-09',51060.04,07,42907.60,19,'Ninguna',01,01,01,01,'A');
INSERT INTO `en_p1m_factura_venta_cab` (`FacVenCabCod`,`GuiRemRemNum`,`GuiRemTraNum`,`CliCod`,`CatRutCod`,`UsuCod`,`FacVenCabFecEmi`,`FacVenCabFecVen`,`FacVenCabTot`,`TipDesCod`,`FacVenCabSubTot`,`FacVenCabIGV`,`FacVenCabObs`,`EstFacCod`,`MetPagCod`,`TipPagCod`,`MonCod`,`EstRegCod`) VALUES ('001-000053','001-000051','001-000016','3',007,'2','2016-10-09','2016-10-09',46406.67,07,38997.20,19,'Ninguna',01,01,01,01,'A');
INSERT INTO `en_p1m_factura_venta_cab` (`FacVenCabCod`,`GuiRemRemNum`,`GuiRemTraNum`,`CliCod`,`CatRutCod`,`UsuCod`,`FacVenCabFecEmi`,`FacVenCabFecVen`,`FacVenCabTot`,`TipDesCod`,`FacVenCabSubTot`,`FacVenCabIGV`,`FacVenCabObs`,`EstFacCod`,`MetPagCod`,`TipPagCod`,`MonCod`,`EstRegCod`) VALUES ('001-000054','001-000050','001-000016','4',008,'2','2016-10-09','2016-10-09',42115.41,07,35391.10,19,'Ninguna',01,01,01,01,'A');
INSERT INTO `en_p1m_factura_venta_cab` (`FacVenCabCod`,`GuiRemRemNum`,`GuiRemTraNum`,`CliCod`,`CatRutCod`,`UsuCod`,`FacVenCabFecEmi`,`FacVenCabFecVen`,`FacVenCabTot`,`TipDesCod`,`FacVenCabSubTot`,`FacVenCabIGV`,`FacVenCabObs`,`EstFacCod`,`MetPagCod`,`TipPagCod`,`MonCod`,`EstRegCod`) VALUES ('001-000055','001-000048','001-000013','5',005,'2','2016-10-09','2016-10-09',36010.11,07,30260.60,19,'Ninguna',01,01,01,01,'A');
INSERT INTO `en_p1m_factura_venta_cab` (`FacVenCabCod`,`GuiRemRemNum`,`GuiRemTraNum`,`CliCod`,`CatRutCod`,`UsuCod`,`FacVenCabFecEmi`,`FacVenCabFecVen`,`FacVenCabTot`,`TipDesCod`,`FacVenCabSubTot`,`FacVenCabIGV`,`FacVenCabObs`,`EstFacCod`,`MetPagCod`,`TipPagCod`,`MonCod`,`EstRegCod`) VALUES ('001-000056','001-000021','001-000016','6',003,'2','2016-10-09','2016-10-09',41768.88,07,35099.90,19,'Ninguna',01,01,01,01,'A');
INSERT INTO `en_p1m_factura_venta_cab` (`FacVenCabCod`,`GuiRemRemNum`,`GuiRemTraNum`,`CliCod`,`CatRutCod`,`UsuCod`,`FacVenCabFecEmi`,`FacVenCabFecVen`,`FacVenCabTot`,`TipDesCod`,`FacVenCabSubTot`,`FacVenCabIGV`,`FacVenCabObs`,`EstFacCod`,`MetPagCod`,`TipPagCod`,`MonCod`,`EstRegCod`) VALUES ('001-000057','001-000032','001-000017','7',003,'2','2016-10-09','2016-10-09',47427.21,07,39854.80,19,'Ninguna',01,01,01,01,'A');
INSERT INTO `en_p1m_factura_venta_cab` (`FacVenCabCod`,`GuiRemRemNum`,`GuiRemTraNum`,`CliCod`,`CatRutCod`,`UsuCod`,`FacVenCabFecEmi`,`FacVenCabFecVen`,`FacVenCabTot`,`TipDesCod`,`FacVenCabSubTot`,`FacVenCabIGV`,`FacVenCabObs`,`EstFacCod`,`MetPagCod`,`TipPagCod`,`MonCod`,`EstRegCod`) VALUES ('001-000058','001-000033','001-000017','8',005,'2','2016-10-09','2016-10-09',51000.07,07,42857.20,19,'Ninguna',02,02,02,01,'A');
INSERT INTO `en_p1m_factura_venta_cab` (`FacVenCabCod`,`GuiRemRemNum`,`GuiRemTraNum`,`CliCod`,`CatRutCod`,`UsuCod`,`FacVenCabFecEmi`,`FacVenCabFecVen`,`FacVenCabTot`,`TipDesCod`,`FacVenCabSubTot`,`FacVenCabIGV`,`FacVenCabObs`,`EstFacCod`,`MetPagCod`,`TipPagCod`,`MonCod`,`EstRegCod`) VALUES ('001-000059','001-000038','001-000018','9',007,'2','2016-10-09','2016-10-09',46413.69,07,39003.10,19,'Ninguna',02,02,02,01,'A');
INSERT INTO `en_p1m_factura_venta_cab` (`FacVenCabCod`,`GuiRemRemNum`,`GuiRemTraNum`,`CliCod`,`CatRutCod`,`UsuCod`,`FacVenCabFecEmi`,`FacVenCabFecVen`,`FacVenCabTot`,`TipDesCod`,`FacVenCabSubTot`,`FacVenCabIGV`,`FacVenCabObs`,`EstFacCod`,`MetPagCod`,`TipPagCod`,`MonCod`,`EstRegCod`) VALUES ('001-000060','001-000045','001-000013','10',003,'2','2016-10-09','2016-10-09',42928.77,07,36074.60,19,'Ninguna',02,02,02,01,'A');
INSERT INTO `en_p1m_factura_venta_cab` (`FacVenCabCod`,`GuiRemRemNum`,`GuiRemTraNum`,`CliCod`,`CatRutCod`,`UsuCod`,`FacVenCabFecEmi`,`FacVenCabFecVen`,`FacVenCabTot`,`TipDesCod`,`FacVenCabSubTot`,`FacVenCabIGV`,`FacVenCabObs`,`EstFacCod`,`MetPagCod`,`TipPagCod`,`MonCod`,`EstRegCod`) VALUES ('001-000061','001-000039','001-000014','1',002,'2','2016-10-09','2016-10-09',43436.31,07,36501.10,19,'Ninguna',01,01,01,01,'A');
INSERT INTO `en_p1m_factura_venta_cab` (`FacVenCabCod`,`GuiRemRemNum`,`GuiRemTraNum`,`CliCod`,`CatRutCod`,`UsuCod`,`FacVenCabFecEmi`,`FacVenCabFecVen`,`FacVenCabTot`,`TipDesCod`,`FacVenCabSubTot`,`FacVenCabIGV`,`FacVenCabObs`,`EstFacCod`,`MetPagCod`,`TipPagCod`,`MonCod`,`EstRegCod`) VALUES ('001-000062','001-000037','001-000014','2',006,'2','2016-10-09','2016-10-09',43564.59,07,36608.90,19,'Ninguna',01,01,01,01,'A');
INSERT INTO `en_p1m_factura_venta_cab` (`FacVenCabCod`,`GuiRemRemNum`,`GuiRemTraNum`,`CliCod`,`CatRutCod`,`UsuCod`,`FacVenCabFecEmi`,`FacVenCabFecVen`,`FacVenCabTot`,`TipDesCod`,`FacVenCabSubTot`,`FacVenCabIGV`,`FacVenCabObs`,`EstFacCod`,`MetPagCod`,`TipPagCod`,`MonCod`,`EstRegCod`) VALUES ('001-000063','001-000038','001-000014','3',007,'2','2016-10-09','2016-10-09',36704.24,07,30843.90,19,'Ninguna',01,01,01,01,'A');
INSERT INTO `en_p1m_factura_venta_cab` (`FacVenCabCod`,`GuiRemRemNum`,`GuiRemTraNum`,`CliCod`,`CatRutCod`,`UsuCod`,`FacVenCabFecEmi`,`FacVenCabFecVen`,`FacVenCabTot`,`TipDesCod`,`FacVenCabSubTot`,`FacVenCabIGV`,`FacVenCabObs`,`EstFacCod`,`MetPagCod`,`TipPagCod`,`MonCod`,`EstRegCod`) VALUES ('001-000064','001-000033','001-000015','4',002,'2','2016-10-09','2016-10-09',50225.85,07,42206.60,19,'Ninguna',01,01,01,01,'A');
INSERT INTO `en_p1m_factura_venta_cab` (`FacVenCabCod`,`GuiRemRemNum`,`GuiRemTraNum`,`CliCod`,`CatRutCod`,`UsuCod`,`FacVenCabFecEmi`,`FacVenCabFecVen`,`FacVenCabTot`,`TipDesCod`,`FacVenCabSubTot`,`FacVenCabIGV`,`FacVenCabObs`,`EstFacCod`,`MetPagCod`,`TipPagCod`,`MonCod`,`EstRegCod`) VALUES ('001-000065','001-000031','001-000013','5',004,'2','2016-10-09','2016-10-09',39878.92,07,33511.70,19,'Ninguna',01,01,01,01,'A');
INSERT INTO `en_p1m_factura_venta_cab` (`FacVenCabCod`,`GuiRemRemNum`,`GuiRemTraNum`,`CliCod`,`CatRutCod`,`UsuCod`,`FacVenCabFecEmi`,`FacVenCabFecVen`,`FacVenCabTot`,`TipDesCod`,`FacVenCabSubTot`,`FacVenCabIGV`,`FacVenCabObs`,`EstFacCod`,`MetPagCod`,`TipPagCod`,`MonCod`,`EstRegCod`) VALUES ('001-000066','001-000032','001-000011','6',007,'2','2016-10-09','2016-10-09',42469.91,07,35689.00,19,'Ninguna',01,01,01,01,'A');
INSERT INTO `en_p1m_factura_venta_cab` (`FacVenCabCod`,`GuiRemRemNum`,`GuiRemTraNum`,`CliCod`,`CatRutCod`,`UsuCod`,`FacVenCabFecEmi`,`FacVenCabFecVen`,`FacVenCabTot`,`TipDesCod`,`FacVenCabSubTot`,`FacVenCabIGV`,`FacVenCabObs`,`EstFacCod`,`MetPagCod`,`TipPagCod`,`MonCod`,`EstRegCod`) VALUES ('001-000067','001-000001','001-000011','7',005,'2','2016-10-09','2016-10-09',39404.95,07,33113.40,19,'Ninguna',01,01,01,01,'A');
INSERT INTO `en_p1m_factura_venta_cab` (`FacVenCabCod`,`GuiRemRemNum`,`GuiRemTraNum`,`CliCod`,`CatRutCod`,`UsuCod`,`FacVenCabFecEmi`,`FacVenCabFecVen`,`FacVenCabTot`,`TipDesCod`,`FacVenCabSubTot`,`FacVenCabIGV`,`FacVenCabObs`,`EstFacCod`,`MetPagCod`,`TipPagCod`,`MonCod`,`EstRegCod`) VALUES ('001-000068','001-000011','001-000017','8',004,'2','2016-10-09','2016-10-09',43603.74,07,36641.80,19,'Ninguna',02,02,02,01,'A');
INSERT INTO `en_p1m_factura_venta_cab` (`FacVenCabCod`,`GuiRemRemNum`,`GuiRemTraNum`,`CliCod`,`CatRutCod`,`UsuCod`,`FacVenCabFecEmi`,`FacVenCabFecVen`,`FacVenCabTot`,`TipDesCod`,`FacVenCabSubTot`,`FacVenCabIGV`,`FacVenCabObs`,`EstFacCod`,`MetPagCod`,`TipPagCod`,`MonCod`,`EstRegCod`) VALUES ('001-000069','001-000012','001-000019','9',007,'2','2016-10-09','2016-10-09',40438.10,07,33981.60,19,'Ninguna',02,02,02,01,'A');
INSERT INTO `en_p1m_factura_venta_cab` (`FacVenCabCod`,`GuiRemRemNum`,`GuiRemTraNum`,`CliCod`,`CatRutCod`,`UsuCod`,`FacVenCabFecEmi`,`FacVenCabFecVen`,`FacVenCabTot`,`TipDesCod`,`FacVenCabSubTot`,`FacVenCabIGV`,`FacVenCabObs`,`EstFacCod`,`MetPagCod`,`TipPagCod`,`MonCod`,`EstRegCod`) VALUES ('001-000070','001-000012','001-000019','10',004,'2','2016-10-09','2016-10-09',47024.64,07,39516.50,19,'Ninguna',02,02,02,01,'A');
INSERT INTO `en_p1m_factura_venta_cab` (`FacVenCabCod`,`GuiRemRemNum`,`GuiRemTraNum`,`CliCod`,`CatRutCod`,`UsuCod`,`FacVenCabFecEmi`,`FacVenCabFecVen`,`FacVenCabTot`,`TipDesCod`,`FacVenCabSubTot`,`FacVenCabIGV`,`FacVenCabObs`,`EstFacCod`,`MetPagCod`,`TipPagCod`,`MonCod`,`EstRegCod`) VALUES ('001-000071','001-000046','001-000019','1',007,'2','2016-10-09','2016-10-09',42359.00,07,35595.80,19,'Ninguna',01,01,01,01,'A');
INSERT INTO `en_p1m_factura_venta_cab` (`FacVenCabCod`,`GuiRemRemNum`,`GuiRemTraNum`,`CliCod`,`CatRutCod`,`UsuCod`,`FacVenCabFecEmi`,`FacVenCabFecVen`,`FacVenCabTot`,`TipDesCod`,`FacVenCabSubTot`,`FacVenCabIGV`,`FacVenCabObs`,`EstFacCod`,`MetPagCod`,`TipPagCod`,`MonCod`,`EstRegCod`) VALUES ('001-000072','001-000047','001-000012','2',004,'2','2016-10-09','2016-10-09',48817.96,07,41023.50,19,'Ninguna',01,01,01,01,'A');
INSERT INTO `en_p1m_factura_venta_cab` (`FacVenCabCod`,`GuiRemRemNum`,`GuiRemTraNum`,`CliCod`,`CatRutCod`,`UsuCod`,`FacVenCabFecEmi`,`FacVenCabFecVen`,`FacVenCabTot`,`TipDesCod`,`FacVenCabSubTot`,`FacVenCabIGV`,`FacVenCabObs`,`EstFacCod`,`MetPagCod`,`TipPagCod`,`MonCod`,`EstRegCod`) VALUES ('001-000073','001-000021','001-000014','3',003,'2','2016-10-09','2016-10-09',43405.61,07,36475.30,19,'Ninguna',01,01,01,01,'A');
INSERT INTO `en_p1m_factura_venta_cab` (`FacVenCabCod`,`GuiRemRemNum`,`GuiRemTraNum`,`CliCod`,`CatRutCod`,`UsuCod`,`FacVenCabFecEmi`,`FacVenCabFecVen`,`FacVenCabTot`,`TipDesCod`,`FacVenCabSubTot`,`FacVenCabIGV`,`FacVenCabObs`,`EstFacCod`,`MetPagCod`,`TipPagCod`,`MonCod`,`EstRegCod`) VALUES ('001-000074','001-000041','001-000017','4',008,'2','2016-10-09','2016-10-09',41111.29,07,34547.30,19,'Ninguna',01,01,01,01,'A');
INSERT INTO `en_p1m_factura_venta_cab` (`FacVenCabCod`,`GuiRemRemNum`,`GuiRemTraNum`,`CliCod`,`CatRutCod`,`UsuCod`,`FacVenCabFecEmi`,`FacVenCabFecVen`,`FacVenCabTot`,`TipDesCod`,`FacVenCabSubTot`,`FacVenCabIGV`,`FacVenCabObs`,`EstFacCod`,`MetPagCod`,`TipPagCod`,`MonCod`,`EstRegCod`) VALUES ('001-000075','001-000035','001-000017','5',006,'2','2016-10-09','2016-10-09',35297.90,07,29662.10,19,'Ninguna',01,01,01,01,'A');
INSERT INTO `en_p1m_factura_venta_cab` (`FacVenCabCod`,`GuiRemRemNum`,`GuiRemTraNum`,`CliCod`,`CatRutCod`,`UsuCod`,`FacVenCabFecEmi`,`FacVenCabFecVen`,`FacVenCabTot`,`TipDesCod`,`FacVenCabSubTot`,`FacVenCabIGV`,`FacVenCabObs`,`EstFacCod`,`MetPagCod`,`TipPagCod`,`MonCod`,`EstRegCod`) VALUES ('001-000076','001-000034','001-000014','6',004,'2','2016-10-09','2016-10-09',42298.55,07,35545.00,19,'Ninguna',01,01,01,01,'A');
INSERT INTO `en_p1m_factura_venta_cab` (`FacVenCabCod`,`GuiRemRemNum`,`GuiRemTraNum`,`CliCod`,`CatRutCod`,`UsuCod`,`FacVenCabFecEmi`,`FacVenCabFecVen`,`FacVenCabTot`,`TipDesCod`,`FacVenCabSubTot`,`FacVenCabIGV`,`FacVenCabObs`,`EstFacCod`,`MetPagCod`,`TipPagCod`,`MonCod`,`EstRegCod`) VALUES ('001-000077','001-000032','001-000014','7',004,'2','2016-10-09','2016-10-09',45855.94,07,38534.40,19,'Ninguna',01,01,01,01,'A');
INSERT INTO `en_p1m_factura_venta_cab` (`FacVenCabCod`,`GuiRemRemNum`,`GuiRemTraNum`,`CliCod`,`CatRutCod`,`UsuCod`,`FacVenCabFecEmi`,`FacVenCabFecVen`,`FacVenCabTot`,`TipDesCod`,`FacVenCabSubTot`,`FacVenCabIGV`,`FacVenCabObs`,`EstFacCod`,`MetPagCod`,`TipPagCod`,`MonCod`,`EstRegCod`) VALUES ('001-000078','001-000031','001-000013','8',007,'2','2016-10-09','2016-10-09',44156.38,07,37106.20,19,'Ninguna',02,02,02,01,'A');
INSERT INTO `en_p1m_factura_venta_cab` (`FacVenCabCod`,`GuiRemRemNum`,`GuiRemTraNum`,`CliCod`,`CatRutCod`,`UsuCod`,`FacVenCabFecEmi`,`FacVenCabFecVen`,`FacVenCabTot`,`TipDesCod`,`FacVenCabSubTot`,`FacVenCabIGV`,`FacVenCabObs`,`EstFacCod`,`MetPagCod`,`TipPagCod`,`MonCod`,`EstRegCod`) VALUES ('001-000079','001-000023','001-000015','9',003,'2','2016-10-09','2016-10-09',40036.84,07,33644.40,19,'Ninguna',02,02,02,01,'A');
INSERT INTO `en_p1m_factura_venta_cab` (`FacVenCabCod`,`GuiRemRemNum`,`GuiRemTraNum`,`CliCod`,`CatRutCod`,`UsuCod`,`FacVenCabFecEmi`,`FacVenCabFecVen`,`FacVenCabTot`,`TipDesCod`,`FacVenCabSubTot`,`FacVenCabIGV`,`FacVenCabObs`,`EstFacCod`,`MetPagCod`,`TipPagCod`,`MonCod`,`EstRegCod`) VALUES ('001-000080','001-000016','001-000016','10',004,'2','2016-10-09','2016-10-09',36352.83,07,30548.60,19,'Ninguna',02,02,02,01,'A');
INSERT INTO `en_p1m_factura_venta_cab` (`FacVenCabCod`,`GuiRemRemNum`,`GuiRemTraNum`,`CliCod`,`CatRutCod`,`UsuCod`,`FacVenCabFecEmi`,`FacVenCabFecVen`,`FacVenCabTot`,`TipDesCod`,`FacVenCabSubTot`,`FacVenCabIGV`,`FacVenCabObs`,`EstFacCod`,`MetPagCod`,`TipPagCod`,`MonCod`,`EstRegCod`) VALUES ('001-000081','001-000015','001-000016','1',006,'2','2016-10-09','2016-10-09',50031.41,07,42043.20,19,'Ninguna',01,01,01,01,'A');
INSERT INTO `en_p1m_factura_venta_cab` (`FacVenCabCod`,`GuiRemRemNum`,`GuiRemTraNum`,`CliCod`,`CatRutCod`,`UsuCod`,`FacVenCabFecEmi`,`FacVenCabFecVen`,`FacVenCabTot`,`TipDesCod`,`FacVenCabSubTot`,`FacVenCabIGV`,`FacVenCabObs`,`EstFacCod`,`MetPagCod`,`TipPagCod`,`MonCod`,`EstRegCod`) VALUES ('001-000082','001-000013','001-000017','2',004,'2','2016-10-09','2016-10-09',47662.12,07,40052.20,19,'Ninguna',01,01,01,01,'A');
INSERT INTO `en_p1m_factura_venta_cab` (`FacVenCabCod`,`GuiRemRemNum`,`GuiRemTraNum`,`CliCod`,`CatRutCod`,`UsuCod`,`FacVenCabFecEmi`,`FacVenCabFecVen`,`FacVenCabTot`,`TipDesCod`,`FacVenCabSubTot`,`FacVenCabIGV`,`FacVenCabObs`,`EstFacCod`,`MetPagCod`,`TipPagCod`,`MonCod`,`EstRegCod`) VALUES ('001-000083','001-000012','001-000018','3',004,'2','2016-10-09','2016-10-09',43079.90,07,36201.60,19,'Ninguna',01,01,01,01,'A');
INSERT INTO `en_p1m_factura_venta_cab` (`FacVenCabCod`,`GuiRemRemNum`,`GuiRemTraNum`,`CliCod`,`CatRutCod`,`UsuCod`,`FacVenCabFecEmi`,`FacVenCabFecVen`,`FacVenCabTot`,`TipDesCod`,`FacVenCabSubTot`,`FacVenCabIGV`,`FacVenCabObs`,`EstFacCod`,`MetPagCod`,`TipPagCod`,`MonCod`,`EstRegCod`) VALUES ('001-000084','001-000011','001-000019','4',004,'2','2016-10-09','2016-10-09',41971.42,07,35270.10,19,'Ninguna',01,01,01,01,'A');
INSERT INTO `en_p1m_factura_venta_cab` (`FacVenCabCod`,`GuiRemRemNum`,`GuiRemTraNum`,`CliCod`,`CatRutCod`,`UsuCod`,`FacVenCabFecEmi`,`FacVenCabFecVen`,`FacVenCabTot`,`TipDesCod`,`FacVenCabSubTot`,`FacVenCabIGV`,`FacVenCabObs`,`EstFacCod`,`MetPagCod`,`TipPagCod`,`MonCod`,`EstRegCod`) VALUES ('001-000085','001-000032','001-000010','5',005,'2','2016-10-09','2016-10-09',40562.58,07,34086.20,19,'Ninguna',01,01,01,01,'A');
INSERT INTO `en_p1m_factura_venta_cab` (`FacVenCabCod`,`GuiRemRemNum`,`GuiRemTraNum`,`CliCod`,`CatRutCod`,`UsuCod`,`FacVenCabFecEmi`,`FacVenCabFecVen`,`FacVenCabTot`,`TipDesCod`,`FacVenCabSubTot`,`FacVenCabIGV`,`FacVenCabObs`,`EstFacCod`,`MetPagCod`,`TipPagCod`,`MonCod`,`EstRegCod`) VALUES ('001-000086','001-000021','001-000011','6',007,'2','2016-10-09','2016-10-09',43501.64,07,36556.00,19,'Ninguna',01,01,01,01,'A');
INSERT INTO `en_p1m_factura_venta_cab` (`FacVenCabCod`,`GuiRemRemNum`,`GuiRemTraNum`,`CliCod`,`CatRutCod`,`UsuCod`,`FacVenCabFecEmi`,`FacVenCabFecVen`,`FacVenCabTot`,`TipDesCod`,`FacVenCabSubTot`,`FacVenCabIGV`,`FacVenCabObs`,`EstFacCod`,`MetPagCod`,`TipPagCod`,`MonCod`,`EstRegCod`) VALUES ('001-000087','001-000034','001-000014','7',006,'2','2016-10-09','2016-10-09',48517.61,07,40771.10,19,'Ninguna',01,01,01,01,'A');
INSERT INTO `en_p1m_factura_venta_cab` (`FacVenCabCod`,`GuiRemRemNum`,`GuiRemTraNum`,`CliCod`,`CatRutCod`,`UsuCod`,`FacVenCabFecEmi`,`FacVenCabFecVen`,`FacVenCabTot`,`TipDesCod`,`FacVenCabSubTot`,`FacVenCabIGV`,`FacVenCabObs`,`EstFacCod`,`MetPagCod`,`TipPagCod`,`MonCod`,`EstRegCod`) VALUES ('001-000088','001-000012','001-000016','8',005,'2','2016-10-09','2016-10-09',43020.29,07,36151.50,19,'Ninguna',02,02,02,01,'A');
INSERT INTO `en_p1m_factura_venta_cab` (`FacVenCabCod`,`GuiRemRemNum`,`GuiRemTraNum`,`CliCod`,`CatRutCod`,`UsuCod`,`FacVenCabFecEmi`,`FacVenCabFecVen`,`FacVenCabTot`,`TipDesCod`,`FacVenCabSubTot`,`FacVenCabIGV`,`FacVenCabObs`,`EstFacCod`,`MetPagCod`,`TipPagCod`,`MonCod`,`EstRegCod`) VALUES ('001-000089','001-000011','001-000017','9',004,'2','2016-10-09','2016-10-09',51048.74,07,42898.10,19,'Ninguna',02,02,02,01,'A');
INSERT INTO `en_p1m_factura_venta_cab` (`FacVenCabCod`,`GuiRemRemNum`,`GuiRemTraNum`,`CliCod`,`CatRutCod`,`UsuCod`,`FacVenCabFecEmi`,`FacVenCabFecVen`,`FacVenCabTot`,`TipDesCod`,`FacVenCabSubTot`,`FacVenCabIGV`,`FacVenCabObs`,`EstFacCod`,`MetPagCod`,`TipPagCod`,`MonCod`,`EstRegCod`) VALUES ('001-000090','001-000048','001-000018','10',004,'2','2016-10-09','2016-10-09',43821.87,07,36825.10,19,'Ninguna',02,02,02,01,'A');
INSERT INTO `en_p1m_factura_venta_cab` (`FacVenCabCod`,`GuiRemRemNum`,`GuiRemTraNum`,`CliCod`,`CatRutCod`,`UsuCod`,`FacVenCabFecEmi`,`FacVenCabFecVen`,`FacVenCabTot`,`TipDesCod`,`FacVenCabSubTot`,`FacVenCabIGV`,`FacVenCabObs`,`EstFacCod`,`MetPagCod`,`TipPagCod`,`MonCod`,`EstRegCod`) VALUES ('001-000091','001-000021','001-000019','1',003,'2','2016-10-09','2016-10-09',43929.80,07,36915.80,19,'Ninguna',01,01,01,01,'A');
INSERT INTO `en_p1m_factura_venta_cab` (`FacVenCabCod`,`GuiRemRemNum`,`GuiRemTraNum`,`CliCod`,`CatRutCod`,`UsuCod`,`FacVenCabFecEmi`,`FacVenCabFecVen`,`FacVenCabTot`,`TipDesCod`,`FacVenCabSubTot`,`FacVenCabIGV`,`FacVenCabObs`,`EstFacCod`,`MetPagCod`,`TipPagCod`,`MonCod`,`EstRegCod`) VALUES ('001-000092','001-000011','001-000013','2',003,'2','2016-10-09','2016-10-09',47761.01,07,40135.30,19,'Ninguna',01,01,01,01,'A');
INSERT INTO `en_p1m_factura_venta_cab` (`FacVenCabCod`,`GuiRemRemNum`,`GuiRemTraNum`,`CliCod`,`CatRutCod`,`UsuCod`,`FacVenCabFecEmi`,`FacVenCabFecVen`,`FacVenCabTot`,`TipDesCod`,`FacVenCabSubTot`,`FacVenCabIGV`,`FacVenCabObs`,`EstFacCod`,`MetPagCod`,`TipPagCod`,`MonCod`,`EstRegCod`) VALUES ('001-000093','001-000021','001-000015','3',007,'2','2016-10-09','2016-10-09',47421.62,07,39850.10,19,'Ninguna',01,01,01,01,'A');
INSERT INTO `en_p1m_factura_venta_cab` (`FacVenCabCod`,`GuiRemRemNum`,`GuiRemTraNum`,`CliCod`,`CatRutCod`,`UsuCod`,`FacVenCabFecEmi`,`FacVenCabFecVen`,`FacVenCabTot`,`TipDesCod`,`FacVenCabSubTot`,`FacVenCabIGV`,`FacVenCabObs`,`EstFacCod`,`MetPagCod`,`TipPagCod`,`MonCod`,`EstRegCod`) VALUES ('001-000094','001-000022','001-000016','4',008,'2','2016-10-09','2016-10-09',45731.22,07,38429.60,19,'Ninguna',01,01,01,01,'A');
INSERT INTO `en_p1m_factura_venta_cab` (`FacVenCabCod`,`GuiRemRemNum`,`GuiRemTraNum`,`CliCod`,`CatRutCod`,`UsuCod`,`FacVenCabFecEmi`,`FacVenCabFecVen`,`FacVenCabTot`,`TipDesCod`,`FacVenCabSubTot`,`FacVenCabIGV`,`FacVenCabObs`,`EstFacCod`,`MetPagCod`,`TipPagCod`,`MonCod`,`EstRegCod`) VALUES ('001-000095','001-000013','001-000017','5',009,'2','2016-10-09','2016-10-09',49134.98,07,41289.90,19,'Ninguna',01,01,01,01,'A');
INSERT INTO `en_p1m_factura_venta_cab` (`FacVenCabCod`,`GuiRemRemNum`,`GuiRemTraNum`,`CliCod`,`CatRutCod`,`UsuCod`,`FacVenCabFecEmi`,`FacVenCabFecVen`,`FacVenCabTot`,`TipDesCod`,`FacVenCabSubTot`,`FacVenCabIGV`,`FacVenCabObs`,`EstFacCod`,`MetPagCod`,`TipPagCod`,`MonCod`,`EstRegCod`) VALUES ('001-000096','001-000031','001-000018','6',001,'2','2016-10-09','2016-10-09',35408.93,07,29755.40,19,'Ninguna',01,01,01,01,'A');
INSERT INTO `en_p1m_factura_venta_cab` (`FacVenCabCod`,`GuiRemRemNum`,`GuiRemTraNum`,`CliCod`,`CatRutCod`,`UsuCod`,`FacVenCabFecEmi`,`FacVenCabFecVen`,`FacVenCabTot`,`TipDesCod`,`FacVenCabSubTot`,`FacVenCabIGV`,`FacVenCabObs`,`EstFacCod`,`MetPagCod`,`TipPagCod`,`MonCod`,`EstRegCod`) VALUES ('001-000097','001-000024','001-000012','7',002,'2','2016-10-09','2016-10-09',45121.82,07,37917.50,19,'Ninguna',01,01,01,01,'A');
INSERT INTO `en_p1m_factura_venta_cab` (`FacVenCabCod`,`GuiRemRemNum`,`GuiRemTraNum`,`CliCod`,`CatRutCod`,`UsuCod`,`FacVenCabFecEmi`,`FacVenCabFecVen`,`FacVenCabTot`,`TipDesCod`,`FacVenCabSubTot`,`FacVenCabIGV`,`FacVenCabObs`,`EstFacCod`,`MetPagCod`,`TipPagCod`,`MonCod`,`EstRegCod`) VALUES ('001-000098','001-000015','001-000012','8',005,'2','2016-10-09','2016-10-09',42305.45,07,35550.80,19,'Ninguna',02,02,02,01,'A');
INSERT INTO `en_p1m_factura_venta_cab` (`FacVenCabCod`,`GuiRemRemNum`,`GuiRemTraNum`,`CliCod`,`CatRutCod`,`UsuCod`,`FacVenCabFecEmi`,`FacVenCabFecVen`,`FacVenCabTot`,`TipDesCod`,`FacVenCabSubTot`,`FacVenCabIGV`,`FacVenCabObs`,`EstFacCod`,`MetPagCod`,`TipPagCod`,`MonCod`,`EstRegCod`) VALUES ('001-000099','001-000016','001-000015','9',001,'2','2016-10-09','2016-10-09',51240.09,07,43058.90,19,'Ninguna',02,02,02,01,'A');
INSERT INTO `en_p1m_factura_venta_cab` (`FacVenCabCod`,`GuiRemRemNum`,`GuiRemTraNum`,`CliCod`,`CatRutCod`,`UsuCod`,`FacVenCabFecEmi`,`FacVenCabFecVen`,`FacVenCabTot`,`TipDesCod`,`FacVenCabSubTot`,`FacVenCabIGV`,`FacVenCabObs`,`EstFacCod`,`MetPagCod`,`TipPagCod`,`MonCod`,`EstRegCod`) VALUES ('001-000100','001-000048','001-000017','10',006,'2','2016-10-09','2016-10-09',43991.44,07,36967.60,19,'Ninguna',02,02,02,01,'A');
INSERT INTO `en_p1m_factura_venta_cab` (`FacVenCabCod`,`GuiRemRemNum`,`GuiRemTraNum`,`CliCod`,`CatRutCod`,`UsuCod`,`FacVenCabFecEmi`,`FacVenCabFecVen`,`FacVenCabTot`,`TipDesCod`,`FacVenCabSubTot`,`FacVenCabIGV`,`FacVenCabObs`,`EstFacCod`,`MetPagCod`,`TipPagCod`,`MonCod`,`EstRegCod`) VALUES ('001-000101','001-000018','001-000016','1',007,'2','2016-10-09','2016-10-09',0.00,07,0.00,19,'Ninguna',01,01,01,01,'A');
INSERT INTO `en_p1m_factura_venta_cab` (`FacVenCabCod`,`GuiRemRemNum`,`GuiRemTraNum`,`CliCod`,`CatRutCod`,`UsuCod`,`FacVenCabFecEmi`,`FacVenCabFecVen`,`FacVenCabTot`,`TipDesCod`,`FacVenCabSubTot`,`FacVenCabIGV`,`FacVenCabObs`,`EstFacCod`,`MetPagCod`,`TipPagCod`,`MonCod`,`EstRegCod`) VALUES ('001-000102','001-000011','001-000018','2',003,'2','2016-10-09','2016-10-09',0.00,07,0.00,19,'Ninguna',01,01,01,01,'A');
INSERT INTO `en_p1m_factura_venta_cab` (`FacVenCabCod`,`GuiRemRemNum`,`GuiRemTraNum`,`CliCod`,`CatRutCod`,`UsuCod`,`FacVenCabFecEmi`,`FacVenCabFecVen`,`FacVenCabTot`,`TipDesCod`,`FacVenCabSubTot`,`FacVenCabIGV`,`FacVenCabObs`,`EstFacCod`,`MetPagCod`,`TipPagCod`,`MonCod`,`EstRegCod`) VALUES ('001-000103','001-000048','001-000019','3',003,'2','2016-10-09','2016-10-09',0.00,07,0.00,19,'Ninguna',01,01,01,01,'A');
INSERT INTO `en_p1m_factura_venta_cab` (`FacVenCabCod`,`GuiRemRemNum`,`GuiRemTraNum`,`CliCod`,`CatRutCod`,`UsuCod`,`FacVenCabFecEmi`,`FacVenCabFecVen`,`FacVenCabTot`,`TipDesCod`,`FacVenCabSubTot`,`FacVenCabIGV`,`FacVenCabObs`,`EstFacCod`,`MetPagCod`,`TipPagCod`,`MonCod`,`EstRegCod`) VALUES ('001-000104','001-000021','001-000013','4',005,'2','2016-10-09','2016-10-09',0.00,07,0.00,19,'Ninguna',01,01,01,01,'A');
INSERT INTO `en_p1m_factura_venta_cab` (`FacVenCabCod`,`GuiRemRemNum`,`GuiRemTraNum`,`CliCod`,`CatRutCod`,`UsuCod`,`FacVenCabFecEmi`,`FacVenCabFecVen`,`FacVenCabTot`,`TipDesCod`,`FacVenCabSubTot`,`FacVenCabIGV`,`FacVenCabObs`,`EstFacCod`,`MetPagCod`,`TipPagCod`,`MonCod`,`EstRegCod`) VALUES ('001-000105','001-000013','001-000014','5',007,'2','2016-10-09','2016-10-09',0.00,07,0.00,19,'Ninguna',01,01,01,01,'A');
INSERT INTO `en_p1m_factura_venta_cab` (`FacVenCabCod`,`GuiRemRemNum`,`GuiRemTraNum`,`CliCod`,`CatRutCod`,`UsuCod`,`FacVenCabFecEmi`,`FacVenCabFecVen`,`FacVenCabTot`,`TipDesCod`,`FacVenCabSubTot`,`FacVenCabIGV`,`FacVenCabObs`,`EstFacCod`,`MetPagCod`,`TipPagCod`,`MonCod`,`EstRegCod`) VALUES ('001-000106','001-000012','001-000014','6',005,'2','2016-10-09','2016-10-09',0.00,07,0.00,19,'Ninguna',01,01,01,01,'A');
INSERT INTO `en_p1m_factura_venta_cab` (`FacVenCabCod`,`GuiRemRemNum`,`GuiRemTraNum`,`CliCod`,`CatRutCod`,`UsuCod`,`FacVenCabFecEmi`,`FacVenCabFecVen`,`FacVenCabTot`,`TipDesCod`,`FacVenCabSubTot`,`FacVenCabIGV`,`FacVenCabObs`,`EstFacCod`,`MetPagCod`,`TipPagCod`,`MonCod`,`EstRegCod`) VALUES ('001-000107','001-000032','001-000016','7',005,'2','2016-10-09','2016-10-09',0.00,07,0.00,19,'Ninguna',01,01,01,01,'A');
INSERT INTO `en_p1m_factura_venta_cab` (`FacVenCabCod`,`GuiRemRemNum`,`GuiRemTraNum`,`CliCod`,`CatRutCod`,`UsuCod`,`FacVenCabFecEmi`,`FacVenCabFecVen`,`FacVenCabTot`,`TipDesCod`,`FacVenCabSubTot`,`FacVenCabIGV`,`FacVenCabObs`,`EstFacCod`,`MetPagCod`,`TipPagCod`,`MonCod`,`EstRegCod`) VALUES ('001-000108','001-000011','001-000017','8',007,'2','2016-10-09','2016-10-09',0.00,07,0.00,19,'Ninguna',02,02,02,01,'A');
INSERT INTO `en_p1m_factura_venta_cab` (`FacVenCabCod`,`GuiRemRemNum`,`GuiRemTraNum`,`CliCod`,`CatRutCod`,`UsuCod`,`FacVenCabFecEmi`,`FacVenCabFecVen`,`FacVenCabTot`,`TipDesCod`,`FacVenCabSubTot`,`FacVenCabIGV`,`FacVenCabObs`,`EstFacCod`,`MetPagCod`,`TipPagCod`,`MonCod`,`EstRegCod`) VALUES ('001-000109','001-000014','001-000019','9',004,'2','2016-10-09','2016-10-09',0.00,07,0.00,19,'Ninguna',02,02,02,01,'A');
INSERT INTO `en_p1m_factura_venta_cab` (`FacVenCabCod`,`GuiRemRemNum`,`GuiRemTraNum`,`CliCod`,`CatRutCod`,`UsuCod`,`FacVenCabFecEmi`,`FacVenCabFecVen`,`FacVenCabTot`,`TipDesCod`,`FacVenCabSubTot`,`FacVenCabIGV`,`FacVenCabObs`,`EstFacCod`,`MetPagCod`,`TipPagCod`,`MonCod`,`EstRegCod`) VALUES ('001-000110','001-000012','001-000012','10',003,'2','2016-10-09','2016-10-09',0.00,07,0.00,19,'Ninguna',02,02,02,01,'A');

COMMIT;


-- -----------------------------------------------------
-- Data for table `episerp`.`en_p1t_factura_venta_det`
-- -----------------------------------------------------
START TRANSACTION;
USE `episerp`;

INSERT INTO `en_p1t_factura_venta_det` (`FacVenCabCod`,`FacVenDetCod`,`ClaProCod`,`SubClaProCod`,`ProCod`,`FacVenDetCan`,`FacVenDetValUni`) VALUES ('001-000001',1,'05','02','CerealCoFlake','4','6'),('001-000001',2,'04','02','Repollo1kg','4','6'),('001-000001',3,'09','02','SFernan100','3','1.5'),('001-000001',4,'04','03','EnsaTomaMal1kg','4','6'),('001-000001',5,'03','02','PeBlanca1kg','4','6'),('001-000001',6,'05','02','CerealCoFlake','4','6'),('001-000001',7,'12','04','Nikolo','3','0.7'),('001-000001',8,'08','02','MermeGlo500','3','5.5'),('001-000001',9,'04','01','SazonadorA43gr','4','6'),('001-000001',10,'09','02','LaCale100','3','1.5');
INSERT INTO `en_p1t_factura_venta_det` (`FacVenCabCod`,`FacVenDetCod`,`ClaProCod`,`SubClaProCod`,`ProCod`,`FacVenDetCan`,`FacVenDetValUni`) VALUES ('001-000001',11,'03','02','ManzaGold240gr','4','6'),('001-000001',12,'05','02','CerealKellog','4','6'),('001-000001',13,'12','04','Mecano','3','1'),('001-000001',14,'01','02','PaPaCeNavid','6','15.5'),('001-000001',15,'04','01','AMorado1kg','4','6'),('001-000001',16,'05','01','BarrCereNesqu','4','6'),('001-000001',17,'04','01','AMoliFras55gr','4','6'),('001-000001',18,'05','02','CerealCoFlake','4','6'),('001-000001',19,'12','01','TrideMenta','3','0.2'),('001-000001',20,'03','01','Mandarinas1kg','4','5');
INSERT INTO `en_p1t_factura_venta_det` (`FacVenCabCod`,`FacVenDetCod`,`ClaProCod`,`SubClaProCod`,`ProCod`,`FacVenDetCan`,`FacVenDetValUni`) VALUES ('001-000001',21,'08','03','AconcDura250','3','5.5'),('001-000001',22,'08','02','MermeGlo500','3','5.5'),('001-000001',23,'12','04','Nikolo','3','0.7'),('001-000001',24,'04','02','BrocoPieza500gr','4','6'),('001-000001',25,'02','02','PaliSuri300Gr','4','10'),('001-000001',26,'12','04','Mecano','3','1'),('001-000001',27,'05','02','CerealKellog','4','6'),('001-000001',28,'12','01','TrideMenta','3','0.2'),('001-000001',29,'08','02','MermeFan500','3','6'),('001-000001',30,'02','02','GulaNorte','6','10');
INSERT INTO `en_p1t_factura_venta_det` (`FacVenCabCod`,`FacVenDetCod`,`ClaProCod`,`SubClaProCod`,`ProCod`,`FacVenDetCan`,`FacVenDetValUni`) VALUES ('001-000001',31,'02','02','PaliSuri300Gr','4','10'),('001-000001',32,'02','03','SalmAhuma200Gr','4','10'),('001-000001',33,'05','03','MiCereCoFlake','4','6'),('001-000001',34,'01','03','AlasPollo','6','6.5'),('001-000001',35,'04','03','TomFitofra500gr','4','6'),('001-000001',36,'12','01','TrideMenta','3','0.2'),('001-000001',37,'12','01','ChiclMenta','3','0.2'),('001-000001',38,'02','02','PaliSuri300Gr','4','10'),('001-000001',39,'08','03','AconcPiña250','3','5.5'),('001-000001',40,'02','02','KrisSuriFreRaya','4','10');
INSERT INTO `en_p1t_factura_venta_det` (`FacVenCabCod`,`FacVenDetCod`,`ClaProCod`,`SubClaProCod`,`ProCod`,`FacVenDetCan`,`FacVenDetValUni`) VALUES ('001-000001',41,'08','03','AconcPiña250','3','5.5'),('001-000001',42,'04','03','TomFitofra500gr','4','6'),('001-000001',43,'04','03','EnsaTomaMal1kg','4','6'),('001-000001',44,'02','03','SalmAhuma200Gr','4','10'),('001-000001',45,'03','02','ManzaRo290gr','4','6'),('001-000001',46,'05','03','MiCereNestLio','4','6'),('001-000001',47,'03','01','NaraZumoMalla','4','5'),('001-000001',48,'04','03','EnsaTomaMal1kg','4','6'),('001-000001',49,'04','01','AMorado1kg','4','6'),('001-000001',50,'02','01','Furel','6','10');
INSERT INTO `en_p1t_factura_venta_det` (`FacVenCabCod`,`FacVenDetCod`,`ClaProCod`,`SubClaProCod`,`ProCod`,`FacVenDetCan`,`FacVenDetValUni`) VALUES ('001-000001',51,'04','01','SazonadorA43gr','4','6'),('001-000001',52,'12','01','ChiclMenta','3','0.2'),('001-000001',53,'02','03','SalmAhuma200Gr','4','10'),('001-000001',54,'01','03','AlasPollo','6','6.5'),('001-000001',55,'01','01','CerdoRollos','6','11.5'),('001-000001',56,'02','01','Furel','6','10'),('001-000001',57,'01','01','CerdoRollos','6','11.5'),('001-000001',58,'09','02','LaCale100','3','1.5'),('001-000001',59,'01','03','PechugaPollo','6','7.5'),('001-000001',60,'05','01','BarrCereChoco','4','6');
INSERT INTO `en_p1t_factura_venta_det` (`FacVenCabCod`,`FacVenDetCod`,`ClaProCod`,`SubClaProCod`,`ProCod`,`FacVenDetCan`,`FacVenDetValUni`) VALUES ('001-000001',61,'01','02','CarnePavo1kg','6','15.5'),('001-000001',62,'03','01','NaraZumoMalla','4','5'),('001-000001',63,'01','03','AlasPollo','6','6.5'),('001-000001',64,'03','01','NaraZumoMalla','4','5'),('001-000001',65,'01','02','CarnePavo1kg','6','15.5'),('001-000001',66,'04','01','AMoliFras55gr','4','6'),('001-000001',67,'04','01','SazonadorA43gr','4','6'),('001-000001',68,'01','02','PaPaCeNavid','6','15.5'),('001-000001',69,'01','01','Cerdo1kg','6','15.5'),('001-000001',70,'03','02','ManzaRo290gr','4','6');
INSERT INTO `en_p1t_factura_venta_det` (`FacVenCabCod`,`FacVenDetCod`,`ClaProCod`,`SubClaProCod`,`ProCod`,`FacVenDetCan`,`FacVenDetValUni`) VALUES ('001-000001',71,'04','03','TomFitofra500gr','4','6'),('001-000001',72,'12','01','TrideMenta','3','0.2'),('001-000001',73,'12','04','Mecano','3','1'),('001-000001',74,'05','02','CerealNestle','4','6'),('001-000001',75,'05','02','CerealNestle','4','6'),('001-000001',76,'02','03','TrucAhuma200Gr','4','10'),('001-000001',77,'04','01','SazonadorA43gr','4','6'),('001-000001',78,'01','01','ChuletaCerdo','6','15.5'),('001-000001',79,'12','04','Mecano','3','1'),('001-000001',80,'04','03','TomFriCase500gr','4','6');
INSERT INTO `en_p1t_factura_venta_det` (`FacVenCabCod`,`FacVenDetCod`,`ClaProCod`,`SubClaProCod`,`ProCod`,`FacVenDetCan`,`FacVenDetValUni`) VALUES ('001-000001',81,'08','03','AconcPiña250','3','5.5'),('001-000001',82,'01','03','PechugaPollo','6','7.5'),('001-000001',83,'05','02','CerealCoFlake','4','6'),('001-000001',84,'02','02','GulaNorte','6','10'),('001-000001',85,'04','03','EnsaTomaMal1kg','4','6'),('001-000001',86,'05','02','CerealKellog','4','6'),('001-000001',87,'12','04','Mecano','3','1'),('001-000001',88,'04','03','TomFriCase500gr','4','6'),('001-000001',89,'03','01','Limones1kg','4','5'),('001-000001',90,'03','01','Limones1kg','4','5');
INSERT INTO `en_p1t_factura_venta_det` (`FacVenCabCod`,`FacVenDetCod`,`ClaProCod`,`SubClaProCod`,`ProCod`,`FacVenDetCan`,`FacVenDetValUni`) VALUES ('001-000001',91,'08','03','AconcDura250','3','5.5'),('001-000001',92,'05','01','BarrCereNesqu','4','6'),('001-000001',93,'02','02','KrisSuriFreRaya','4','10'),('001-000001',94,'03','01','Limones1kg','4','5'),('001-000001',95,'05','01','BarrCereInteg','4','6'),('001-000001',96,'05','02','CerealNestle','4','6'),('001-000001',97,'02','01','Furel','6','10'),('001-000001',98,'02','02','PaliSuri300Gr','4','10'),('001-000001',99,'04','02','BrocoPieza500gr','4','6'),('001-000001',100,'04','01','AMorado1kg','4','6');

INSERT INTO `en_p1t_factura_venta_det` (`FacVenCabCod`,`FacVenDetCod`,`ClaProCod`,`SubClaProCod`,`ProCod`,`FacVenDetCan`,`FacVenDetValUni`) VALUES ('001-000002',1,'08','02','MermeFan500','3','6'),('001-000002',2,'04','02','Repollo1kg','4','6'),('001-000002',3,'02','03','TrucAhuma200Gr','4','10'),('001-000002',4,'04','03','EnsaTomaMal1kg','4','6'),('001-000002',5,'05','01','BarrCereChoco','4','6'),('001-000002',6,'04','01','AMoliFras55gr','4','6'),('001-000002',7,'04','02','ColiflBolsa1kg','4','6'),('001-000002',8,'05','02','CerealCoFlake','4','6'),('001-000002',9,'02','01','Corvina','6','8'),('001-000002',10,'02','02','GulaNorte','6','10');
INSERT INTO `en_p1t_factura_venta_det` (`FacVenCabCod`,`FacVenDetCod`,`ClaProCod`,`SubClaProCod`,`ProCod`,`FacVenDetCan`,`FacVenDetValUni`) VALUES ('001-000002',11,'08','02','MermeFan500','3','6'),('001-000002',12,'12','04','Mecano','3','1'),('001-000002',13,'02','03','SalmAhuma200Gr','4','10'),('001-000002',14,'03','02','ManzaRo290gr','4','6'),('001-000002',15,'05','01','BarrCereNesqu','4','6'),('001-000002',16,'04','02','BrocoPieza500gr','4','6'),('001-000002',17,'01','01','Cerdo1kg','6','15.5'),('001-000002',18,'05','02','CerealKellog','4','6'),('001-000002',19,'02','03','PimeAhuma100Gr','4','8'),('001-000002',20,'04','02','BrocoPieza500gr','4','6');
INSERT INTO `en_p1t_factura_venta_det` (`FacVenCabCod`,`FacVenDetCod`,`ClaProCod`,`SubClaProCod`,`ProCod`,`FacVenDetCan`,`FacVenDetValUni`) VALUES ('001-000002',21,'04','02','Repollo1kg','4','6'),('001-000002',22,'01','03','PiernasPollo','6','7.5'),('001-000002',23,'12','01','TrideMenta','3','0.2'),('001-000002',24,'01','03','AlasPollo','6','6.5'),('001-000002',25,'08','03','AconcDura250','3','5.5'),('001-000002',26,'01','03','PechugaPollo','6','7.5'),('001-000002',27,'02','03','SalmAhuma200Gr','4','10'),('001-000002',28,'01','02','CarnePavo1/2kg','6','7.5'),('001-000002',29,'03','02','PeBlanca1kg','4','6'),('001-000002',30,'04','03','TomFitofra500gr','4','6');
INSERT INTO `en_p1t_factura_venta_det` (`FacVenCabCod`,`FacVenDetCod`,`ClaProCod`,`SubClaProCod`,`ProCod`,`FacVenDetCan`,`FacVenDetValUni`) VALUES ('001-000002',31,'02','03','PimeAhuma100Gr','4','8'),('001-000002',32,'04','03','TomFriCase500gr','4','6'),('001-000002',33,'12','04','Mecano','3','1'),('001-000002',34,'12','04','Nikolo','3','0.7'),('001-000002',35,'03','01','NaraZumoMalla','4','5'),('001-000002',36,'04','03','EnsaTomaMal1kg','4','6'),('001-000002',37,'01','01','ChuletaCerdo','6','15.5'),('001-000002',38,'02','01','Bonito','6','10'),('001-000002',39,'05','02','CerealNestle','4','6'),('001-000002',40,'02','01','Corvina','6','8');
INSERT INTO `en_p1t_factura_venta_det` (`FacVenCabCod`,`FacVenDetCod`,`ClaProCod`,`SubClaProCod`,`ProCod`,`FacVenDetCan`,`FacVenDetValUni`) VALUES ('001-000002',41,'04','02','ColiflBolsa1kg','4','6'),('001-000002',42,'12','04','Nikolo','3','0.7'),('001-000002',43,'12','01','TrideMenta','3','0.2'),('001-000002',44,'08','02','MermeGlo500','3','5.5'),('001-000002',45,'03','01','Mandarinas1kg','4','5'),('001-000002',46,'02','01','Corvina','6','8'),('001-000002',47,'04','02','Repollo1kg','4','6'),('001-000002',48,'08','02','MermeFan500','3','6'),('001-000002',49,'02','02','KrisSuriFreRaya','4','10'),('001-000002',50,'12','01','ChiclMenta','3','0.2');
INSERT INTO `en_p1t_factura_venta_det` (`FacVenCabCod`,`FacVenDetCod`,`ClaProCod`,`SubClaProCod`,`ProCod`,`FacVenDetCan`,`FacVenDetValUni`) VALUES ('001-000002',51,'01','02','PaPaCeNavid','6','15.5'),('001-000002',52,'01','02','CarnePavo1kg','6','15.5'),('001-000002',53,'05','02','CerealCoFlake','4','6'),('001-000002',54,'05','02','CerealNestle','4','6'),('001-000002',55,'08','02','MermeGlo500','3','5.5'),('001-000002',56,'04','02','BrocoPieza500gr','4','6'),('001-000002',57,'02','02','PaliSuri300Gr','4','10'),('001-000002',58,'04','01','AMoliFras55gr','4','6'),('001-000002',59,'05','03','MiCereCoFlake','4','6'),('001-000002',60,'01','03','AlasPollo','6','6.5');
INSERT INTO `en_p1t_factura_venta_det` (`FacVenCabCod`,`FacVenDetCod`,`ClaProCod`,`SubClaProCod`,`ProCod`,`FacVenDetCan`,`FacVenDetValUni`) VALUES ('001-000002',61,'04','02','ColiflBolsa1kg','4','6'),('001-000002',62,'04','03','TomFitofra500gr','4','6'),('001-000002',63,'04','01','SazonadorA43gr','4','6'),('001-000002',64,'04','02','Repollo1kg','4','6'),('001-000002',65,'02','03','TrucAhuma200Gr','4','10'),('001-000002',66,'04','02','Repollo1kg','4','6'),('001-000002',67,'08','02','MermeGlo500','3','5.5'),('001-000002',68,'04','03','TomFriCase500gr','4','6'),('001-000002',69,'04','01','SazonadorA43gr','4','6'),('001-000002',70,'05','01','BarrCereNesqu','4','6');
INSERT INTO `en_p1t_factura_venta_det` (`FacVenCabCod`,`FacVenDetCod`,`ClaProCod`,`SubClaProCod`,`ProCod`,`FacVenDetCan`,`FacVenDetValUni`) VALUES ('001-000002',71,'05','01','BarrCereInteg','4','6'),('001-000002',72,'04','02','BrocoPieza500gr','4','6'),('001-000002',73,'05','02','CerealKellog','4','6'),('001-000002',74,'01','01','Cerdo1kg','6','15.5'),('001-000002',75,'02','01','Corvina','6','8'),('001-000002',76,'02','03','PimeAhuma100Gr','4','8'),('001-000002',77,'05','03','MiCereKellogs','4','6'),('001-000002',78,'01','03','PiernasPollo','6','7.5'),('001-000002',79,'01','01','CerdoRollos','6','11.5'),('001-000002',80,'01','01','ChuletaCerdo','6','15.5');
INSERT INTO `en_p1t_factura_venta_det` (`FacVenCabCod`,`FacVenDetCod`,`ClaProCod`,`SubClaProCod`,`ProCod`,`FacVenDetCan`,`FacVenDetValUni`) VALUES ('001-000002',81,'04','02','Repollo1kg','4','6'),('001-000002',82,'05','02','CerealCoFlake','4','6'),('001-000002',83,'03','02','ManzaRo290gr','4','6'),('001-000002',84,'03','02','PeBlanca1kg','4','6'),('001-000002',85,'01','02','CarnePavo1/2kg','6','7.5'),('001-000002',86,'09','02','SFernan100','3','1.5'),('001-000002',87,'01','03','PiernasPollo','6','7.5'),('001-000002',88,'03','01','NaraZumoMalla','4','5'),('001-000002',89,'12','01','TrideMenta','3','0.2'),('001-000002',90,'02','03','SalmAhuma200Gr','4','10');
INSERT INTO `en_p1t_factura_venta_det` (`FacVenCabCod`,`FacVenDetCod`,`ClaProCod`,`SubClaProCod`,`ProCod`,`FacVenDetCan`,`FacVenDetValUni`) VALUES ('001-000002',91,'12','01','TrideMenta','3','0.2'),('001-000002',92,'05','02','CerealNestle','4','6'),('001-000002',93,'05','03','MiCereKellogs','4','6'),('001-000002',94,'03','02','ManzaRo290gr','4','6'),('001-000002',95,'05','03','MiCereNestLio','4','6'),('001-000002',96,'05','01','BarrCereNesqu','4','6'),('001-000002',97,'04','02','ColiflBolsa1kg','4','6'),('001-000002',98,'05','03','MiCereCoFlake','4','6'),('001-000002',99,'03','02','PeBlanca1kg','4','6'),('001-000002',100,'04','02','ColiflBolsa1kg','4','6');

INSERT INTO `en_p1t_factura_venta_det` (`FacVenCabCod`,`FacVenDetCod`,`ClaProCod`,`SubClaProCod`,`ProCod`,`FacVenDetCan`,`FacVenDetValUni`) VALUES ('001-000003',1,'03','01','Mandarinas1kg','4','5'),('001-000003',2,'05','03','MiCereKellogs','4','6'),('001-000003',3,'01','01','CerdoRollos','6','11.5'),('001-000003',4,'02','02','GulaNorte','6','10'),('001-000003',5,'05','03','MiCereKellogs','4','6'),('001-000003',6,'12','04','Nikolo','3','0.7'),('001-000003',7,'12','04','Mecano','3','1'),('001-000003',8,'05','02','CerealNestle','4','6'),('001-000003',9,'04','03','EnsaTomaMal1kg','4','6'),('001-000003',10,'12','04','Nikolo','3','0.7');
INSERT INTO `en_p1t_factura_venta_det` (`FacVenCabCod`,`FacVenDetCod`,`ClaProCod`,`SubClaProCod`,`ProCod`,`FacVenDetCan`,`FacVenDetValUni`) VALUES ('001-000003',11,'03','02','ManzaRo290gr','4','6'),('001-000003',12,'01','03','PechugaPollo','6','7.5'),('001-000003',13,'01','03','PechugaPollo','6','7.5'),('001-000003',14,'02','01','Corvina','6','8'),('001-000003',15,'03','02','ManzaGold240gr','4','6'),('001-000003',16,'03','01','Mandarinas1kg','4','5'),('001-000003',17,'01','03','PechugaPollo','6','7.5'),('001-000003',18,'02','01','Furel','6','10'),('001-000003',19,'05','01','BarrCereInteg','4','6'),('001-000003',20,'12','01','ChiclMenta','3','0.2');
INSERT INTO `en_p1t_factura_venta_det` (`FacVenCabCod`,`FacVenDetCod`,`ClaProCod`,`SubClaProCod`,`ProCod`,`FacVenDetCan`,`FacVenDetValUni`) VALUES ('001-000003',21,'01','03','AlasPollo','6','6.5'),('001-000003',22,'08','03','AconcPiña250','3','5.5'),('001-000003',23,'12','01','ChiclMenta','3','0.2'),('001-000003',24,'03','02','ManzaRo290gr','4','6'),('001-000003',25,'05','03','MiCereKellogs','4','6'),('001-000003',26,'08','02','MermeGlo500','3','5.5'),('001-000003',27,'08','03','AconcDura250','3','5.5'),('001-000003',28,'09','02','LaCale100','3','1.5'),('001-000003',29,'08','03','AconcDura250','3','5.5'),('001-000003',30,'02','03','TrucAhuma200Gr','4','10');
INSERT INTO `en_p1t_factura_venta_det` (`FacVenCabCod`,`FacVenDetCod`,`ClaProCod`,`SubClaProCod`,`ProCod`,`FacVenDetCan`,`FacVenDetValUni`) VALUES ('001-000003',31,'05','03','MiCereCoFlake','4','6'),('001-000003',32,'01','02','CarnePavo1kg','6','15.5'),('001-000003',33,'03','02','ManzaGold240gr','4','6'),('001-000003',34,'02','01','Bonito','6','10'),('001-000003',35,'08','02','MermeGlo500','3','5.5'),('001-000003',36,'05','03','MiCereCoFlake','4','6'),('001-000003',37,'01','03','PiernasPollo','6','7.5'),('001-000003',38,'08','02','MermeGlo500','3','5.5'),('001-000003',39,'02','03','PimeAhuma100Gr','4','8'),('001-000003',40,'02','01','Bonito','6','10');
INSERT INTO `en_p1t_factura_venta_det` (`FacVenCabCod`,`FacVenDetCod`,`ClaProCod`,`SubClaProCod`,`ProCod`,`FacVenDetCan`,`FacVenDetValUni`) VALUES ('001-000003',41,'08','03','AconcPiña250','3','5.5'),('001-000003',42,'04','02','Repollo1kg','4','6'),('001-000003',43,'05','03','MiCereKellogs','4','6'),('001-000003',44,'04','02','ColiflBolsa1kg','4','6'),('001-000003',45,'05','03','MiCereCoFlake','4','6'),('001-000003',46,'03','02','ManzaGold240gr','4','6'),('001-000003',47,'09','02','SFernan100','3','1.5'),('001-000003',48,'05','02','CerealKellog','4','6'),('001-000003',49,'01','03','AlasPollo','6','6.5'),('001-000003',50,'05','02','CerealNestle','4','6');
INSERT INTO `en_p1t_factura_venta_det` (`FacVenCabCod`,`FacVenDetCod`,`ClaProCod`,`SubClaProCod`,`ProCod`,`FacVenDetCan`,`FacVenDetValUni`) VALUES ('001-000003',51,'01','01','CerdoRollos','6','11.5'),('001-000003',52,'01','02','CarnePavo1kg','6','15.5'),('001-000003',53,'04','03','TomFriCase500gr','4','6'),('001-000003',54,'05','02','CerealCoFlake','4','6'),('001-000003',55,'05','02','CerealNestle','4','6'),('001-000003',56,'03','01','Mandarinas1kg','4','5'),('001-000003',57,'04','02','Repollo1kg','4','6'),('001-000003',58,'03','01','NaraZumoMalla','4','5'),('001-000003',59,'12','04','Nikolo','3','0.7'),('001-000003',60,'05','03','MiCereNestLio','4','6');
INSERT INTO `en_p1t_factura_venta_det` (`FacVenCabCod`,`FacVenDetCod`,`ClaProCod`,`SubClaProCod`,`ProCod`,`FacVenDetCan`,`FacVenDetValUni`) VALUES ('001-000003',61,'04','02','BrocoPieza500gr','4','6'),('001-000003',62,'09','02','SFernan100','3','1.5'),('001-000003',63,'02','02','GulaNorte','6','10'),('001-000003',64,'04','03','EnsaTomaMal1kg','4','6'),('001-000003',65,'02','02','GulaNorte','6','10'),('001-000003',66,'01','03','AlasPollo','6','6.5'),('001-000003',67,'02','01','Furel','6','10'),('001-000003',68,'03','01','Limones1kg','4','5'),('001-000003',69,'01','02','CarnePavo1kg','6','15.5'),('001-000003',70,'12','04','Nikolo','3','0.7');
INSERT INTO `en_p1t_factura_venta_det` (`FacVenCabCod`,`FacVenDetCod`,`ClaProCod`,`SubClaProCod`,`ProCod`,`FacVenDetCan`,`FacVenDetValUni`) VALUES ('001-000003',71,'04','03','TomFriCase500gr','4','6'),('001-000003',72,'04','02','BrocoPieza500gr','4','6'),('001-000003',73,'02','03','SalmAhuma200Gr','4','10'),('001-000003',74,'02','01','Bonito','6','10'),('001-000003',75,'03','02','ManzaRo290gr','4','6'),('001-000003',76,'02','03','SalmAhuma200Gr','4','10'),('001-000003',77,'05','03','MiCereCoFlake','4','6'),('001-000003',78,'09','02','SFernan100','3','1.5'),('001-000003',79,'05','03','MiCereCoFlake','4','6'),('001-000003',80,'01','02','CarnePavo1kg','6','15.5');
INSERT INTO `en_p1t_factura_venta_det` (`FacVenCabCod`,`FacVenDetCod`,`ClaProCod`,`SubClaProCod`,`ProCod`,`FacVenDetCan`,`FacVenDetValUni`) VALUES ('001-000003',81,'02','01','Bonito','6','10'),('001-000003',82,'05','03','MiCereCoFlake','4','6'),('001-000003',83,'02','01','Furel','6','10'),('001-000003',84,'05','01','BarrCereNesqu','4','6'),('001-000003',85,'04','03','TomFitofra500gr','4','6'),('001-000003',86,'12','04','Mecano','3','1'),('001-000003',87,'05','03','MiCereCoFlake','4','6'),('001-000003',88,'01','02','CarnePavo1/2kg','6','7.5'),('001-000003',89,'05','01','BarrCereNesqu','4','6'),('001-000003',90,'02','01','Bonito','6','10');
INSERT INTO `en_p1t_factura_venta_det` (`FacVenCabCod`,`FacVenDetCod`,`ClaProCod`,`SubClaProCod`,`ProCod`,`FacVenDetCan`,`FacVenDetValUni`) VALUES ('001-000003',91,'04','01','AMoliFras55gr','4','6'),('001-000003',92,'12','04','Nikolo','3','0.7'),('001-000003',93,'05','03','MiCereCoFlake','4','6'),('001-000003',94,'12','01','TrideMenta','3','0.2'),('001-000003',95,'01','01','CerdoRollos','6','11.5'),('001-000003',96,'03','01','Mandarinas1kg','4','5'),('001-000003',97,'03','01','Limones1kg','4','5'),('001-000003',98,'05','03','MiCereKellogs','4','6'),('001-000003',99,'01','01','CerdoRollos','6','11.5'),('001-000003',100,'09','02','SFernan100','3','1.5');

INSERT INTO `en_p1t_factura_venta_det` (`FacVenCabCod`,`FacVenDetCod`,`ClaProCod`,`SubClaProCod`,`ProCod`,`FacVenDetCan`,`FacVenDetValUni`) VALUES ('001-000004',1,'01','03','PechugaPollo','6','7.5'),('001-000004',2,'04','02','BrocoPieza500gr','4','6'),('001-000004',3,'05','01','BarrCereNesqu','4','6'),('001-000004',4,'03','01','NaraZumoMalla','4','5'),('001-000004',5,'02','02','PaliSuri300Gr','4','10'),('001-000004',6,'01','02','PaPaCeNavid','6','15.5'),('001-000004',7,'05','01','BarrCereInteg','4','6'),('001-000004',8,'01','02','CarnePavo1/2kg','6','7.5'),('001-000004',9,'01','02','PaPaCeNavid','6','15.5'),('001-000004',10,'02','03','SalmAhuma200Gr','4','10');
INSERT INTO `en_p1t_factura_venta_det` (`FacVenCabCod`,`FacVenDetCod`,`ClaProCod`,`SubClaProCod`,`ProCod`,`FacVenDetCan`,`FacVenDetValUni`) VALUES ('001-000004',11,'12','01','ChiclMenta','3','0.2'),('001-000004',12,'05','02','CerealNestle','4','6'),('001-000004',13,'01','02','CarnePavo1kg','6','15.5'),('001-000004',14,'01','03','PiernasPollo','6','7.5'),('001-000004',15,'05','02','CerealNestle','4','6'),('001-000004',16,'01','02','PaPaCeNavid','6','15.5'),('001-000004',17,'05','01','BarrCereInteg','4','6'),('001-000004',18,'01','03','PechugaPollo','6','7.5'),('001-000004',19,'05','01','BarrCereInteg','4','6'),('001-000004',20,'03','01','NaraZumoMalla','4','5');
INSERT INTO `en_p1t_factura_venta_det` (`FacVenCabCod`,`FacVenDetCod`,`ClaProCod`,`SubClaProCod`,`ProCod`,`FacVenDetCan`,`FacVenDetValUni`) VALUES ('001-000004',21,'12','04','Nikolo','3','0.7'),('001-000004',22,'01','02','CarnePavo1/2kg','6','7.5'),('001-000004',23,'04','02','ColiflBolsa1kg','4','6'),('001-000004',24,'01','01','CerdoRollos','6','11.5'),('001-000004',25,'04','03','TomFitofra500gr','4','6'),('001-000004',26,'04','01','AMorado1kg','4','6'),('001-000004',27,'02','02','KrisSuriFreRaya','4','10'),('001-000004',28,'03','01','Mandarinas1kg','4','5'),('001-000004',29,'02','02','KrisSuriFreRaya','4','10'),('001-000004',30,'04','02','BrocoPieza500gr','4','6');
INSERT INTO `en_p1t_factura_venta_det` (`FacVenCabCod`,`FacVenDetCod`,`ClaProCod`,`SubClaProCod`,`ProCod`,`FacVenDetCan`,`FacVenDetValUni`) VALUES ('001-000004',31,'01','03','PiernasPollo','6','7.5'),('001-000004',32,'01','03','PechugaPollo','6','7.5'),('001-000004',33,'01','01','ChuletaCerdo','6','15.5'),('001-000004',34,'05','02','CerealCoFlake','4','6'),('001-000004',35,'02','02','KrisSuriFreRaya','4','10'),('001-000004',36,'08','03','AconcPiña250','3','5.5'),('001-000004',37,'01','01','ChuletaCerdo','6','15.5'),('001-000004',38,'01','01','ChuletaCerdo','6','15.5'),('001-000004',39,'01','02','PaPaCeNavid','6','15.5'),('001-000004',40,'08','03','AconcPiña250','3','5.5');
INSERT INTO `en_p1t_factura_venta_det` (`FacVenCabCod`,`FacVenDetCod`,`ClaProCod`,`SubClaProCod`,`ProCod`,`FacVenDetCan`,`FacVenDetValUni`) VALUES ('001-000004',41,'05','02','CerealKellog','4','6'),('001-000004',42,'05','01','BarrCereInteg','4','6'),('001-000004',43,'05','02','CerealCoFlake','4','6'),('001-000004',44,'01','02','CarnePavo1/2kg','6','7.5'),('001-000004',45,'04','02','BrocoPieza500gr','4','6'),('001-000004',46,'01','01','Cerdo1kg','6','15.5'),('001-000004',47,'04','02','Repollo1kg','4','6'),('001-000004',48,'12','04','Mecano','3','1'),('001-000004',49,'08','03','AconcDura250','3','5.5'),('001-000004',50,'03','02','ManzaGold240gr','4','6');
INSERT INTO `en_p1t_factura_venta_det` (`FacVenCabCod`,`FacVenDetCod`,`ClaProCod`,`SubClaProCod`,`ProCod`,`FacVenDetCan`,`FacVenDetValUni`) VALUES ('001-000004',51,'01','03','AlasPollo','6','6.5'),('001-000004',52,'03','02','ManzaRo290gr','4','6'),('001-000004',53,'09','02','SFernan100','3','1.5'),('001-000004',54,'01','01','Cerdo1kg','6','15.5'),('001-000004',55,'08','02','MermeGlo500','3','5.5'),('001-000004',56,'04','03','TomFitofra500gr','4','6'),('001-000004',57,'04','03','TomFriCase500gr','4','6'),('001-000004',58,'01','03','PiernasPollo','6','7.5'),('001-000004',59,'05','01','BarrCereInteg','4','6'),('001-000004',60,'02','03','SalmAhuma200Gr','4','10');
INSERT INTO `en_p1t_factura_venta_det` (`FacVenCabCod`,`FacVenDetCod`,`ClaProCod`,`SubClaProCod`,`ProCod`,`FacVenDetCan`,`FacVenDetValUni`) VALUES ('001-000004',61,'04','02','ColiflBolsa1kg','4','6'),('001-000004',62,'12','01','ChiclMenta','3','0.2'),('001-000004',63,'01','03','AlasPollo','6','6.5'),('001-000004',64,'04','02','BrocoPieza500gr','4','6'),('001-000004',65,'01','02','CarnePavo1/2kg','6','7.5'),('001-000004',66,'12','04','Mecano','3','1'),('001-000004',67,'02','03','SalmAhuma200Gr','4','10'),('001-000004',68,'05','03','MiCereKellogs','4','6'),('001-000004',69,'01','02','PaPaCeNavid','6','15.5'),('001-000004',70,'02','01','Corvina','6','8');
INSERT INTO `en_p1t_factura_venta_det` (`FacVenCabCod`,`FacVenDetCod`,`ClaProCod`,`SubClaProCod`,`ProCod`,`FacVenDetCan`,`FacVenDetValUni`) VALUES ('001-000004',71,'05','02','CerealCoFlake','4','6'),('001-000004',72,'08','03','AconcPiña250','3','5.5'),('001-000004',73,'02','02','PaliSuri300Gr','4','10'),('001-000004',74,'03','02','PeBlanca1kg','4','6'),('001-000004',75,'03','02','ManzaRo290gr','4','6'),('001-000004',76,'01','03','PiernasPollo','6','7.5'),('001-000004',77,'02','03','PimeAhuma100Gr','4','8'),('001-000004',78,'01','02','PaPaCeNavid','6','15.5'),('001-000004',79,'02','02','GulaNorte','6','10'),('001-000004',80,'05','02','CerealKellog','4','6');
INSERT INTO `en_p1t_factura_venta_det` (`FacVenCabCod`,`FacVenDetCod`,`ClaProCod`,`SubClaProCod`,`ProCod`,`FacVenDetCan`,`FacVenDetValUni`) VALUES ('001-000004',81,'12','01','ChiclMenta','3','0.2'),('001-000004',82,'09','02','LaCale100','3','1.5'),('001-000004',83,'04','03','TomFitofra500gr','4','6'),('001-000004',84,'08','02','MermeGlo500','3','5.5'),('001-000004',85,'05','02','CerealNestle','4','6'),('001-000004',86,'04','02','ColiflBolsa1kg','4','6'),('001-000004',87,'04','03','TomFriCase500gr','4','6'),('001-000004',88,'04','03','EnsaTomaMal1kg','4','6'),('001-000004',89,'04','01','AMorado1kg','4','6'),('001-000004',90,'03','02','ManzaGold240gr','4','6');
INSERT INTO `en_p1t_factura_venta_det` (`FacVenCabCod`,`FacVenDetCod`,`ClaProCod`,`SubClaProCod`,`ProCod`,`FacVenDetCan`,`FacVenDetValUni`) VALUES ('001-000004',91,'04','03','EnsaTomaMal1kg','4','6'),('001-000004',92,'09','02','LaCale100','3','1.5'),('001-000004',93,'05','03','MiCereNestLio','4','6'),('001-000004',94,'02','01','Furel','6','10'),('001-000004',95,'09','02','LaCale100','3','1.5'),('001-000004',96,'03','02','PeBlanca1kg','4','6'),('001-000004',97,'05','02','CerealKellog','4','6'),('001-000004',98,'02','02','KrisSuriFreRaya','4','10'),('001-000004',99,'04','03','EnsaTomaMal1kg','4','6'),('001-000004',100,'03','01','Mandarinas1kg','4','5');

INSERT INTO `en_p1t_factura_venta_det` (`FacVenCabCod`,`FacVenDetCod`,`ClaProCod`,`SubClaProCod`,`ProCod`,`FacVenDetCan`,`FacVenDetValUni`) VALUES ('001-000005',1,'05','01','BarrCereInteg','4','6'),('001-000005',2,'03','02','ManzaGold240gr','4','6'),('001-000005',3,'02','01','Bonito','6','10'),('001-000005',4,'02','02','KrisSuriFreRaya','4','10'),('001-000005',5,'02','01','Furel','6','10'),('001-000005',6,'04','02','ColiflBolsa1kg','4','6'),('001-000005',7,'04','02','ColiflBolsa1kg','4','6'),('001-000005',8,'12','01','ChiclMenta','3','0.2'),('001-000005',9,'03','02','PeBlanca1kg','4','6'),('001-000005',10,'01','03','PechugaPollo','6','7.5');
INSERT INTO `en_p1t_factura_venta_det` (`FacVenCabCod`,`FacVenDetCod`,`ClaProCod`,`SubClaProCod`,`ProCod`,`FacVenDetCan`,`FacVenDetValUni`) VALUES ('001-000005',11,'08','03','AconcDura250','3','5.5'),('001-000005',12,'02','02','KrisSuriFreRaya','4','10'),('001-000005',13,'01','03','PechugaPollo','6','7.5'),('001-000005',14,'03','01','NaraZumoMalla','4','5'),('001-000005',15,'08','02','MermeFan500','3','6'),('001-000005',16,'03','01','Limones1kg','4','5'),('001-000005',17,'04','03','EnsaTomaMal1kg','4','6'),('001-000005',18,'05','02','CerealCoFlake','4','6'),('001-000005',19,'04','02','Repollo1kg','4','6'),('001-000005',20,'03','02','ManzaRo290gr','4','6');
INSERT INTO `en_p1t_factura_venta_det` (`FacVenCabCod`,`FacVenDetCod`,`ClaProCod`,`SubClaProCod`,`ProCod`,`FacVenDetCan`,`FacVenDetValUni`) VALUES ('001-000005',21,'08','02','MermeFan500','3','6'),('001-000005',22,'03','02','ManzaGold240gr','4','6'),('001-000005',23,'01','02','PaPaCeNavid','6','15.5'),('001-000005',24,'02','03','PimeAhuma100Gr','4','8'),('001-000005',25,'03','01','Mandarinas1kg','4','5'),('001-000005',26,'04','03','TomFitofra500gr','4','6'),('001-000005',27,'05','03','MiCereNestLio','4','6'),('001-000005',28,'12','01','ChiclMenta','3','0.2'),('001-000005',29,'03','01','Limones1kg','4','5'),('001-000005',30,'01','02','CarnePavo1kg','6','15.5');
INSERT INTO `en_p1t_factura_venta_det` (`FacVenCabCod`,`FacVenDetCod`,`ClaProCod`,`SubClaProCod`,`ProCod`,`FacVenDetCan`,`FacVenDetValUni`) VALUES ('001-000005',31,'03','02','PeBlanca1kg','4','6'),('001-000005',32,'03','01','NaraZumoMalla','4','5'),('001-000005',33,'01','01','Cerdo1kg','6','15.5'),('001-000005',34,'02','01','Corvina','6','8'),('001-000005',35,'04','01','AMorado1kg','4','6'),('001-000005',36,'04','03','TomFriCase500gr','4','6'),('001-000005',37,'04','01','AMorado1kg','4','6'),('001-000005',38,'04','01','AMorado1kg','4','6'),('001-000005',39,'01','03','AlasPollo','6','6.5'),('001-000005',40,'01','02','PaPaCeNavid','6','15.5');
INSERT INTO `en_p1t_factura_venta_det` (`FacVenCabCod`,`FacVenDetCod`,`ClaProCod`,`SubClaProCod`,`ProCod`,`FacVenDetCan`,`FacVenDetValUni`) VALUES ('001-000005',41,'01','01','CerdoRollos','6','11.5'),('001-000005',42,'05','02','CerealNestle','4','6'),('001-000005',43,'02','02','GulaNorte','6','10'),('001-000005',44,'05','03','MiCereKellogs','4','6'),('001-000005',45,'05','01','BarrCereNesqu','4','6'),('001-000005',46,'04','01','AMorado1kg','4','6'),('001-000005',47,'01','01','ChuletaCerdo','6','15.5'),('001-000005',48,'12','04','Nikolo','3','0.7'),('001-000005',49,'03','01','Limones1kg','4','5'),('001-000005',50,'04','02','BrocoPieza500gr','4','6');
INSERT INTO `en_p1t_factura_venta_det` (`FacVenCabCod`,`FacVenDetCod`,`ClaProCod`,`SubClaProCod`,`ProCod`,`FacVenDetCan`,`FacVenDetValUni`) VALUES ('001-000005',51,'03','01','NaraZumoMalla','4','5'),('001-000005',52,'04','01','AMorado1kg','4','6'),('001-000005',53,'05','03','MiCereKellogs','4','6'),('001-000005',54,'04','01','SazonadorA43gr','4','6'),('001-000005',55,'03','01','NaraZumoMalla','4','5'),('001-000005',56,'02','03','PimeAhuma100Gr','4','8'),('001-000005',57,'03','01','Mandarinas1kg','4','5'),('001-000005',58,'12','01','ChiclMenta','3','0.2'),('001-000005',59,'04','02','BrocoPieza500gr','4','6'),('001-000005',60,'12','01','TrideMenta','3','0.2');
INSERT INTO `en_p1t_factura_venta_det` (`FacVenCabCod`,`FacVenDetCod`,`ClaProCod`,`SubClaProCod`,`ProCod`,`FacVenDetCan`,`FacVenDetValUni`) VALUES ('001-000005',61,'08','03','AconcPiña250','3','5.5'),('001-000005',62,'12','01','ChiclMenta','3','0.2'),('001-000005',63,'05','01','BarrCereChoco','4','6'),('001-000005',64,'04','01','AMorado1kg','4','6'),('001-000005',65,'01','03','AlasPollo','6','6.5'),('001-000005',66,'12','04','Nikolo','3','0.7'),('001-000005',67,'01','02','CarnePavo1kg','6','15.5'),('001-000005',68,'04','02','BrocoPieza500gr','4','6'),('001-000005',69,'01','01','CerdoRollos','6','11.5'),('001-000005',70,'03','01','Limones1kg','4','5');
INSERT INTO `en_p1t_factura_venta_det` (`FacVenCabCod`,`FacVenDetCod`,`ClaProCod`,`SubClaProCod`,`ProCod`,`FacVenDetCan`,`FacVenDetValUni`) VALUES ('001-000005',71,'02','01','Corvina','6','8'),('001-000005',72,'01','03','PiernasPollo','6','7.5'),('001-000005',73,'03','01','NaraZumoMalla','4','5'),('001-000005',74,'08','02','MermeFan500','3','6'),('001-000005',75,'04','03','TomFitofra500gr','4','6'),('001-000005',76,'12','01','TrideMenta','3','0.2'),('001-000005',77,'02','03','PimeAhuma100Gr','4','8'),('001-000005',78,'03','01','Mandarinas1kg','4','5'),('001-000005',79,'02','01','Bonito','6','10'),('001-000005',80,'04','01','AMorado1kg','4','6');
INSERT INTO `en_p1t_factura_venta_det` (`FacVenCabCod`,`FacVenDetCod`,`ClaProCod`,`SubClaProCod`,`ProCod`,`FacVenDetCan`,`FacVenDetValUni`) VALUES ('001-000005',81,'01','01','ChuletaCerdo','6','15.5'),('001-000005',82,'08','03','AconcDura250','3','5.5'),('001-000005',83,'02','02','GulaNorte','6','10'),('001-000005',84,'02','03','SalmAhuma200Gr','4','10'),('001-000005',85,'05','03','MiCereKellogs','4','6'),('001-000005',86,'01','03','AlasPollo','6','6.5'),('001-000005',87,'04','03','TomFriCase500gr','4','6'),('001-000005',88,'08','02','MermeGlo500','3','5.5'),('001-000005',89,'02','02','GulaNorte','6','10'),('001-000005',90,'05','03','MiCereCoFlake','4','6');
INSERT INTO `en_p1t_factura_venta_det` (`FacVenCabCod`,`FacVenDetCod`,`ClaProCod`,`SubClaProCod`,`ProCod`,`FacVenDetCan`,`FacVenDetValUni`) VALUES ('001-000005',91,'05','02','CerealKellog','4','6'),('001-000005',92,'05','02','CerealKellog','4','6'),('001-000005',93,'01','02','CarnePavo1kg','6','15.5'),('001-000005',94,'02','03','TrucAhuma200Gr','4','10'),('001-000005',95,'03','02','PeBlanca1kg','4','6'),('001-000005',96,'08','02','MermeGlo500','3','5.5'),('001-000005',97,'02','02','PaliSuri300Gr','4','10'),('001-000005',98,'03','02','ManzaGold240gr','4','6'),('001-000005',99,'05','01','BarrCereInteg','4','6'),('001-000005',100,'01','01','CerdoRollos','6','11.5');

INSERT INTO `en_p1t_factura_venta_det` (`FacVenCabCod`,`FacVenDetCod`,`ClaProCod`,`SubClaProCod`,`ProCod`,`FacVenDetCan`,`FacVenDetValUni`) VALUES ('001-000006',1,'08','03','AconcPiña250','3','5.5'),('001-000006',2,'05','02','CerealNestle','4','6'),('001-000006',3,'03','02','ManzaGold240gr','4','6'),('001-000006',4,'03','02','ManzaGold240gr','4','6'),('001-000006',5,'05','02','CerealCoFlake','4','6'),('001-000006',6,'03','01','NaraZumoMalla','4','5'),('001-000006',7,'01','01','CerdoRollos','6','11.5'),('001-000006',8,'01','01','CerdoRollos','6','11.5'),('001-000006',9,'03','02','ManzaGold240gr','4','6'),('001-000006',10,'04','03','EnsaTomaMal1kg','4','6');
INSERT INTO `en_p1t_factura_venta_det` (`FacVenCabCod`,`FacVenDetCod`,`ClaProCod`,`SubClaProCod`,`ProCod`,`FacVenDetCan`,`FacVenDetValUni`) VALUES ('001-000006',11,'02','02','KrisSuriFreRaya','4','10'),('001-000006',12,'04','03','TomFitofra500gr','4','6'),('001-000006',13,'04','02','ColiflBolsa1kg','4','6'),('001-000006',14,'02','02','KrisSuriFreRaya','4','10'),('001-000006',15,'08','02','MermeGlo500','3','5.5'),('001-000006',16,'01','02','PaPaCeNavid','6','15.5'),('001-000006',17,'01','02','CarnePavo1/2kg','6','7.5'),('001-000006',18,'09','02','SFernan100','3','1.5'),('001-000006',19,'05','03','MiCereCoFlake','4','6'),('001-000006',20,'04','02','ColiflBolsa1kg','4','6');
INSERT INTO `en_p1t_factura_venta_det` (`FacVenCabCod`,`FacVenDetCod`,`ClaProCod`,`SubClaProCod`,`ProCod`,`FacVenDetCan`,`FacVenDetValUni`) VALUES ('001-000006',21,'04','02','ColiflBolsa1kg','4','6'),('001-000006',22,'02','03','TrucAhuma200Gr','4','10'),('001-000006',23,'01','01','Cerdo1kg','6','15.5'),('001-000006',24,'02','03','SalmAhuma200Gr','4','10'),('001-000006',25,'05','01','BarrCereInteg','4','6'),('001-000006',26,'12','01','TrideMenta','3','0.2'),('001-000006',27,'02','01','Corvina','6','8'),('001-000006',28,'03','01','Limones1kg','4','5'),('001-000006',29,'02','03','PimeAhuma100Gr','4','8'),('001-000006',30,'01','02','CarnePavo1kg','6','15.5');
INSERT INTO `en_p1t_factura_venta_det` (`FacVenCabCod`,`FacVenDetCod`,`ClaProCod`,`SubClaProCod`,`ProCod`,`FacVenDetCan`,`FacVenDetValUni`) VALUES ('001-000006',31,'05','03','MiCereKellogs','4','6'),('001-000006',32,'02','01','Corvina','6','8'),('001-000006',33,'04','03','EnsaTomaMal1kg','4','6'),('001-000006',34,'02','03','PimeAhuma100Gr','4','8'),('001-000006',35,'03','02','ManzaGold240gr','4','6'),('001-000006',36,'05','01','BarrCereChoco','4','6'),('001-000006',37,'04','02','ColiflBolsa1kg','4','6'),('001-000006',38,'03','01','NaraZumoMalla','4','5'),('001-000006',39,'03','02','PeBlanca1kg','4','6'),('001-000006',40,'05','01','BarrCereChoco','4','6');
INSERT INTO `en_p1t_factura_venta_det` (`FacVenCabCod`,`FacVenDetCod`,`ClaProCod`,`SubClaProCod`,`ProCod`,`FacVenDetCan`,`FacVenDetValUni`) VALUES ('001-000006',41,'05','02','CerealKellog','4','6'),('001-000006',42,'02','02','KrisSuriFreRaya','4','10'),('001-000006',43,'04','01','AMoliFras55gr','4','6'),('001-000006',44,'08','03','AconcPiña250','3','5.5'),('001-000006',45,'03','01','Mandarinas1kg','4','5'),('001-000006',46,'05','03','MiCereNestLio','4','6'),('001-000006',47,'01','01','Cerdo1kg','6','15.5'),('001-000006',48,'03','01','NaraZumoMalla','4','5'),('001-000006',49,'04','02','Repollo1kg','4','6'),('001-000006',50,'08','03','AconcDura250','3','5.5');
INSERT INTO `en_p1t_factura_venta_det` (`FacVenCabCod`,`FacVenDetCod`,`ClaProCod`,`SubClaProCod`,`ProCod`,`FacVenDetCan`,`FacVenDetValUni`) VALUES ('001-000006',51,'05','01','BarrCereNesqu','4','6'),('001-000006',52,'03','02','PeBlanca1kg','4','6'),('001-000006',53,'05','01','BarrCereNesqu','4','6'),('001-000006',54,'04','01','AMorado1kg','4','6'),('001-000006',55,'04','01','AMoliFras55gr','4','6'),('001-000006',56,'05','01','BarrCereChoco','4','6'),('001-000006',57,'09','02','LaCale100','3','1.5'),('001-000006',58,'04','02','Repollo1kg','4','6'),('001-000006',59,'02','03','SalmAhuma200Gr','4','10'),('001-000006',60,'04','03','TomFriCase500gr','4','6');
INSERT INTO `en_p1t_factura_venta_det` (`FacVenCabCod`,`FacVenDetCod`,`ClaProCod`,`SubClaProCod`,`ProCod`,`FacVenDetCan`,`FacVenDetValUni`) VALUES ('001-000006',61,'01','01','Cerdo1kg','6','15.5'),('001-000006',62,'12','04','Mecano','3','1'),('001-000006',63,'04','01','AMoliFras55gr','4','6'),('001-000006',64,'02','01','Corvina','6','8'),('001-000006',65,'09','02','SFernan100','3','1.5'),('001-000006',66,'01','02','CarnePavo1/2kg','6','7.5'),('001-000006',67,'09','02','SFernan100','3','1.5'),('001-000006',68,'02','03','SalmAhuma200Gr','4','10'),('001-000006',69,'04','01','AMorado1kg','4','6'),('001-000006',70,'05','01','BarrCereInteg','4','6');
INSERT INTO `en_p1t_factura_venta_det` (`FacVenCabCod`,`FacVenDetCod`,`ClaProCod`,`SubClaProCod`,`ProCod`,`FacVenDetCan`,`FacVenDetValUni`) VALUES ('001-000006',71,'04','01','AMoliFras55gr','4','6'),('001-000006',72,'05','01','BarrCereInteg','4','6'),('001-000006',73,'02','02','KrisSuriFreRaya','4','10'),('001-000006',74,'01','01','CerdoRollos','6','11.5'),('001-000006',75,'01','02','CarnePavo1kg','6','15.5'),('001-000006',76,'05','02','CerealCoFlake','4','6'),('001-000006',77,'01','02','PaPaCeNavid','6','15.5'),('001-000006',78,'01','03','PiernasPollo','6','7.5'),('001-000006',79,'12','04','Nikolo','3','0.7'),('001-000006',80,'04','03','TomFriCase500gr','4','6');
INSERT INTO `en_p1t_factura_venta_det` (`FacVenCabCod`,`FacVenDetCod`,`ClaProCod`,`SubClaProCod`,`ProCod`,`FacVenDetCan`,`FacVenDetValUni`) VALUES ('001-000006',81,'09','02','LaCale100','3','1.5'),('001-000006',82,'02','01','Furel','6','10'),('001-000006',83,'03','02','ManzaGold240gr','4','6'),('001-000006',84,'08','02','MermeFan500','3','6'),('001-000006',85,'04','03','TomFitofra500gr','4','6'),('001-000006',86,'03','02','ManzaGold240gr','4','6'),('001-000006',87,'08','02','MermeGlo500','3','5.5'),('001-000006',88,'03','01','NaraZumoMalla','4','5'),('001-000006',89,'12','01','TrideMenta','3','0.2'),('001-000006',90,'05','02','CerealKellog','4','6');
INSERT INTO `en_p1t_factura_venta_det` (`FacVenCabCod`,`FacVenDetCod`,`ClaProCod`,`SubClaProCod`,`ProCod`,`FacVenDetCan`,`FacVenDetValUni`) VALUES ('001-000006',91,'05','02','CerealNestle','4','6'),('001-000006',92,'05','01','BarrCereNesqu','4','6'),('001-000006',93,'08','02','MermeGlo500','3','5.5'),('001-000006',94,'05','03','MiCereCoFlake','4','6'),('001-000006',95,'02','01','Furel','6','10'),('001-000006',96,'01','01','ChuletaCerdo','6','15.5'),('001-000006',97,'01','02','PaPaCeNavid','6','15.5'),('001-000006',98,'05','01','BarrCereNesqu','4','6'),('001-000006',99,'12','04','Mecano','3','1'),('001-000006',100,'09','02','LaCale100','3','1.5');

INSERT INTO `en_p1t_factura_venta_det` (`FacVenCabCod`,`FacVenDetCod`,`ClaProCod`,`SubClaProCod`,`ProCod`,`FacVenDetCan`,`FacVenDetValUni`) VALUES ('001-000007',1,'01','03','PiernasPollo','6','7.5'),('001-000007',2,'09','02','LaCale100','3','1.5'),('001-000007',3,'01','01','CerdoRollos','6','11.5'),('001-000007',4,'02','03','TrucAhuma200Gr','4','10'),('001-000007',5,'04','02','ColiflBolsa1kg','4','6'),('001-000007',6,'05','02','CerealNestle','4','6'),('001-000007',7,'04','01','AMoliFras55gr','4','6'),('001-000007',8,'02','02','PaliSuri300Gr','4','10'),('001-000007',9,'01','01','CerdoRollos','6','11.5'),('001-000007',10,'05','02','CerealNestle','4','6');
INSERT INTO `en_p1t_factura_venta_det` (`FacVenCabCod`,`FacVenDetCod`,`ClaProCod`,`SubClaProCod`,`ProCod`,`FacVenDetCan`,`FacVenDetValUni`) VALUES ('001-000007',11,'02','03','TrucAhuma200Gr','4','10'),('001-000007',12,'02','03','TrucAhuma200Gr','4','10'),('001-000007',13,'12','04','Mecano','3','1'),('001-000007',14,'12','04','Nikolo','3','0.7'),('001-000007',15,'03','02','ManzaRo290gr','4','6'),('001-000007',16,'12','04','Nikolo','3','0.7'),('001-000007',17,'09','02','LaCale100','3','1.5'),('001-000007',18,'09','02','SFernan100','3','1.5'),('001-000007',19,'04','01','AMorado1kg','4','6'),('001-000007',20,'05','02','CerealKellog','4','6');
INSERT INTO `en_p1t_factura_venta_det` (`FacVenCabCod`,`FacVenDetCod`,`ClaProCod`,`SubClaProCod`,`ProCod`,`FacVenDetCan`,`FacVenDetValUni`) VALUES ('001-000007',21,'03','01','NaraZumoMalla','4','5'),('001-000007',22,'08','03','AconcPiña250','3','5.5'),('001-000007',23,'05','03','MiCereKellogs','4','6'),('001-000007',24,'02','03','SalmAhuma200Gr','4','10'),('001-000007',25,'02','02','KrisSuriFreRaya','4','10'),('001-000007',26,'03','02','PeBlanca1kg','4','6'),('001-000007',27,'04','03','TomFriCase500gr','4','6'),('001-000007',28,'04','01','AMoliFras55gr','4','6'),('001-000007',29,'01','03','AlasPollo','6','6.5'),('001-000007',30,'04','01','AMorado1kg','4','6');
INSERT INTO `en_p1t_factura_venta_det` (`FacVenCabCod`,`FacVenDetCod`,`ClaProCod`,`SubClaProCod`,`ProCod`,`FacVenDetCan`,`FacVenDetValUni`) VALUES ('001-000007',31,'02','03','PimeAhuma100Gr','4','8'),('001-000007',32,'05','01','BarrCereInteg','4','6'),('001-000007',33,'03','02','ManzaRo290gr','4','6'),('001-000007',34,'02','03','TrucAhuma200Gr','4','10'),('001-000007',35,'01','01','CerdoRollos','6','11.5'),('001-000007',36,'08','02','MermeGlo500','3','5.5'),('001-000007',37,'02','03','PimeAhuma100Gr','4','8'),('001-000007',38,'02','02','GulaNorte','6','10'),('001-000007',39,'04','01','SazonadorA43gr','4','6'),('001-000007',40,'12','01','TrideMenta','3','0.2');
INSERT INTO `en_p1t_factura_venta_det` (`FacVenCabCod`,`FacVenDetCod`,`ClaProCod`,`SubClaProCod`,`ProCod`,`FacVenDetCan`,`FacVenDetValUni`) VALUES ('001-000007',41,'03','01','Limones1kg','4','5'),('001-000007',42,'02','01','Bonito','6','10'),('001-000007',43,'05','01','BarrCereChoco','4','6'),('001-000007',44,'01','02','CarnePavo1/2kg','6','7.5'),('001-000007',45,'04','01','AMoliFras55gr','4','6'),('001-000007',46,'02','02','GulaNorte','6','10'),('001-000007',47,'05','02','CerealCoFlake','4','6'),('001-000007',48,'08','02','MermeGlo500','3','5.5'),('001-000007',49,'01','01','Cerdo1kg','6','15.5'),('001-000007',50,'03','01','Mandarinas1kg','4','5');
INSERT INTO `en_p1t_factura_venta_det` (`FacVenCabCod`,`FacVenDetCod`,`ClaProCod`,`SubClaProCod`,`ProCod`,`FacVenDetCan`,`FacVenDetValUni`) VALUES ('001-000007',51,'05','01','BarrCereInteg','4','6'),('001-000007',52,'05','02','CerealKellog','4','6'),('001-000007',53,'05','01','BarrCereNesqu','4','6'),('001-000007',54,'03','01','Limones1kg','4','5'),('001-000007',55,'03','02','ManzaRo290gr','4','6'),('001-000007',56,'03','01','Mandarinas1kg','4','5'),('001-000007',57,'02','01','Bonito','6','10'),('001-000007',58,'01','03','PiernasPollo','6','7.5'),('001-000007',59,'09','02','SFernan100','3','1.5'),('001-000007',60,'01','03','PechugaPollo','6','7.5');
INSERT INTO `en_p1t_factura_venta_det` (`FacVenCabCod`,`FacVenDetCod`,`ClaProCod`,`SubClaProCod`,`ProCod`,`FacVenDetCan`,`FacVenDetValUni`) VALUES ('001-000007',61,'08','02','MermeFan500','3','6'),('001-000007',62,'04','01','AMorado1kg','4','6'),('001-000007',63,'12','01','ChiclMenta','3','0.2'),('001-000007',64,'04','03','EnsaTomaMal1kg','4','6'),('001-000007',65,'12','01','ChiclMenta','3','0.2'),('001-000007',66,'03','01','Limones1kg','4','5'),('001-000007',67,'04','01','AMorado1kg','4','6'),('001-000007',68,'05','01','BarrCereChoco','4','6'),('001-000007',69,'05','01','BarrCereChoco','4','6'),('001-000007',70,'02','02','KrisSuriFreRaya','4','10');
INSERT INTO `en_p1t_factura_venta_det` (`FacVenCabCod`,`FacVenDetCod`,`ClaProCod`,`SubClaProCod`,`ProCod`,`FacVenDetCan`,`FacVenDetValUni`) VALUES ('001-000007',71,'02','02','GulaNorte','6','10'),('001-000007',72,'01','02','CarnePavo1/2kg','6','7.5'),('001-000007',73,'03','02','PeBlanca1kg','4','6'),('001-000007',74,'08','02','MermeGlo500','3','5.5'),('001-000007',75,'12','04','Mecano','3','1'),('001-000007',76,'04','01','AMorado1kg','4','6'),('001-000007',77,'05','03','MiCereNestLio','4','6'),('001-000007',78,'09','02','LaCale100','3','1.5'),('001-000007',79,'08','02','MermeFan500','3','6'),('001-000007',80,'12','01','ChiclMenta','3','0.2');
INSERT INTO `en_p1t_factura_venta_det` (`FacVenCabCod`,`FacVenDetCod`,`ClaProCod`,`SubClaProCod`,`ProCod`,`FacVenDetCan`,`FacVenDetValUni`) VALUES ('001-000007',81,'02','02','GulaNorte','6','10'),('001-000007',82,'05','01','BarrCereInteg','4','6'),('001-000007',83,'08','02','MermeFan500','3','6'),('001-000007',84,'02','03','TrucAhuma200Gr','4','10'),('001-000007',85,'05','02','CerealKellog','4','6'),('001-000007',86,'03','01','NaraZumoMalla','4','5'),('001-000007',87,'04','02','Repollo1kg','4','6'),('001-000007',88,'04','03','TomFitofra500gr','4','6'),('001-000007',89,'01','01','CerdoRollos','6','11.5'),('001-000007',90,'03','01','NaraZumoMalla','4','5');
INSERT INTO `en_p1t_factura_venta_det` (`FacVenCabCod`,`FacVenDetCod`,`ClaProCod`,`SubClaProCod`,`ProCod`,`FacVenDetCan`,`FacVenDetValUni`) VALUES ('001-000007',91,'05','01','BarrCereChoco','4','6'),('001-000007',92,'02','02','GulaNorte','6','10'),('001-000007',93,'08','03','AconcPiña250','3','5.5'),('001-000007',94,'03','02','PeBlanca1kg','4','6'),('001-000007',95,'02','02','GulaNorte','6','10'),('001-000007',96,'01','01','Cerdo1kg','6','15.5'),('001-000007',97,'01','01','ChuletaCerdo','6','15.5'),('001-000007',98,'04','01','SazonadorA43gr','4','6'),('001-000007',99,'08','02','MermeGlo500','3','5.5'),('001-000007',100,'02','01','Bonito','6','10');

INSERT INTO `en_p1t_factura_venta_det` (`FacVenCabCod`,`FacVenDetCod`,`ClaProCod`,`SubClaProCod`,`ProCod`,`FacVenDetCan`,`FacVenDetValUni`) VALUES ('001-000008',1,'08','02','MermeFan500','3','6'),('001-000008',2,'01','02','PaPaCeNavid','6','15.5'),('001-000008',3,'01','01','ChuletaCerdo','6','15.5'),('001-000008',4,'03','02','PeBlanca1kg','4','6'),('001-000008',5,'05','02','CerealCoFlake','4','6'),('001-000008',6,'05','03','MiCereKellogs','4','6'),('001-000008',7,'12','04','Mecano','3','1'),('001-000008',8,'05','03','MiCereNestLio','4','6'),('001-000008',9,'12','04','Nikolo','3','0.7'),('001-000008',10,'05','03','MiCereNestLio','4','6');
INSERT INTO `en_p1t_factura_venta_det` (`FacVenCabCod`,`FacVenDetCod`,`ClaProCod`,`SubClaProCod`,`ProCod`,`FacVenDetCan`,`FacVenDetValUni`) VALUES ('001-000008',11,'03','01','NaraZumoMalla','4','5'),('001-000008',12,'04','02','BrocoPieza500gr','4','6'),('001-000008',13,'12','01','TrideMenta','3','0.2'),('001-000008',14,'01','01','CerdoRollos','6','11.5'),('001-000008',15,'03','02','PeBlanca1kg','4','6'),('001-000008',16,'02','01','Corvina','6','8'),('001-000008',17,'12','01','ChiclMenta','3','0.2'),('001-000008',18,'05','02','CerealNestle','4','6'),('001-000008',19,'08','02','MermeFan500','3','6'),('001-000008',20,'02','01','Bonito','6','10');
INSERT INTO `en_p1t_factura_venta_det` (`FacVenCabCod`,`FacVenDetCod`,`ClaProCod`,`SubClaProCod`,`ProCod`,`FacVenDetCan`,`FacVenDetValUni`) VALUES ('001-000008',21,'01','03','PiernasPollo','6','7.5'),('001-000008',22,'02','01','Furel','6','10'),('001-000008',23,'05','02','CerealCoFlake','4','6'),('001-000008',24,'03','01','Mandarinas1kg','4','5'),('001-000008',25,'09','02','LaCale100','3','1.5'),('001-000008',26,'02','02','PaliSuri300Gr','4','10'),('001-000008',27,'04','02','Repollo1kg','4','6'),('001-000008',28,'04','02','ColiflBolsa1kg','4','6'),('001-000008',29,'08','02','MermeGlo500','3','5.5'),('001-000008',30,'03','01','Mandarinas1kg','4','5');
INSERT INTO `en_p1t_factura_venta_det` (`FacVenCabCod`,`FacVenDetCod`,`ClaProCod`,`SubClaProCod`,`ProCod`,`FacVenDetCan`,`FacVenDetValUni`) VALUES ('001-000008',31,'02','02','GulaNorte','6','10'),('001-000008',32,'08','03','AconcDura250','3','5.5'),('001-000008',33,'12','04','Nikolo','3','0.7'),('001-000008',34,'01','03','AlasPollo','6','6.5'),('001-000008',35,'05','03','MiCereKellogs','4','6'),('001-000008',36,'01','02','CarnePavo1kg','6','15.5'),('001-000008',37,'02','02','GulaNorte','6','10'),('001-000008',38,'05','02','CerealNestle','4','6'),('001-000008',39,'09','02','SFernan100','3','1.5'),('001-000008',40,'04','01','AMoliFras55gr','4','6');
INSERT INTO `en_p1t_factura_venta_det` (`FacVenCabCod`,`FacVenDetCod`,`ClaProCod`,`SubClaProCod`,`ProCod`,`FacVenDetCan`,`FacVenDetValUni`) VALUES ('001-000008',41,'01','02','PaPaCeNavid','6','15.5'),('001-000008',42,'04','02','ColiflBolsa1kg','4','6'),('001-000008',43,'04','01','AMorado1kg','4','6'),('001-000008',44,'04','03','TomFitofra500gr','4','6'),('001-000008',45,'05','01','BarrCereChoco','4','6'),('001-000008',46,'01','03','AlasPollo','6','6.5'),('001-000008',47,'02','01','Bonito','6','10'),('001-000008',48,'02','03','SalmAhuma200Gr','4','10'),('001-000008',49,'04','02','Repollo1kg','4','6'),('001-000008',50,'12','04','Nikolo','3','0.7');
INSERT INTO `en_p1t_factura_venta_det` (`FacVenCabCod`,`FacVenDetCod`,`ClaProCod`,`SubClaProCod`,`ProCod`,`FacVenDetCan`,`FacVenDetValUni`) VALUES ('001-000008',51,'05','02','CerealNestle','4','6'),('001-000008',52,'04','02','Repollo1kg','4','6'),('001-000008',53,'04','02','BrocoPieza500gr','4','6'),('001-000008',54,'05','02','CerealKellog','4','6'),('001-000008',55,'02','03','TrucAhuma200Gr','4','10'),('001-000008',56,'04','02','ColiflBolsa1kg','4','6'),('001-000008',57,'02','02','KrisSuriFreRaya','4','10'),('001-000008',58,'01','03','AlasPollo','6','6.5'),('001-000008',59,'02','03','SalmAhuma200Gr','4','10'),('001-000008',60,'01','03','PiernasPollo','6','7.5');
INSERT INTO `en_p1t_factura_venta_det` (`FacVenCabCod`,`FacVenDetCod`,`ClaProCod`,`SubClaProCod`,`ProCod`,`FacVenDetCan`,`FacVenDetValUni`) VALUES ('001-000008',61,'08','02','MermeGlo500','3','5.5'),('001-000008',62,'01','01','Cerdo1kg','6','15.5'),('001-000008',63,'12','01','TrideMenta','3','0.2'),('001-000008',64,'04','03','TomFriCase500gr','4','6'),('001-000008',65,'04','03','EnsaTomaMal1kg','4','6'),('001-000008',66,'01','02','PaPaCeNavid','6','15.5'),('001-000008',67,'04','02','BrocoPieza500gr','4','6'),('001-000008',68,'09','02','SFernan100','3','1.5'),('001-000008',69,'01','02','CarnePavo1/2kg','6','7.5'),('001-000008',70,'02','03','PimeAhuma100Gr','4','8');
INSERT INTO `en_p1t_factura_venta_det` (`FacVenCabCod`,`FacVenDetCod`,`ClaProCod`,`SubClaProCod`,`ProCod`,`FacVenDetCan`,`FacVenDetValUni`) VALUES ('001-000008',71,'02','01','Corvina','6','8'),('001-000008',72,'09','02','SFernan100','3','1.5'),('001-000008',73,'12','04','Nikolo','3','0.7'),('001-000008',74,'01','02','CarnePavo1kg','6','15.5'),('001-000008',75,'09','02','SFernan100','3','1.5'),('001-000008',76,'04','03','TomFitofra500gr','4','6'),('001-000008',77,'02','03','TrucAhuma200Gr','4','10'),('001-000008',78,'01','03','AlasPollo','6','6.5'),('001-000008',79,'08','03','AconcPiña250','3','5.5'),('001-000008',80,'12','04','Nikolo','3','0.7');
INSERT INTO `en_p1t_factura_venta_det` (`FacVenCabCod`,`FacVenDetCod`,`ClaProCod`,`SubClaProCod`,`ProCod`,`FacVenDetCan`,`FacVenDetValUni`) VALUES ('001-000008',81,'02','01','Corvina','6','8'),('001-000008',82,'02','02','KrisSuriFreRaya','4','10'),('001-000008',83,'09','02','LaCale100','3','1.5'),('001-000008',84,'12','04','Nikolo','3','0.7'),('001-000008',85,'02','03','SalmAhuma200Gr','4','10'),('001-000008',86,'05','01','BarrCereChoco','4','6'),('001-000008',87,'05','03','MiCereCoFlake','4','6'),('001-000008',88,'12','01','TrideMenta','3','0.2'),('001-000008',89,'03','02','ManzaRo290gr','4','6'),('001-000008',90,'03','02','ManzaRo290gr','4','6');
INSERT INTO `en_p1t_factura_venta_det` (`FacVenCabCod`,`FacVenDetCod`,`ClaProCod`,`SubClaProCod`,`ProCod`,`FacVenDetCan`,`FacVenDetValUni`) VALUES ('001-000008',91,'02','02','PaliSuri300Gr','4','10'),('001-000008',92,'09','02','SFernan100','3','1.5'),('001-000008',93,'05','03','MiCereNestLio','4','6'),('001-000008',94,'02','03','TrucAhuma200Gr','4','10'),('001-000008',95,'09','02','LaCale100','3','1.5'),('001-000008',96,'04','02','ColiflBolsa1kg','4','6'),('001-000008',97,'01','02','PaPaCeNavid','6','15.5'),('001-000008',98,'05','02','CerealKellog','4','6'),('001-000008',99,'04','02','ColiflBolsa1kg','4','6'),('001-000008',100,'05','01','BarrCereInteg','4','6');

INSERT INTO `en_p1t_factura_venta_det` (`FacVenCabCod`,`FacVenDetCod`,`ClaProCod`,`SubClaProCod`,`ProCod`,`FacVenDetCan`,`FacVenDetValUni`) VALUES ('001-000009',1,'03','01','Limones1kg','4','5'),('001-000009',2,'12','04','Mecano','3','1'),('001-000009',3,'04','02','BrocoPieza500gr','4','6'),('001-000009',4,'04','03','TomFriCase500gr','4','6'),('001-000009',5,'05','02','CerealCoFlake','4','6'),('001-000009',6,'01','03','PiernasPollo','6','7.5'),('001-000009',7,'04','01','AMorado1kg','4','6'),('001-000009',8,'04','01','SazonadorA43gr','4','6'),('001-000009',9,'01','02','PaPaCeNavid','6','15.5'),('001-000009',10,'01','02','CarnePavo1/2kg','6','7.5');
INSERT INTO `en_p1t_factura_venta_det` (`FacVenCabCod`,`FacVenDetCod`,`ClaProCod`,`SubClaProCod`,`ProCod`,`FacVenDetCan`,`FacVenDetValUni`) VALUES ('001-000009',11,'04','01','AMorado1kg','4','6'),('001-000009',12,'02','01','Bonito','6','10'),('001-000009',13,'01','03','AlasPollo','6','6.5'),('001-000009',14,'04','02','ColiflBolsa1kg','4','6'),('001-000009',15,'09','02','SFernan100','3','1.5'),('001-000009',16,'04','03','EnsaTomaMal1kg','4','6'),('001-000009',17,'05','03','MiCereKellogs','4','6'),('001-000009',18,'05','03','MiCereKellogs','4','6'),('001-000009',19,'12','01','ChiclMenta','3','0.2'),('001-000009',20,'04','02','Repollo1kg','4','6');
INSERT INTO `en_p1t_factura_venta_det` (`FacVenCabCod`,`FacVenDetCod`,`ClaProCod`,`SubClaProCod`,`ProCod`,`FacVenDetCan`,`FacVenDetValUni`) VALUES ('001-000009',21,'09','02','LaCale100','3','1.5'),('001-000009',22,'05','01','BarrCereInteg','4','6'),('001-000009',23,'04','03','TomFitofra500gr','4','6'),('001-000009',24,'01','01','CerdoRollos','6','11.5'),('001-000009',25,'12','01','TrideMenta','3','0.2'),('001-000009',26,'05','01','BarrCereNesqu','4','6'),('001-000009',27,'02','02','GulaNorte','6','10'),('001-000009',28,'02','02','KrisSuriFreRaya','4','10'),('001-000009',29,'02','03','TrucAhuma200Gr','4','10'),('001-000009',30,'08','02','MermeFan500','3','6');
INSERT INTO `en_p1t_factura_venta_det` (`FacVenCabCod`,`FacVenDetCod`,`ClaProCod`,`SubClaProCod`,`ProCod`,`FacVenDetCan`,`FacVenDetValUni`) VALUES ('001-000009',31,'02','01','Furel','6','10'),('001-000009',32,'12','04','Mecano','3','1'),('001-000009',33,'08','02','MermeFan500','3','6'),('001-000009',34,'05','01','BarrCereInteg','4','6'),('001-000009',35,'02','02','GulaNorte','6','10'),('001-000009',36,'05','03','MiCereNestLio','4','6'),('001-000009',37,'04','01','AMorado1kg','4','6'),('001-000009',38,'02','03','TrucAhuma200Gr','4','10'),('001-000009',39,'03','02','PeBlanca1kg','4','6'),('001-000009',40,'02','03','SalmAhuma200Gr','4','10');
INSERT INTO `en_p1t_factura_venta_det` (`FacVenCabCod`,`FacVenDetCod`,`ClaProCod`,`SubClaProCod`,`ProCod`,`FacVenDetCan`,`FacVenDetValUni`) VALUES ('001-000009',41,'01','03','AlasPollo','6','6.5'),('001-000009',42,'05','01','BarrCereNesqu','4','6'),('001-000009',43,'01','03','PechugaPollo','6','7.5'),('001-000009',44,'09','02','SFernan100','3','1.5'),('001-000009',45,'05','01','BarrCereNesqu','4','6'),('001-000009',46,'01','03','PiernasPollo','6','7.5'),('001-000009',47,'02','03','PimeAhuma100Gr','4','8'),('001-000009',48,'04','01','AMorado1kg','4','6'),('001-000009',49,'04','03','TomFriCase500gr','4','6'),('001-000009',50,'01','02','PaPaCeNavid','6','15.5');
INSERT INTO `en_p1t_factura_venta_det` (`FacVenCabCod`,`FacVenDetCod`,`ClaProCod`,`SubClaProCod`,`ProCod`,`FacVenDetCan`,`FacVenDetValUni`) VALUES ('001-000009',51,'03','01','Mandarinas1kg','4','5'),('001-000009',52,'12','01','ChiclMenta','3','0.2'),('001-000009',53,'04','01','AMoliFras55gr','4','6'),('001-000009',54,'04','01','AMorado1kg','4','6'),('001-000009',55,'01','02','CarnePavo1/2kg','6','7.5'),('001-000009',56,'01','02','PaPaCeNavid','6','15.5'),('001-000009',57,'02','03','PimeAhuma100Gr','4','8'),('001-000009',58,'05','03','MiCereNestLio','4','6'),('001-000009',59,'09','02','SFernan100','3','1.5'),('001-000009',60,'12','01','TrideMenta','3','0.2');
INSERT INTO `en_p1t_factura_venta_det` (`FacVenCabCod`,`FacVenDetCod`,`ClaProCod`,`SubClaProCod`,`ProCod`,`FacVenDetCan`,`FacVenDetValUni`) VALUES ('001-000009',61,'05','02','CerealKellog','4','6'),('001-000009',62,'05','03','MiCereNestLio','4','6'),('001-000009',63,'01','03','PechugaPollo','6','7.5'),('001-000009',64,'04','02','BrocoPieza500gr','4','6'),('001-000009',65,'02','02','GulaNorte','6','10'),('001-000009',66,'02','01','Furel','6','10'),('001-000009',67,'05','02','CerealCoFlake','4','6'),('001-000009',68,'12','01','ChiclMenta','3','0.2'),('001-000009',69,'05','03','MiCereCoFlake','4','6'),('001-000009',70,'12','04','Nikolo','3','0.7');
INSERT INTO `en_p1t_factura_venta_det` (`FacVenCabCod`,`FacVenDetCod`,`ClaProCod`,`SubClaProCod`,`ProCod`,`FacVenDetCan`,`FacVenDetValUni`) VALUES ('001-000009',71,'02','01','Corvina','6','8'),('001-000009',72,'02','02','PaliSuri300Gr','4','10'),('001-000009',73,'05','03','MiCereKellogs','4','6'),('001-000009',74,'03','01','Mandarinas1kg','4','5'),('001-000009',75,'02','01','Bonito','6','10'),('001-000009',76,'01','02','PaPaCeNavid','6','15.5'),('001-000009',77,'08','03','AconcDura250','3','5.5'),('001-000009',78,'02','02','PaliSuri300Gr','4','10'),('001-000009',79,'05','03','MiCereCoFlake','4','6'),('001-000009',80,'08','02','MermeGlo500','3','5.5');
INSERT INTO `en_p1t_factura_venta_det` (`FacVenCabCod`,`FacVenDetCod`,`ClaProCod`,`SubClaProCod`,`ProCod`,`FacVenDetCan`,`FacVenDetValUni`) VALUES ('001-000009',81,'04','01','SazonadorA43gr','4','6'),('001-000009',82,'05','03','MiCereKellogs','4','6'),('001-000009',83,'01','01','Cerdo1kg','6','15.5'),('001-000009',84,'12','01','ChiclMenta','3','0.2'),('001-000009',85,'04','01','AMorado1kg','4','6'),('001-000009',86,'03','02','ManzaRo290gr','4','6'),('001-000009',87,'03','01','NaraZumoMalla','4','5'),('001-000009',88,'02','03','TrucAhuma200Gr','4','10'),('001-000009',89,'04','02','BrocoPieza500gr','4','6'),('001-000009',90,'04','03','EnsaTomaMal1kg','4','6');
INSERT INTO `en_p1t_factura_venta_det` (`FacVenCabCod`,`FacVenDetCod`,`ClaProCod`,`SubClaProCod`,`ProCod`,`FacVenDetCan`,`FacVenDetValUni`) VALUES ('001-000009',91,'08','02','MermeFan500','3','6'),('001-000009',92,'04','03','EnsaTomaMal1kg','4','6'),('001-000009',93,'04','02','BrocoPieza500gr','4','6'),('001-000009',94,'03','01','Mandarinas1kg','4','5'),('001-000009',95,'09','02','SFernan100','3','1.5'),('001-000009',96,'04','02','ColiflBolsa1kg','4','6'),('001-000009',97,'02','03','SalmAhuma200Gr','4','10'),('001-000009',98,'08','02','MermeFan500','3','6'),('001-000009',99,'02','03','TrucAhuma200Gr','4','10'),('001-000009',100,'09','02','LaCale100','3','1.5');

INSERT INTO `en_p1t_factura_venta_det` (`FacVenCabCod`,`FacVenDetCod`,`ClaProCod`,`SubClaProCod`,`ProCod`,`FacVenDetCan`,`FacVenDetValUni`) VALUES ('001-000010',1,'08','03','AconcDura250','3','5.5'),('001-000010',2,'12','01','ChiclMenta','3','0.2'),('001-000010',3,'02','01','Corvina','6','8'),('001-000010',4,'05','03','MiCereKellogs','4','6'),('001-000010',5,'03','01','Mandarinas1kg','4','5'),('001-000010',6,'02','03','PimeAhuma100Gr','4','8'),('001-000010',7,'04','03','EnsaTomaMal1kg','4','6'),('001-000010',8,'04','03','EnsaTomaMal1kg','4','6'),('001-000010',9,'05','02','CerealKellog','4','6'),('001-000010',10,'01','03','PechugaPollo','6','7.5');
INSERT INTO `en_p1t_factura_venta_det` (`FacVenCabCod`,`FacVenDetCod`,`ClaProCod`,`SubClaProCod`,`ProCod`,`FacVenDetCan`,`FacVenDetValUni`) VALUES ('001-000010',11,'03','01','NaraZumoMalla','4','5'),('001-000010',12,'02','02','PaliSuri300Gr','4','10'),('001-000010',13,'05','03','MiCereNestLio','4','6'),('001-000010',14,'08','02','MermeGlo500','3','5.5'),('001-000010',15,'12','04','Nikolo','3','0.7'),('001-000010',16,'05','03','MiCereKellogs','4','6'),('001-000010',17,'05','02','CerealCoFlake','4','6'),('001-000010',18,'01','02','CarnePavo1/2kg','6','7.5'),('001-000010',19,'04','01','SazonadorA43gr','4','6'),('001-000010',20,'12','04','Mecano','3','1');
INSERT INTO `en_p1t_factura_venta_det` (`FacVenCabCod`,`FacVenDetCod`,`ClaProCod`,`SubClaProCod`,`ProCod`,`FacVenDetCan`,`FacVenDetValUni`) VALUES ('001-000010',21,'02','03','PimeAhuma100Gr','4','8'),('001-000010',22,'01','02','PaPaCeNavid','6','15.5'),('001-000010',23,'12','01','TrideMenta','3','0.2'),('001-000010',24,'02','03','PimeAhuma100Gr','4','8'),('001-000010',25,'02','02','PaliSuri300Gr','4','10'),('001-000010',26,'03','02','PeBlanca1kg','4','6'),('001-000010',27,'03','01','Mandarinas1kg','4','5'),('001-000010',28,'05','02','CerealCoFlake','4','6'),('001-000010',29,'02','03','TrucAhuma200Gr','4','10'),('001-000010',30,'05','03','MiCereNestLio','4','6');
INSERT INTO `en_p1t_factura_venta_det` (`FacVenCabCod`,`FacVenDetCod`,`ClaProCod`,`SubClaProCod`,`ProCod`,`FacVenDetCan`,`FacVenDetValUni`) VALUES ('001-000010',31,'02','01','Furel','6','10'),('001-000010',32,'02','03','SalmAhuma200Gr','4','10'),('001-000010',33,'01','03','PiernasPollo','6','7.5'),('001-000010',34,'04','01','SazonadorA43gr','4','6'),('001-000010',35,'01','03','PechugaPollo','6','7.5'),('001-000010',36,'08','02','MermeFan500','3','6'),('001-000010',37,'05','01','BarrCereNesqu','4','6'),('001-000010',38,'03','02','ManzaRo290gr','4','6'),('001-000010',39,'04','01','AMorado1kg','4','6'),('001-000010',40,'03','02','ManzaGold240gr','4','6');
INSERT INTO `en_p1t_factura_venta_det` (`FacVenCabCod`,`FacVenDetCod`,`ClaProCod`,`SubClaProCod`,`ProCod`,`FacVenDetCan`,`FacVenDetValUni`) VALUES ('001-000010',41,'03','01','NaraZumoMalla','4','5'),('001-000010',42,'05','02','CerealKellog','4','6'),('001-000010',43,'04','01','SazonadorA43gr','4','6'),('001-000010',44,'01','03','AlasPollo','6','6.5'),('001-000010',45,'05','01','BarrCereChoco','4','6'),('001-000010',46,'12','01','ChiclMenta','3','0.2'),('001-000010',47,'05','01','BarrCereChoco','4','6'),('001-000010',48,'03','02','ManzaGold240gr','4','6'),('001-000010',49,'05','02','CerealKellog','4','6'),('001-000010',50,'03','01','NaraZumoMalla','4','5');
INSERT INTO `en_p1t_factura_venta_det` (`FacVenCabCod`,`FacVenDetCod`,`ClaProCod`,`SubClaProCod`,`ProCod`,`FacVenDetCan`,`FacVenDetValUni`) VALUES ('001-000010',51,'03','01','Mandarinas1kg','4','5'),('001-000010',52,'04','03','TomFriCase500gr','4','6'),('001-000010',53,'05','01','BarrCereNesqu','4','6'),('001-000010',54,'05','01','BarrCereInteg','4','6'),('001-000010',55,'02','03','SalmAhuma200Gr','4','10'),('001-000010',56,'03','01','Limones1kg','4','5'),('001-000010',57,'12','04','Mecano','3','1'),('001-000010',58,'01','02','CarnePavo1kg','6','15.5'),('001-000010',59,'05','02','CerealNestle','4','6'),('001-000010',60,'08','03','AconcDura250','3','5.5');
INSERT INTO `en_p1t_factura_venta_det` (`FacVenCabCod`,`FacVenDetCod`,`ClaProCod`,`SubClaProCod`,`ProCod`,`FacVenDetCan`,`FacVenDetValUni`) VALUES ('001-000010',61,'05','03','MiCereKellogs','4','6'),('001-000010',62,'04','03','EnsaTomaMal1kg','4','6'),('001-000010',63,'01','02','PaPaCeNavid','6','15.5'),('001-000010',64,'02','03','SalmAhuma200Gr','4','10'),('001-000010',65,'02','02','KrisSuriFreRaya','4','10'),('001-000010',66,'03','01','NaraZumoMalla','4','5'),('001-000010',67,'02','01','Corvina','6','8'),('001-000010',68,'02','03','PimeAhuma100Gr','4','8'),('001-000010',69,'12','04','Mecano','3','1'),('001-000010',70,'08','03','AconcPiña250','3','5.5');
INSERT INTO `en_p1t_factura_venta_det` (`FacVenCabCod`,`FacVenDetCod`,`ClaProCod`,`SubClaProCod`,`ProCod`,`FacVenDetCan`,`FacVenDetValUni`) VALUES ('001-000010',71,'01','02','CarnePavo1/2kg','6','7.5'),('001-000010',72,'01','03','PechugaPollo','6','7.5'),('001-000010',73,'04','01','SazonadorA43gr','4','6'),('001-000010',74,'05','01','BarrCereInteg','4','6'),('001-000010',75,'04','02','BrocoPieza500gr','4','6'),('001-000010',76,'04','01','AMoliFras55gr','4','6'),('001-000010',77,'05','03','MiCereCoFlake','4','6'),('001-000010',78,'04','01','AMoliFras55gr','4','6'),('001-000010',79,'01','01','Cerdo1kg','6','15.5'),('001-000010',80,'04','02','Repollo1kg','4','6');
INSERT INTO `en_p1t_factura_venta_det` (`FacVenCabCod`,`FacVenDetCod`,`ClaProCod`,`SubClaProCod`,`ProCod`,`FacVenDetCan`,`FacVenDetValUni`) VALUES ('001-000010',81,'12','04','Nikolo','3','0.7'),('001-000010',82,'03','01','Mandarinas1kg','4','5'),('001-000010',83,'04','02','BrocoPieza500gr','4','6'),('001-000010',84,'02','01','Corvina','6','8'),('001-000010',85,'04','02','ColiflBolsa1kg','4','6'),('001-000010',86,'05','01','BarrCereInteg','4','6'),('001-000010',87,'09','02','SFernan100','3','1.5'),('001-000010',88,'05','03','MiCereKellogs','4','6'),('001-000010',89,'03','01','Mandarinas1kg','4','5'),('001-000010',90,'03','02','ManzaRo290gr','4','6');
INSERT INTO `en_p1t_factura_venta_det` (`FacVenCabCod`,`FacVenDetCod`,`ClaProCod`,`SubClaProCod`,`ProCod`,`FacVenDetCan`,`FacVenDetValUni`) VALUES ('001-000010',91,'01','03','PechugaPollo','6','7.5'),('001-000010',92,'12','01','TrideMenta','3','0.2'),('001-000010',93,'04','02','ColiflBolsa1kg','4','6'),('001-000010',94,'12','04','Nikolo','3','0.7'),('001-000010',95,'04','02','Repollo1kg','4','6'),('001-000010',96,'02','01','Bonito','6','10'),('001-000010',97,'03','02','PeBlanca1kg','4','6'),('001-000010',98,'01','02','CarnePavo1kg','6','15.5'),('001-000010',99,'04','01','AMorado1kg','4','6'),('001-000010',100,'04','01','SazonadorA43gr','4','6');

COMMIT;

-- -----------------------------------------------------
-- Data for table `episerp`.`en_p1m_movimiento_punto_ven`
-- -----------------------------------------------------
START TRANSACTION;
USE `episerp`;
INSERT INTO `en_p1m_movimiento_punto_ven` (`MovPunVenCod`, `SucCod`, `PunVenCod`, `TipComCod`, `MovPunVenComCod`, `UsuCod`, `MovPunVenFec`, `MovPunVenMon`, `EstRegCod`) VALUES ('1', '00101', '000005', '1', '001-000001', '2', '2016-10-09', '1500.00', 'A');
INSERT INTO `en_p1m_movimiento_punto_ven` (`MovPunVenCod`, `SucCod`, `PunVenCod`, `TipComCod`, `MovPunVenComCod`, `UsuCod`, `MovPunVenFec`, `MovPunVenMon`, `EstRegCod`) VALUES ('2', '00105', '000007', '1', '001-000002', '2', '2016-10-09', '23424.20', 'A');
INSERT INTO `en_p1m_movimiento_punto_ven` (`MovPunVenCod`, `SucCod`, `PunVenCod`, `TipComCod`, `MovPunVenComCod`, `UsuCod`, `MovPunVenFec`, `MovPunVenMon`, `EstRegCod`) VALUES ('3', '00105', '000007', '1', '001-000003', '2', '2016-10-09', '23424.20', 'A');
INSERT INTO `en_p1m_movimiento_punto_ven` (`MovPunVenCod`, `SucCod`, `PunVenCod`, `TipComCod`, `MovPunVenComCod`, `UsuCod`, `MovPunVenFec`, `MovPunVenMon`, `EstRegCod`) VALUES ('4', '00106', '000013', '1', '001-000004', '2', '2016-10-09', '724','A');
INSERT INTO `en_p1m_movimiento_punto_ven` (`MovPunVenCod`, `SucCod`, `PunVenCod`, `TipComCod`, `MovPunVenComCod`, `UsuCod`, `MovPunVenFec`, `MovPunVenMon`, `EstRegCod`) VALUES ('5', '00105', '000011', '1', '001-000005', '2', '2016-10-09', '961','A');
INSERT INTO `en_p1m_movimiento_punto_ven` (`MovPunVenCod`, `SucCod`, `PunVenCod`, `TipComCod`, `MovPunVenComCod`, `UsuCod`, `MovPunVenFec`, `MovPunVenMon`, `EstRegCod`) VALUES ('6', '00108', '000015', '1', '001-000006', '2', '2016-10-09', '153','A');
INSERT INTO `en_p1m_movimiento_punto_ven` (`MovPunVenCod`, `SucCod`, `PunVenCod`, `TipComCod`, `MovPunVenComCod`, `UsuCod`, `MovPunVenFec`, `MovPunVenMon`, `EstRegCod`) VALUES ('7', '00107', '000029', '1', '001-000007', '2', '2016-10-09', '771','A');
INSERT INTO `en_p1m_movimiento_punto_ven` (`MovPunVenCod`, `SucCod`, `PunVenCod`, `TipComCod`, `MovPunVenComCod`, `UsuCod`, `MovPunVenFec`, `MovPunVenMon`, `EstRegCod`) VALUES ('8', '00108', '000032', '1', '001-000008', '2', '2016-10-09', '811','A');
INSERT INTO `en_p1m_movimiento_punto_ven` (`MovPunVenCod`, `SucCod`, `PunVenCod`, `TipComCod`, `MovPunVenComCod`, `UsuCod`, `MovPunVenFec`, `MovPunVenMon`, `EstRegCod`) VALUES ('9', '00105', '000023', '1', '001-000009', '2', '2016-10-09', '547','A');
INSERT INTO `en_p1m_movimiento_punto_ven` (`MovPunVenCod`, `SucCod`, `PunVenCod`, `TipComCod`, `MovPunVenComCod`, `UsuCod`, `MovPunVenFec`, `MovPunVenMon`, `EstRegCod`) VALUES ('10', '00108', '000003', '1', '001-000010', '2', '2016-10-09', '778','A');
INSERT INTO `en_p1m_movimiento_punto_ven` (`MovPunVenCod`, `SucCod`, `PunVenCod`, `TipComCod`, `MovPunVenComCod`, `UsuCod`, `MovPunVenFec`, `MovPunVenMon`, `EstRegCod`) VALUES ('11', '00103', '000037', '1', '001-000011', '2', '2016-10-09', '264','A');
INSERT INTO `en_p1m_movimiento_punto_ven` (`MovPunVenCod`, `SucCod`, `PunVenCod`, `TipComCod`, `MovPunVenComCod`, `UsuCod`, `MovPunVenFec`, `MovPunVenMon`, `EstRegCod`) VALUES ('12', '00101', '000005', '1', '001-000012', '2', '2016-10-09', '101','A');
INSERT INTO `en_p1m_movimiento_punto_ven` (`MovPunVenCod`, `SucCod`, `PunVenCod`, `TipComCod`, `MovPunVenComCod`, `UsuCod`, `MovPunVenFec`, `MovPunVenMon`, `EstRegCod`) VALUES ('13', '00104', '000046', '1', '001-000013', '2', '2016-10-09', '966','A');
INSERT INTO `en_p1m_movimiento_punto_ven` (`MovPunVenCod`, `SucCod`, `PunVenCod`, `TipComCod`, `MovPunVenComCod`, `UsuCod`, `MovPunVenFec`, `MovPunVenMon`, `EstRegCod`) VALUES ('14', '00105', '000023', '1', '001-000014', '2', '2016-10-09', '538','A');
INSERT INTO `en_p1m_movimiento_punto_ven` (`MovPunVenCod`, `SucCod`, `PunVenCod`, `TipComCod`, `MovPunVenComCod`, `UsuCod`, `MovPunVenFec`, `MovPunVenMon`, `EstRegCod`) VALUES ('15', '00102', '000016', '1', '001-000015', '2', '2016-10-09', '724','A');
INSERT INTO `en_p1m_movimiento_punto_ven` (`MovPunVenCod`, `SucCod`, `PunVenCod`, `TipComCod`, `MovPunVenComCod`, `UsuCod`, `MovPunVenFec`, `MovPunVenMon`, `EstRegCod`) VALUES ('16', '00105', '000011', '1', '001-000016', '2', '2016-10-09', '961','A');
INSERT INTO `en_p1m_movimiento_punto_ven` (`MovPunVenCod`, `SucCod`, `PunVenCod`, `TipComCod`, `MovPunVenComCod`, `UsuCod`, `MovPunVenFec`, `MovPunVenMon`, `EstRegCod`) VALUES ('17', '00108', '000015', '1', '001-000017', '2', '2016-10-09', '153','A');
INSERT INTO `en_p1m_movimiento_punto_ven` (`MovPunVenCod`, `SucCod`, `PunVenCod`, `TipComCod`, `MovPunVenComCod`, `UsuCod`, `MovPunVenFec`, `MovPunVenMon`, `EstRegCod`) VALUES ('18', '00107', '000029', '1', '001-000018', '2', '2016-10-09', '771','A');
INSERT INTO `en_p1m_movimiento_punto_ven` (`MovPunVenCod`, `SucCod`, `PunVenCod`, `TipComCod`, `MovPunVenComCod`, `UsuCod`, `MovPunVenFec`, `MovPunVenMon`, `EstRegCod`) VALUES ('19', '00102', '000016', '1', '001-000019', '2', '2016-10-09', '724','A');
INSERT INTO `en_p1m_movimiento_punto_ven` (`MovPunVenCod`, `SucCod`, `PunVenCod`, `TipComCod`, `MovPunVenComCod`, `UsuCod`, `MovPunVenFec`, `MovPunVenMon`, `EstRegCod`) VALUES ('20', '00105', '000011', '1', '001-000020', '2', '2016-10-09', '961','A');
INSERT INTO `en_p1m_movimiento_punto_ven` (`MovPunVenCod`, `SucCod`, `PunVenCod`, `TipComCod`, `MovPunVenComCod`, `UsuCod`, `MovPunVenFec`, `MovPunVenMon`, `EstRegCod`) VALUES ('21', '00108', '000015', '1', '001-000021', '2', '2016-10-09', '153','A');
INSERT INTO `en_p1m_movimiento_punto_ven` (`MovPunVenCod`, `SucCod`, `PunVenCod`, `TipComCod`, `MovPunVenComCod`, `UsuCod`, `MovPunVenFec`, `MovPunVenMon`, `EstRegCod`) VALUES ('22', '00107', '000029', '1', '001-000022', '2', '2016-10-09', '771','A');
INSERT INTO `en_p1m_movimiento_punto_ven` (`MovPunVenCod`, `SucCod`, `PunVenCod`, `TipComCod`, `MovPunVenComCod`, `UsuCod`, `MovPunVenFec`, `MovPunVenMon`, `EstRegCod`) VALUES ('23', '00108', '000032', '1', '001-000023', '2', '2016-10-09', '811','A');
INSERT INTO `en_p1m_movimiento_punto_ven` (`MovPunVenCod`, `SucCod`, `PunVenCod`, `TipComCod`, `MovPunVenComCod`, `UsuCod`, `MovPunVenFec`, `MovPunVenMon`, `EstRegCod`) VALUES ('24', '00105', '000023', '1', '001-000024', '2', '2016-10-09', '547','A');
INSERT INTO `en_p1m_movimiento_punto_ven` (`MovPunVenCod`, `SucCod`, `PunVenCod`, `TipComCod`, `MovPunVenComCod`, `UsuCod`, `MovPunVenFec`, `MovPunVenMon`, `EstRegCod`) VALUES ('25', '00108', '000003', '1', '001-000025', '2', '2016-10-09', '778','A');
INSERT INTO `en_p1m_movimiento_punto_ven` (`MovPunVenCod`, `SucCod`, `PunVenCod`, `TipComCod`, `MovPunVenComCod`, `UsuCod`, `MovPunVenFec`, `MovPunVenMon`, `EstRegCod`) VALUES ('26', '00103', '000037', '1', '001-000026', '2', '2016-10-09', '264','A');
INSERT INTO `en_p1m_movimiento_punto_ven` (`MovPunVenCod`, `SucCod`, `PunVenCod`, `TipComCod`, `MovPunVenComCod`, `UsuCod`, `MovPunVenFec`, `MovPunVenMon`, `EstRegCod`) VALUES ('27', '00101', '000005', '1', '001-000027', '2', '2016-10-09', '101','A');
INSERT INTO `en_p1m_movimiento_punto_ven` (`MovPunVenCod`, `SucCod`, `PunVenCod`, `TipComCod`, `MovPunVenComCod`, `UsuCod`, `MovPunVenFec`, `MovPunVenMon`, `EstRegCod`) VALUES ('28', '00104', '000046', '1', '001-000028', '2', '2016-10-09', '966','A');
INSERT INTO `en_p1m_movimiento_punto_ven` (`MovPunVenCod`, `SucCod`, `PunVenCod`, `TipComCod`, `MovPunVenComCod`, `UsuCod`, `MovPunVenFec`, `MovPunVenMon`, `EstRegCod`) VALUES ('29', '00105', '000023', '1', '001-000029', '2', '2016-10-09', '538','A');
INSERT INTO `en_p1m_movimiento_punto_ven` (`MovPunVenCod`, `SucCod`, `PunVenCod`, `TipComCod`, `MovPunVenComCod`, `UsuCod`, `MovPunVenFec`, `MovPunVenMon`, `EstRegCod`) VALUES ('30', '00102', '000034', '1', '001-000030', '2', '2016-10-09', '704','A');
INSERT INTO `en_p1m_movimiento_punto_ven` (`MovPunVenCod`, `SucCod`, `PunVenCod`, `TipComCod`, `MovPunVenComCod`, `UsuCod`, `MovPunVenFec`, `MovPunVenMon`, `EstRegCod`) VALUES ('31', '00104', '000045', '1', '001-000031', '2', '2016-10-09', '72','A');
INSERT INTO `en_p1m_movimiento_punto_ven` (`MovPunVenCod`, `SucCod`, `PunVenCod`, `TipComCod`, `MovPunVenComCod`, `UsuCod`, `MovPunVenFec`, `MovPunVenMon`, `EstRegCod`) VALUES ('32', '00102', '000016', '1', '001-000032', '2', '2016-10-09', '724','A');
INSERT INTO `en_p1m_movimiento_punto_ven` (`MovPunVenCod`, `SucCod`, `PunVenCod`, `TipComCod`, `MovPunVenComCod`, `UsuCod`, `MovPunVenFec`, `MovPunVenMon`, `EstRegCod`) VALUES ('33', '00105', '000011', '1', '001-000033', '2', '2016-10-09', '961','A');
INSERT INTO `en_p1m_movimiento_punto_ven` (`MovPunVenCod`, `SucCod`, `PunVenCod`, `TipComCod`, `MovPunVenComCod`, `UsuCod`, `MovPunVenFec`, `MovPunVenMon`, `EstRegCod`) VALUES ('34', '00108', '000015', '1', '001-000034', '2', '2016-10-09', '153','A');
INSERT INTO `en_p1m_movimiento_punto_ven` (`MovPunVenCod`, `SucCod`, `PunVenCod`, `TipComCod`, `MovPunVenComCod`, `UsuCod`, `MovPunVenFec`, `MovPunVenMon`, `EstRegCod`) VALUES ('35', '00107', '000029', '1', '001-000035', '2', '2016-10-09', '771','A');
INSERT INTO `en_p1m_movimiento_punto_ven` (`MovPunVenCod`, `SucCod`, `PunVenCod`, `TipComCod`, `MovPunVenComCod`, `UsuCod`, `MovPunVenFec`, `MovPunVenMon`, `EstRegCod`) VALUES ('36', '00108', '000032', '1', '001-000036', '2', '2016-10-09', '811','A');
INSERT INTO `en_p1m_movimiento_punto_ven` (`MovPunVenCod`, `SucCod`, `PunVenCod`, `TipComCod`, `MovPunVenComCod`, `UsuCod`, `MovPunVenFec`, `MovPunVenMon`, `EstRegCod`) VALUES ('37', '00105', '000023', '1', '001-000037', '2', '2016-10-09', '547','A');
INSERT INTO `en_p1m_movimiento_punto_ven` (`MovPunVenCod`, `SucCod`, `PunVenCod`, `TipComCod`, `MovPunVenComCod`, `UsuCod`, `MovPunVenFec`, `MovPunVenMon`, `EstRegCod`) VALUES ('38', '00108', '000003', '1', '001-000038', '2', '2016-10-09', '778','A');
INSERT INTO `en_p1m_movimiento_punto_ven` (`MovPunVenCod`, `SucCod`, `PunVenCod`, `TipComCod`, `MovPunVenComCod`, `UsuCod`, `MovPunVenFec`, `MovPunVenMon`, `EstRegCod`) VALUES ('39', '00103', '000037', '1', '001-000039', '2', '2016-10-09', '264','A');
INSERT INTO `en_p1m_movimiento_punto_ven` (`MovPunVenCod`, `SucCod`, `PunVenCod`, `TipComCod`, `MovPunVenComCod`, `UsuCod`, `MovPunVenFec`, `MovPunVenMon`, `EstRegCod`) VALUES ('40', '00101', '000005', '1', '001-000040', '2', '2016-10-09', '101','A');
INSERT INTO `en_p1m_movimiento_punto_ven` (`MovPunVenCod`, `SucCod`, `PunVenCod`, `TipComCod`, `MovPunVenComCod`, `UsuCod`, `MovPunVenFec`, `MovPunVenMon`, `EstRegCod`) VALUES ('41', '00104', '000046', '1', '001-000041', '2', '2016-10-09', '966','A');
INSERT INTO `en_p1m_movimiento_punto_ven` (`MovPunVenCod`, `SucCod`, `PunVenCod`, `TipComCod`, `MovPunVenComCod`, `UsuCod`, `MovPunVenFec`, `MovPunVenMon`, `EstRegCod`) VALUES ('42', '00105', '000023', '1', '001-000042', '2', '2016-10-09', '538','A');
INSERT INTO `en_p1m_movimiento_punto_ven` (`MovPunVenCod`, `SucCod`, `PunVenCod`, `TipComCod`, `MovPunVenComCod`, `UsuCod`, `MovPunVenFec`, `MovPunVenMon`, `EstRegCod`) VALUES ('43', '00102', '000034', '1', '001-000043', '2', '2016-10-09', '704','A');
INSERT INTO `en_p1m_movimiento_punto_ven` (`MovPunVenCod`, `SucCod`, `PunVenCod`, `TipComCod`, `MovPunVenComCod`, `UsuCod`, `MovPunVenFec`, `MovPunVenMon`, `EstRegCod`) VALUES ('44', '00104', '000045', '1', '001-000044', '2', '2016-10-09', '72','A');
INSERT INTO `en_p1m_movimiento_punto_ven` (`MovPunVenCod`, `SucCod`, `PunVenCod`, `TipComCod`, `MovPunVenComCod`, `UsuCod`, `MovPunVenFec`, `MovPunVenMon`, `EstRegCod`) VALUES ('45', '00102', '000016', '1', '001-000045', '2', '2016-10-09', '724','A');
INSERT INTO `en_p1m_movimiento_punto_ven` (`MovPunVenCod`, `SucCod`, `PunVenCod`, `TipComCod`, `MovPunVenComCod`, `UsuCod`, `MovPunVenFec`, `MovPunVenMon`, `EstRegCod`) VALUES ('46', '00105', '000011', '1', '001-000046', '2', '2016-10-09', '961','A');
INSERT INTO `en_p1m_movimiento_punto_ven` (`MovPunVenCod`, `SucCod`, `PunVenCod`, `TipComCod`, `MovPunVenComCod`, `UsuCod`, `MovPunVenFec`, `MovPunVenMon`, `EstRegCod`) VALUES ('47', '00108', '000015', '1', '001-000047', '2', '2016-10-09', '153','A');
INSERT INTO `en_p1m_movimiento_punto_ven` (`MovPunVenCod`, `SucCod`, `PunVenCod`, `TipComCod`, `MovPunVenComCod`, `UsuCod`, `MovPunVenFec`, `MovPunVenMon`, `EstRegCod`) VALUES ('48', '00107', '000029', '1', '001-000048', '2', '2016-10-09', '771','A');
INSERT INTO `en_p1m_movimiento_punto_ven` (`MovPunVenCod`, `SucCod`, `PunVenCod`, `TipComCod`, `MovPunVenComCod`, `UsuCod`, `MovPunVenFec`, `MovPunVenMon`, `EstRegCod`) VALUES ('49', '00108', '000032', '1', '001-000049', '2', '2016-10-09', '811','A');
INSERT INTO `en_p1m_movimiento_punto_ven` (`MovPunVenCod`, `SucCod`, `PunVenCod`, `TipComCod`, `MovPunVenComCod`, `UsuCod`, `MovPunVenFec`, `MovPunVenMon`, `EstRegCod`) VALUES ('50', '00105', '000023', '1', '001-000050', '2', '2016-10-09', '547','A');
INSERT INTO `en_p1m_movimiento_punto_ven` (`MovPunVenCod`, `SucCod`, `PunVenCod`, `TipComCod`, `MovPunVenComCod`, `UsuCod`, `MovPunVenFec`, `MovPunVenMon`, `EstRegCod`) VALUES ('51', '00108', '000003', '1', '001-000051', '2', '2016-10-09', '778','A');
INSERT INTO `en_p1m_movimiento_punto_ven` (`MovPunVenCod`, `SucCod`, `PunVenCod`, `TipComCod`, `MovPunVenComCod`, `UsuCod`, `MovPunVenFec`, `MovPunVenMon`, `EstRegCod`) VALUES ('52', '00103', '000037', '1', '001-000052', '2', '2016-10-09', '264','A');
INSERT INTO `en_p1m_movimiento_punto_ven` (`MovPunVenCod`, `SucCod`, `PunVenCod`, `TipComCod`, `MovPunVenComCod`, `UsuCod`, `MovPunVenFec`, `MovPunVenMon`, `EstRegCod`) VALUES ('53', '00101', '000005', '1', '001-000053', '2', '2016-10-09', '101','A');
INSERT INTO `en_p1m_movimiento_punto_ven` (`MovPunVenCod`, `SucCod`, `PunVenCod`, `TipComCod`, `MovPunVenComCod`, `UsuCod`, `MovPunVenFec`, `MovPunVenMon`, `EstRegCod`) VALUES ('54', '00104', '000046', '1', '001-000054', '2', '2016-10-09', '966','A');
INSERT INTO `en_p1m_movimiento_punto_ven` (`MovPunVenCod`, `SucCod`, `PunVenCod`, `TipComCod`, `MovPunVenComCod`, `UsuCod`, `MovPunVenFec`, `MovPunVenMon`, `EstRegCod`) VALUES ('55', '00105', '000023', '1', '001-000055', '2', '2016-10-09', '538','A');
INSERT INTO `en_p1m_movimiento_punto_ven` (`MovPunVenCod`, `SucCod`, `PunVenCod`, `TipComCod`, `MovPunVenComCod`, `UsuCod`, `MovPunVenFec`, `MovPunVenMon`, `EstRegCod`) VALUES ('56', '00102', '000034', '1', '001-000056', '2', '2016-10-09', '704','A');
INSERT INTO `en_p1m_movimiento_punto_ven` (`MovPunVenCod`, `SucCod`, `PunVenCod`, `TipComCod`, `MovPunVenComCod`, `UsuCod`, `MovPunVenFec`, `MovPunVenMon`, `EstRegCod`) VALUES ('57', '00104', '000045', '1', '001-000057', '2', '2016-10-09', '72','A');
INSERT INTO `en_p1m_movimiento_punto_ven` (`MovPunVenCod`, `SucCod`, `PunVenCod`, `TipComCod`, `MovPunVenComCod`, `UsuCod`, `MovPunVenFec`, `MovPunVenMon`, `EstRegCod`) VALUES ('58', '00102', '000016', '1', '001-000058', '2', '2016-10-09', '724','A');
INSERT INTO `en_p1m_movimiento_punto_ven` (`MovPunVenCod`, `SucCod`, `PunVenCod`, `TipComCod`, `MovPunVenComCod`, `UsuCod`, `MovPunVenFec`, `MovPunVenMon`, `EstRegCod`) VALUES ('59', '00105', '000011', '1', '001-000059', '2', '2016-10-09', '961','A');
INSERT INTO `en_p1m_movimiento_punto_ven` (`MovPunVenCod`, `SucCod`, `PunVenCod`, `TipComCod`, `MovPunVenComCod`, `UsuCod`, `MovPunVenFec`, `MovPunVenMon`, `EstRegCod`) VALUES ('60', '00108', '000015', '1', '001-000060', '2', '2016-10-09', '153','A');
INSERT INTO `en_p1m_movimiento_punto_ven` (`MovPunVenCod`, `SucCod`, `PunVenCod`, `TipComCod`, `MovPunVenComCod`, `UsuCod`, `MovPunVenFec`, `MovPunVenMon`, `EstRegCod`) VALUES ('61', '00107', '000029', '1', '001-000061', '2', '2016-10-09', '771','A');
INSERT INTO `en_p1m_movimiento_punto_ven` (`MovPunVenCod`, `SucCod`, `PunVenCod`, `TipComCod`, `MovPunVenComCod`, `UsuCod`, `MovPunVenFec`, `MovPunVenMon`, `EstRegCod`) VALUES ('62', '00108', '000032', '1', '001-000062', '2', '2016-10-09', '811','A');
INSERT INTO `en_p1m_movimiento_punto_ven` (`MovPunVenCod`, `SucCod`, `PunVenCod`, `TipComCod`, `MovPunVenComCod`, `UsuCod`, `MovPunVenFec`, `MovPunVenMon`, `EstRegCod`) VALUES ('63', '00105', '000023', '1', '001-000063', '2', '2016-10-09', '547','A');
INSERT INTO `en_p1m_movimiento_punto_ven` (`MovPunVenCod`, `SucCod`, `PunVenCod`, `TipComCod`, `MovPunVenComCod`, `UsuCod`, `MovPunVenFec`, `MovPunVenMon`, `EstRegCod`) VALUES ('64', '00108', '000003', '1', '001-000064', '2', '2016-10-09', '778','A');
INSERT INTO `en_p1m_movimiento_punto_ven` (`MovPunVenCod`, `SucCod`, `PunVenCod`, `TipComCod`, `MovPunVenComCod`, `UsuCod`, `MovPunVenFec`, `MovPunVenMon`, `EstRegCod`) VALUES ('65', '00103', '000037', '1', '001-000065', '2', '2016-10-09', '264','A');
INSERT INTO `en_p1m_movimiento_punto_ven` (`MovPunVenCod`, `SucCod`, `PunVenCod`, `TipComCod`, `MovPunVenComCod`, `UsuCod`, `MovPunVenFec`, `MovPunVenMon`, `EstRegCod`) VALUES ('66', '00101', '000005', '1', '001-000066', '2', '2016-10-09', '101','A');
INSERT INTO `en_p1m_movimiento_punto_ven` (`MovPunVenCod`, `SucCod`, `PunVenCod`, `TipComCod`, `MovPunVenComCod`, `UsuCod`, `MovPunVenFec`, `MovPunVenMon`, `EstRegCod`) VALUES ('67', '00104', '000046', '1', '001-000067', '2', '2016-10-09', '966','A');
INSERT INTO `en_p1m_movimiento_punto_ven` (`MovPunVenCod`, `SucCod`, `PunVenCod`, `TipComCod`, `MovPunVenComCod`, `UsuCod`, `MovPunVenFec`, `MovPunVenMon`, `EstRegCod`) VALUES ('68', '00105', '000023', '1', '001-000068', '2', '2016-10-09', '538','A');
INSERT INTO `en_p1m_movimiento_punto_ven` (`MovPunVenCod`, `SucCod`, `PunVenCod`, `TipComCod`, `MovPunVenComCod`, `UsuCod`, `MovPunVenFec`, `MovPunVenMon`, `EstRegCod`) VALUES ('69', '00102', '000034', '1', '001-000069', '2', '2016-10-09', '704','A');
INSERT INTO `en_p1m_movimiento_punto_ven` (`MovPunVenCod`, `SucCod`, `PunVenCod`, `TipComCod`, `MovPunVenComCod`, `UsuCod`, `MovPunVenFec`, `MovPunVenMon`, `EstRegCod`) VALUES ('70', '00104', '000045', '1', '001-000070', '2', '2016-10-09', '72','A');
INSERT INTO `en_p1m_movimiento_punto_ven` (`MovPunVenCod`, `SucCod`, `PunVenCod`, `TipComCod`, `MovPunVenComCod`, `UsuCod`, `MovPunVenFec`, `MovPunVenMon`, `EstRegCod`) VALUES ('71', '00104', '000045', '1', '001-000071', '2', '2016-10-09', '161','A');
INSERT INTO `en_p1m_movimiento_punto_ven` (`MovPunVenCod`, `SucCod`, `PunVenCod`, `TipComCod`, `MovPunVenComCod`, `UsuCod`, `MovPunVenFec`, `MovPunVenMon`, `EstRegCod`) VALUES ('72', '00106', '000013', '1', '001-000072', '2', '2016-10-09', '150','A');
INSERT INTO `en_p1m_movimiento_punto_ven` (`MovPunVenCod`, `SucCod`, `PunVenCod`, `TipComCod`, `MovPunVenComCod`, `UsuCod`, `MovPunVenFec`, `MovPunVenMon`, `EstRegCod`) VALUES ('73', '00101', '000005', '1', '001-000073', '2', '2016-10-09', '457','A');
INSERT INTO `en_p1m_movimiento_punto_ven` (`MovPunVenCod`, `SucCod`, `PunVenCod`, `TipComCod`, `MovPunVenComCod`, `UsuCod`, `MovPunVenFec`, `MovPunVenMon`, `EstRegCod`) VALUES ('74', '00106', '000013', '1', '001-000074', '2', '2016-10-09', '589','A');
INSERT INTO `en_p1m_movimiento_punto_ven` (`MovPunVenCod`, `SucCod`, `PunVenCod`, `TipComCod`, `MovPunVenComCod`, `UsuCod`, `MovPunVenFec`, `MovPunVenMon`, `EstRegCod`) VALUES ('75', '00101', '000005', '1', '001-000075', '2', '2016-10-09', '762','A');
INSERT INTO `en_p1m_movimiento_punto_ven` (`MovPunVenCod`, `SucCod`, `PunVenCod`, `TipComCod`, `MovPunVenComCod`, `UsuCod`, `MovPunVenFec`, `MovPunVenMon`, `EstRegCod`) VALUES ('76', '00105', '000007', '1', '001-000076', '2', '2016-10-09', '41','A');
INSERT INTO `en_p1m_movimiento_punto_ven` (`MovPunVenCod`, `SucCod`, `PunVenCod`, `TipComCod`, `MovPunVenComCod`, `UsuCod`, `MovPunVenFec`, `MovPunVenMon`, `EstRegCod`) VALUES ('77', '00107', '000029', '1', '001-000077', '2', '2016-10-09', '348','A');
INSERT INTO `en_p1m_movimiento_punto_ven` (`MovPunVenCod`, `SucCod`, `PunVenCod`, `TipComCod`, `MovPunVenComCod`, `UsuCod`, `MovPunVenFec`, `MovPunVenMon`, `EstRegCod`) VALUES ('78', '00102', '000043', '1', '001-000078', '2', '2016-10-09', '938','A');
INSERT INTO `en_p1m_movimiento_punto_ven` (`MovPunVenCod`, `SucCod`, `PunVenCod`, `TipComCod`, `MovPunVenComCod`, `UsuCod`, `MovPunVenFec`, `MovPunVenMon`, `EstRegCod`) VALUES ('79', '00108', '000020', '1', '001-000079', '2', '2016-10-09', '807','A');
INSERT INTO `en_p1m_movimiento_punto_ven` (`MovPunVenCod`, `SucCod`, `PunVenCod`, `TipComCod`, `MovPunVenComCod`, `UsuCod`, `MovPunVenFec`, `MovPunVenMon`, `EstRegCod`) VALUES ('80', '00104', '000050', '1', '001-000080', '2', '2016-10-09', '451','A');
INSERT INTO `en_p1m_movimiento_punto_ven` (`MovPunVenCod`, `SucCod`, `PunVenCod`, `TipComCod`, `MovPunVenComCod`, `UsuCod`, `MovPunVenFec`, `MovPunVenMon`, `EstRegCod`) VALUES ('81', '00107', '000033', '1', '001-000081', '2', '2016-10-09', '844','A');
INSERT INTO `en_p1m_movimiento_punto_ven` (`MovPunVenCod`, `SucCod`, `PunVenCod`, `TipComCod`, `MovPunVenComCod`, `UsuCod`, `MovPunVenFec`, `MovPunVenMon`, `EstRegCod`) VALUES ('82', '00106', '000031', '1', '001-000082', '2', '2016-10-09', '587','A');
INSERT INTO `en_p1m_movimiento_punto_ven` (`MovPunVenCod`, `SucCod`, `PunVenCod`, `TipComCod`, `MovPunVenComCod`, `UsuCod`, `MovPunVenFec`, `MovPunVenMon`, `EstRegCod`) VALUES ('83', '00101', '000001', '1', '001-000083', '2', '2016-10-09', '798','A');
INSERT INTO `en_p1m_movimiento_punto_ven` (`MovPunVenCod`, `SucCod`, `PunVenCod`, `TipComCod`, `MovPunVenComCod`, `UsuCod`, `MovPunVenFec`, `MovPunVenMon`, `EstRegCod`) VALUES ('84', '00110', '000036', '1', '001-000084', '2', '2016-10-09', '292','A');
INSERT INTO `en_p1m_movimiento_punto_ven` (`MovPunVenCod`, `SucCod`, `PunVenCod`, `TipComCod`, `MovPunVenComCod`, `UsuCod`, `MovPunVenFec`, `MovPunVenMon`, `EstRegCod`) VALUES ('85', '00108', '000038', '1', '001-000085', '2', '2016-10-09', '156','A');
INSERT INTO `en_p1m_movimiento_punto_ven` (`MovPunVenCod`, `SucCod`, `PunVenCod`, `TipComCod`, `MovPunVenComCod`, `UsuCod`, `MovPunVenFec`, `MovPunVenMon`, `EstRegCod`) VALUES ('86', '00103', '000010', '1', '001-000086', '2', '2016-10-09', '886','A');
INSERT INTO `en_p1m_movimiento_punto_ven` (`MovPunVenCod`, `SucCod`, `PunVenCod`, `TipComCod`, `MovPunVenComCod`, `UsuCod`, `MovPunVenFec`, `MovPunVenMon`, `EstRegCod`) VALUES ('87', '00103', '000019', '1', '001-000087', '2', '2016-10-09', '322','A');
INSERT INTO `en_p1m_movimiento_punto_ven` (`MovPunVenCod`, `SucCod`, `PunVenCod`, `TipComCod`, `MovPunVenComCod`, `UsuCod`, `MovPunVenFec`, `MovPunVenMon`, `EstRegCod`) VALUES ('88', '00108', '000032', '1', '001-000088', '2', '2016-10-09', '712','A');
INSERT INTO `en_p1m_movimiento_punto_ven` (`MovPunVenCod`, `SucCod`, `PunVenCod`, `TipComCod`, `MovPunVenComCod`, `UsuCod`, `MovPunVenFec`, `MovPunVenMon`, `EstRegCod`) VALUES ('89', '00110', '000036', '1', '001-000089', '2', '2016-10-09', '255','A');
INSERT INTO `en_p1m_movimiento_punto_ven` (`MovPunVenCod`, `SucCod`, `PunVenCod`, `TipComCod`, `MovPunVenComCod`, `UsuCod`, `MovPunVenFec`, `MovPunVenMon`, `EstRegCod`) VALUES ('90', '00103', '000027', '1', '001-000090', '2', '2016-10-09', '757','A');
INSERT INTO `en_p1m_movimiento_punto_ven` (`MovPunVenCod`, `SucCod`, `PunVenCod`, `TipComCod`, `MovPunVenComCod`, `UsuCod`, `MovPunVenFec`, `MovPunVenMon`, `EstRegCod`) VALUES ('91', '00105', '000007', '1', '001-000091', '2', '2016-10-09', '368','A');
INSERT INTO `en_p1m_movimiento_punto_ven` (`MovPunVenCod`, `SucCod`, `PunVenCod`, `TipComCod`, `MovPunVenComCod`, `UsuCod`, `MovPunVenFec`, `MovPunVenMon`, `EstRegCod`) VALUES ('92', '00105', '000047', '1', '001-000092', '2', '2016-10-09', '60','A');
INSERT INTO `en_p1m_movimiento_punto_ven` (`MovPunVenCod`, `SucCod`, `PunVenCod`, `TipComCod`, `MovPunVenComCod`, `UsuCod`, `MovPunVenFec`, `MovPunVenMon`, `EstRegCod`) VALUES ('93', '00104', '000050', '1', '001-000093', '2', '2016-10-09', '549','A');
INSERT INTO `en_p1m_movimiento_punto_ven` (`MovPunVenCod`, `SucCod`, `PunVenCod`, `TipComCod`, `MovPunVenComCod`, `UsuCod`, `MovPunVenFec`, `MovPunVenMon`, `EstRegCod`) VALUES ('94', '00104', '000025', '1', '001-000094', '2', '2016-10-09', '105','A');
INSERT INTO `en_p1m_movimiento_punto_ven` (`MovPunVenCod`, `SucCod`, `PunVenCod`, `TipComCod`, `MovPunVenComCod`, `UsuCod`, `MovPunVenFec`, `MovPunVenMon`, `EstRegCod`) VALUES ('95', '00105', '000007', '1', '001-000095', '2', '2016-10-09', '786','A');
INSERT INTO `en_p1m_movimiento_punto_ven` (`MovPunVenCod`, `SucCod`, `PunVenCod`, `TipComCod`, `MovPunVenComCod`, `UsuCod`, `MovPunVenFec`, `MovPunVenMon`, `EstRegCod`) VALUES ('96', '00106', '000013', '1', '001-000096', '2', '2016-10-09', '945','A');
INSERT INTO `en_p1m_movimiento_punto_ven` (`MovPunVenCod`, `SucCod`, `PunVenCod`, `TipComCod`, `MovPunVenComCod`, `UsuCod`, `MovPunVenFec`, `MovPunVenMon`, `EstRegCod`) VALUES ('97', '00109', '000009', '1', '001-000097', '2', '2016-10-09', '196','A');
INSERT INTO `en_p1m_movimiento_punto_ven` (`MovPunVenCod`, `SucCod`, `PunVenCod`, `TipComCod`, `MovPunVenComCod`, `UsuCod`, `MovPunVenFec`, `MovPunVenMon`, `EstRegCod`) VALUES ('98', '00106', '000031', '1', '001-000098', '2', '2016-10-09', '659','A');
INSERT INTO `en_p1m_movimiento_punto_ven` (`MovPunVenCod`, `SucCod`, `PunVenCod`, `TipComCod`, `MovPunVenComCod`, `UsuCod`, `MovPunVenFec`, `MovPunVenMon`, `EstRegCod`) VALUES ('99', '00105', '000011', '1', '001-000099', '2', '2016-10-09', '186','A');
INSERT INTO `en_p1m_movimiento_punto_ven` (`MovPunVenCod`, `SucCod`, `PunVenCod`, `TipComCod`, `MovPunVenComCod`, `UsuCod`, `MovPunVenFec`, `MovPunVenMon`, `EstRegCod`) VALUES ('100', '00109', '000030', '1', '001-000100', '2', '2016-10-09', '391','A');
INSERT INTO `en_p1m_movimiento_punto_ven` (`MovPunVenCod`, `SucCod`, `PunVenCod`, `TipComCod`, `MovPunVenComCod`, `UsuCod`, `MovPunVenFec`, `MovPunVenMon`, `EstRegCod`) VALUES ('101', '00105', '000011', '1', '001-000101', '2', '2016-10-09', '372','A');
INSERT INTO `en_p1m_movimiento_punto_ven` (`MovPunVenCod`, `SucCod`, `PunVenCod`, `TipComCod`, `MovPunVenComCod`, `UsuCod`, `MovPunVenFec`, `MovPunVenMon`, `EstRegCod`) VALUES ('102', '00108', '000020', '1', '001-000102', '2', '2016-10-09', '270','A');
INSERT INTO `en_p1m_movimiento_punto_ven` (`MovPunVenCod`, `SucCod`, `PunVenCod`, `TipComCod`, `MovPunVenComCod`, `UsuCod`, `MovPunVenFec`, `MovPunVenMon`, `EstRegCod`) VALUES ('103', '00106', '000012', '1', '001-000103', '2', '2016-10-09', '802','A');
INSERT INTO `en_p1m_movimiento_punto_ven` (`MovPunVenCod`, `SucCod`, `PunVenCod`, `TipComCod`, `MovPunVenComCod`, `UsuCod`, `MovPunVenFec`, `MovPunVenMon`, `EstRegCod`) VALUES ('104', '00104', '000025', '1', '001-000104', '2', '2016-10-09', '181','A');
INSERT INTO `en_p1m_movimiento_punto_ven` (`MovPunVenCod`, `SucCod`, `PunVenCod`, `TipComCod`, `MovPunVenComCod`, `UsuCod`, `MovPunVenFec`, `MovPunVenMon`, `EstRegCod`) VALUES ('105', '00104', '000025', '1', '001-000105', '2', '2016-10-09', '222','A');
INSERT INTO `en_p1m_movimiento_punto_ven` (`MovPunVenCod`, `SucCod`, `PunVenCod`, `TipComCod`, `MovPunVenComCod`, `UsuCod`, `MovPunVenFec`, `MovPunVenMon`, `EstRegCod`) VALUES ('106', '00108', '000015', '1', '001-000106', '2', '2016-10-09', '170','A');
INSERT INTO `en_p1m_movimiento_punto_ven` (`MovPunVenCod`, `SucCod`, `PunVenCod`, `TipComCod`, `MovPunVenComCod`, `UsuCod`, `MovPunVenFec`, `MovPunVenMon`, `EstRegCod`) VALUES ('107', '00101', '000001', '1', '001-000107', '2', '2016-10-09', '140','A');
INSERT INTO `en_p1m_movimiento_punto_ven` (`MovPunVenCod`, `SucCod`, `PunVenCod`, `TipComCod`, `MovPunVenComCod`, `UsuCod`, `MovPunVenFec`, `MovPunVenMon`, `EstRegCod`) VALUES ('108', '00110', '000036', '1', '001-000108', '2', '2016-10-09', '302','A');
INSERT INTO `en_p1m_movimiento_punto_ven` (`MovPunVenCod`, `SucCod`, `PunVenCod`, `TipComCod`, `MovPunVenComCod`, `UsuCod`, `MovPunVenFec`, `MovPunVenMon`, `EstRegCod`) VALUES ('109', '00104', '000045', '1', '001-000109', '2', '2016-10-09', '119','A');
INSERT INTO `en_p1m_movimiento_punto_ven` (`MovPunVenCod`, `SucCod`, `PunVenCod`, `TipComCod`, `MovPunVenComCod`, `UsuCod`, `MovPunVenFec`, `MovPunVenMon`, `EstRegCod`) VALUES ('110', '00101', '000005', '1', '001-000110', '2', '2016-10-09', '315','A');

COMMIT;


-- -----------------------------------------------------
-- Data for table `episerp`.`en_p1m_preventa_cab`
-- -----------------------------------------------------
START TRANSACTION;
USE `episerp`;

INSERT INTO `en_p1m_preventa_cab` (`PreVenCabCod`,`CliCod`,`CatRutCod`,`UsuCod`,`PreVenCabFecEmi`,`PreVenCabFecVen`,`PreVenCabPla`,`PreVenCabTot`,`TipDesCod`,`PreVenCabSubTot`,`PreVenCabIGV`,`PreVenCabObs`,`MonCod`,`EstRegCod`) VALUES ('001-000001','2',01,'15','2016-05-27','2016-06-27',7,0.00,05,0.00,19,'814',01,'A');
INSERT INTO `en_p1m_preventa_cab` (`PreVenCabCod`,`CliCod`,`CatRutCod`,`UsuCod`,`PreVenCabFecEmi`,`PreVenCabFecVen`,`PreVenCabPla`,`PreVenCabTot`,`TipDesCod`,`PreVenCabSubTot`,`PreVenCabIGV`,`PreVenCabObs`,`MonCod`,`EstRegCod`) VALUES ('001-000002','5',09,'14','2016-05-27','2016-06-27',3,0.00,02,0.00,19,'898',01,'A');
INSERT INTO `en_p1m_preventa_cab` (`PreVenCabCod`,`CliCod`,`CatRutCod`,`UsuCod`,`PreVenCabFecEmi`,`PreVenCabFecVen`,`PreVenCabPla`,`PreVenCabTot`,`TipDesCod`,`PreVenCabSubTot`,`PreVenCabIGV`,`PreVenCabObs`,`MonCod`,`EstRegCod`) VALUES ('001-000003','19',02,'3','2016-05-27','2016-06-27',2,0.00,04,0.00,19,'861',01,'A');
INSERT INTO `en_p1m_preventa_cab` (`PreVenCabCod`,`CliCod`,`CatRutCod`,`UsuCod`,`PreVenCabFecEmi`,`PreVenCabFecVen`,`PreVenCabPla`,`PreVenCabTot`,`TipDesCod`,`PreVenCabSubTot`,`PreVenCabIGV`,`PreVenCabObs`,`MonCod`,`EstRegCod`) VALUES ('001-000004','4',02,'14','2016-05-27','2016-06-27',3,0.00,03,0.00,19,'578',01,'A');
INSERT INTO `en_p1m_preventa_cab` (`PreVenCabCod`,`CliCod`,`CatRutCod`,`UsuCod`,`PreVenCabFecEmi`,`PreVenCabFecVen`,`PreVenCabPla`,`PreVenCabTot`,`TipDesCod`,`PreVenCabSubTot`,`PreVenCabIGV`,`PreVenCabObs`,`MonCod`,`EstRegCod`) VALUES ('001-000005','12',04,'3','2016-05-27','2016-06-27',4,0.00,05,0.00,19,'434',01,'A');
INSERT INTO `en_p1m_preventa_cab` (`PreVenCabCod`,`CliCod`,`CatRutCod`,`UsuCod`,`PreVenCabFecEmi`,`PreVenCabFecVen`,`PreVenCabPla`,`PreVenCabTot`,`TipDesCod`,`PreVenCabSubTot`,`PreVenCabIGV`,`PreVenCabObs`,`MonCod`,`EstRegCod`) VALUES ('001-000006','12',03,'20','2016-05-27','2016-06-27',8,0.00,01,0.00,19,'915',01,'A');
INSERT INTO `en_p1m_preventa_cab` (`PreVenCabCod`,`CliCod`,`CatRutCod`,`UsuCod`,`PreVenCabFecEmi`,`PreVenCabFecVen`,`PreVenCabPla`,`PreVenCabTot`,`TipDesCod`,`PreVenCabSubTot`,`PreVenCabIGV`,`PreVenCabObs`,`MonCod`,`EstRegCod`) VALUES ('001-000007','1',06,'17','2016-05-27','2016-06-27',1,0.00,05,0.00,19,'520',01,'A');
INSERT INTO `en_p1m_preventa_cab` (`PreVenCabCod`,`CliCod`,`CatRutCod`,`UsuCod`,`PreVenCabFecEmi`,`PreVenCabFecVen`,`PreVenCabPla`,`PreVenCabTot`,`TipDesCod`,`PreVenCabSubTot`,`PreVenCabIGV`,`PreVenCabObs`,`MonCod`,`EstRegCod`) VALUES ('001-000008','19',08,'1','2016-05-27','2016-06-27',6,0.00,02,0.00,19,'705',01,'A');
INSERT INTO `en_p1m_preventa_cab` (`PreVenCabCod`,`CliCod`,`CatRutCod`,`UsuCod`,`PreVenCabFecEmi`,`PreVenCabFecVen`,`PreVenCabPla`,`PreVenCabTot`,`TipDesCod`,`PreVenCabSubTot`,`PreVenCabIGV`,`PreVenCabObs`,`MonCod`,`EstRegCod`) VALUES ('001-000009','13',02,'14','2016-05-27','2016-06-27',8,0.00,04,0.00,19,'539',01,'A');

INSERT INTO `en_p1m_preventa_cab` (`PreVenCabCod`,`CliCod`,`CatRutCod`,`UsuCod`,`PreVenCabFecEmi`,`PreVenCabFecVen`,`PreVenCabPla`,`PreVenCabTot`,`TipDesCod`,`PreVenCabSubTot`,`PreVenCabIGV`,`PreVenCabObs`,`MonCod`,`EstRegCod`) VALUES ('001-000010','13',07,'12','2016-05-27','2016-06-27',10,0.00,04,0.00,19,'682',01,'A');
INSERT INTO `en_p1m_preventa_cab` (`PreVenCabCod`,`CliCod`,`CatRutCod`,`UsuCod`,`PreVenCabFecEmi`,`PreVenCabFecVen`,`PreVenCabPla`,`PreVenCabTot`,`TipDesCod`,`PreVenCabSubTot`,`PreVenCabIGV`,`PreVenCabObs`,`MonCod`,`EstRegCod`) VALUES ('001-000011','5',01,'13','2016-05-27','2016-06-27',1,0.00,02,0.00,19,'384',01,'A');
INSERT INTO `en_p1m_preventa_cab` (`PreVenCabCod`,`CliCod`,`CatRutCod`,`UsuCod`,`PreVenCabFecEmi`,`PreVenCabFecVen`,`PreVenCabPla`,`PreVenCabTot`,`TipDesCod`,`PreVenCabSubTot`,`PreVenCabIGV`,`PreVenCabObs`,`MonCod`,`EstRegCod`) VALUES ('001-000012','8',06,'3','2016-05-27','2016-06-27',2,0.00,04,0.00,19,'388',01,'A');
INSERT INTO `en_p1m_preventa_cab` (`PreVenCabCod`,`CliCod`,`CatRutCod`,`UsuCod`,`PreVenCabFecEmi`,`PreVenCabFecVen`,`PreVenCabPla`,`PreVenCabTot`,`TipDesCod`,`PreVenCabSubTot`,`PreVenCabIGV`,`PreVenCabObs`,`MonCod`,`EstRegCod`) VALUES ('001-000013','12',09,'11','2016-05-27','2016-06-27',10,0.00,01,0.00,19,'876',01,'A');
INSERT INTO `en_p1m_preventa_cab` (`PreVenCabCod`,`CliCod`,`CatRutCod`,`UsuCod`,`PreVenCabFecEmi`,`PreVenCabFecVen`,`PreVenCabPla`,`PreVenCabTot`,`TipDesCod`,`PreVenCabSubTot`,`PreVenCabIGV`,`PreVenCabObs`,`MonCod`,`EstRegCod`) VALUES ('001-000014','18',03,'9','2016-05-27','2016-06-27',3,0.00,03,0.00,19,'696',01,'A');
INSERT INTO `en_p1m_preventa_cab` (`PreVenCabCod`,`CliCod`,`CatRutCod`,`UsuCod`,`PreVenCabFecEmi`,`PreVenCabFecVen`,`PreVenCabPla`,`PreVenCabTot`,`TipDesCod`,`PreVenCabSubTot`,`PreVenCabIGV`,`PreVenCabObs`,`MonCod`,`EstRegCod`) VALUES ('001-000015','17',05,'8','2016-05-27','2016-06-27',5,0.00,02,0.00,19,'214',01,'A');
INSERT INTO `en_p1m_preventa_cab` (`PreVenCabCod`,`CliCod`,`CatRutCod`,`UsuCod`,`PreVenCabFecEmi`,`PreVenCabFecVen`,`PreVenCabPla`,`PreVenCabTot`,`TipDesCod`,`PreVenCabSubTot`,`PreVenCabIGV`,`PreVenCabObs`,`MonCod`,`EstRegCod`) VALUES ('001-000016','20',09,'11','2016-05-27','2016-06-27',1,0.00,01,0.00,19,'373',01,'A');
INSERT INTO `en_p1m_preventa_cab` (`PreVenCabCod`,`CliCod`,`CatRutCod`,`UsuCod`,`PreVenCabFecEmi`,`PreVenCabFecVen`,`PreVenCabPla`,`PreVenCabTot`,`TipDesCod`,`PreVenCabSubTot`,`PreVenCabIGV`,`PreVenCabObs`,`MonCod`,`EstRegCod`) VALUES ('001-000017','10',09,'6','2016-05-27','2016-06-27',7,0.00,05,0.00,19,'412',01,'A');
INSERT INTO `en_p1m_preventa_cab` (`PreVenCabCod`,`CliCod`,`CatRutCod`,`UsuCod`,`PreVenCabFecEmi`,`PreVenCabFecVen`,`PreVenCabPla`,`PreVenCabTot`,`TipDesCod`,`PreVenCabSubTot`,`PreVenCabIGV`,`PreVenCabObs`,`MonCod`,`EstRegCod`) VALUES ('001-000018','14',03,'16','2016-05-27','2016-06-27',4,0.00,01,0.00,19,'788',01,'A');
INSERT INTO `en_p1m_preventa_cab` (`PreVenCabCod`,`CliCod`,`CatRutCod`,`UsuCod`,`PreVenCabFecEmi`,`PreVenCabFecVen`,`PreVenCabPla`,`PreVenCabTot`,`TipDesCod`,`PreVenCabSubTot`,`PreVenCabIGV`,`PreVenCabObs`,`MonCod`,`EstRegCod`) VALUES ('001-000019','4',07,'11','2016-05-27','2016-06-27',10,0.00,02,0.00,19,'263',01,'A');

INSERT INTO `en_p1m_preventa_cab` (`PreVenCabCod`,`CliCod`,`CatRutCod`,`UsuCod`,`PreVenCabFecEmi`,`PreVenCabFecVen`,`PreVenCabPla`,`PreVenCabTot`,`TipDesCod`,`PreVenCabSubTot`,`PreVenCabIGV`,`PreVenCabObs`,`MonCod`,`EstRegCod`) VALUES ('001-000020','19',06,'11','2016-05-27','2016-06-27',10,0.00,05,0.00,19,'273',01,'A');
INSERT INTO `en_p1m_preventa_cab` (`PreVenCabCod`,`CliCod`,`CatRutCod`,`UsuCod`,`PreVenCabFecEmi`,`PreVenCabFecVen`,`PreVenCabPla`,`PreVenCabTot`,`TipDesCod`,`PreVenCabSubTot`,`PreVenCabIGV`,`PreVenCabObs`,`MonCod`,`EstRegCod`) VALUES ('001-000021','20',05,'17','2016-05-27','2016-06-27',4,0.00,04,0.00,19,'107',01,'A');
INSERT INTO `en_p1m_preventa_cab` (`PreVenCabCod`,`CliCod`,`CatRutCod`,`UsuCod`,`PreVenCabFecEmi`,`PreVenCabFecVen`,`PreVenCabPla`,`PreVenCabTot`,`TipDesCod`,`PreVenCabSubTot`,`PreVenCabIGV`,`PreVenCabObs`,`MonCod`,`EstRegCod`) VALUES ('001-000022','15',01,'11','2016-05-27','2016-06-27',7,0.00,05,0.00,19,'556',01,'A');
INSERT INTO `en_p1m_preventa_cab` (`PreVenCabCod`,`CliCod`,`CatRutCod`,`UsuCod`,`PreVenCabFecEmi`,`PreVenCabFecVen`,`PreVenCabPla`,`PreVenCabTot`,`TipDesCod`,`PreVenCabSubTot`,`PreVenCabIGV`,`PreVenCabObs`,`MonCod`,`EstRegCod`) VALUES ('001-000023','4',06,'20','2016-05-27','2016-06-27',8,0.00,04,0.00,19,'461',01,'A');
INSERT INTO `en_p1m_preventa_cab` (`PreVenCabCod`,`CliCod`,`CatRutCod`,`UsuCod`,`PreVenCabFecEmi`,`PreVenCabFecVen`,`PreVenCabPla`,`PreVenCabTot`,`TipDesCod`,`PreVenCabSubTot`,`PreVenCabIGV`,`PreVenCabObs`,`MonCod`,`EstRegCod`) VALUES ('001-000024','16',01,'6','2016-05-27','2016-06-27',4,0.00,05,0.00,19,'596',01,'A');
INSERT INTO `en_p1m_preventa_cab` (`PreVenCabCod`,`CliCod`,`CatRutCod`,`UsuCod`,`PreVenCabFecEmi`,`PreVenCabFecVen`,`PreVenCabPla`,`PreVenCabTot`,`TipDesCod`,`PreVenCabSubTot`,`PreVenCabIGV`,`PreVenCabObs`,`MonCod`,`EstRegCod`) VALUES ('001-000025','5',04,'18','2016-05-27','2016-06-27',9,0.00,01,0.00,19,'625',01,'A');
INSERT INTO `en_p1m_preventa_cab` (`PreVenCabCod`,`CliCod`,`CatRutCod`,`UsuCod`,`PreVenCabFecEmi`,`PreVenCabFecVen`,`PreVenCabPla`,`PreVenCabTot`,`TipDesCod`,`PreVenCabSubTot`,`PreVenCabIGV`,`PreVenCabObs`,`MonCod`,`EstRegCod`) VALUES ('001-000026','5',02,'4','2016-05-27','2016-06-27',9,0.00,04,0.00,19,'759',01,'A');
INSERT INTO `en_p1m_preventa_cab` (`PreVenCabCod`,`CliCod`,`CatRutCod`,`UsuCod`,`PreVenCabFecEmi`,`PreVenCabFecVen`,`PreVenCabPla`,`PreVenCabTot`,`TipDesCod`,`PreVenCabSubTot`,`PreVenCabIGV`,`PreVenCabObs`,`MonCod`,`EstRegCod`) VALUES ('001-000027','5',09,'11','2016-05-27','2016-06-27',8,0.00,02,0.00,19,'166',01,'A');
INSERT INTO `en_p1m_preventa_cab` (`PreVenCabCod`,`CliCod`,`CatRutCod`,`UsuCod`,`PreVenCabFecEmi`,`PreVenCabFecVen`,`PreVenCabPla`,`PreVenCabTot`,`TipDesCod`,`PreVenCabSubTot`,`PreVenCabIGV`,`PreVenCabObs`,`MonCod`,`EstRegCod`) VALUES ('001-000028','4',10,'11','2016-05-27','2016-06-27',9,0.00,03,0.00,19,'465',01,'A');
INSERT INTO `en_p1m_preventa_cab` (`PreVenCabCod`,`CliCod`,`CatRutCod`,`UsuCod`,`PreVenCabFecEmi`,`PreVenCabFecVen`,`PreVenCabPla`,`PreVenCabTot`,`TipDesCod`,`PreVenCabSubTot`,`PreVenCabIGV`,`PreVenCabObs`,`MonCod`,`EstRegCod`) VALUES ('001-000029','15',05,'7','2016-05-27','2016-06-27',2,0.00,05,0.00,19,'906',01,'A');

INSERT INTO `en_p1m_preventa_cab` (`PreVenCabCod`,`CliCod`,`CatRutCod`,`UsuCod`,`PreVenCabFecEmi`,`PreVenCabFecVen`,`PreVenCabPla`,`PreVenCabTot`,`TipDesCod`,`PreVenCabSubTot`,`PreVenCabIGV`,`PreVenCabObs`,`MonCod`,`EstRegCod`) VALUES ('001-000030','12',07,'12','2016-05-27','2016-06-27',3,0.00,03,0.00,19,'727',01,'A');
INSERT INTO `en_p1m_preventa_cab` (`PreVenCabCod`,`CliCod`,`CatRutCod`,`UsuCod`,`PreVenCabFecEmi`,`PreVenCabFecVen`,`PreVenCabPla`,`PreVenCabTot`,`TipDesCod`,`PreVenCabSubTot`,`PreVenCabIGV`,`PreVenCabObs`,`MonCod`,`EstRegCod`) VALUES ('001-000031','11',04,'16','2016-05-27','2016-06-27',1,0.00,01,0.00,19,'929',01,'A');
INSERT INTO `en_p1m_preventa_cab` (`PreVenCabCod`,`CliCod`,`CatRutCod`,`UsuCod`,`PreVenCabFecEmi`,`PreVenCabFecVen`,`PreVenCabPla`,`PreVenCabTot`,`TipDesCod`,`PreVenCabSubTot`,`PreVenCabIGV`,`PreVenCabObs`,`MonCod`,`EstRegCod`) VALUES ('001-000032','5',06,'19','2016-05-27','2016-06-27',2,0.00,03,0.00,19,'896',01,'A');
INSERT INTO `en_p1m_preventa_cab` (`PreVenCabCod`,`CliCod`,`CatRutCod`,`UsuCod`,`PreVenCabFecEmi`,`PreVenCabFecVen`,`PreVenCabPla`,`PreVenCabTot`,`TipDesCod`,`PreVenCabSubTot`,`PreVenCabIGV`,`PreVenCabObs`,`MonCod`,`EstRegCod`) VALUES ('001-000033','5',05,'19','2016-05-27','2016-06-27',5,0.00,04,0.00,19,'327',01,'A');
INSERT INTO `en_p1m_preventa_cab` (`PreVenCabCod`,`CliCod`,`CatRutCod`,`UsuCod`,`PreVenCabFecEmi`,`PreVenCabFecVen`,`PreVenCabPla`,`PreVenCabTot`,`TipDesCod`,`PreVenCabSubTot`,`PreVenCabIGV`,`PreVenCabObs`,`MonCod`,`EstRegCod`) VALUES ('001-000034','3',06,'6','2016-05-27','2016-06-27',2,0.00,03,0.00,19,'978',01,'A');
INSERT INTO `en_p1m_preventa_cab` (`PreVenCabCod`,`CliCod`,`CatRutCod`,`UsuCod`,`PreVenCabFecEmi`,`PreVenCabFecVen`,`PreVenCabPla`,`PreVenCabTot`,`TipDesCod`,`PreVenCabSubTot`,`PreVenCabIGV`,`PreVenCabObs`,`MonCod`,`EstRegCod`) VALUES ('001-000035','10',09,'16','2016-05-27','2016-06-27',7,0.00,04,0.00,19,'891',01,'A');
INSERT INTO `en_p1m_preventa_cab` (`PreVenCabCod`,`CliCod`,`CatRutCod`,`UsuCod`,`PreVenCabFecEmi`,`PreVenCabFecVen`,`PreVenCabPla`,`PreVenCabTot`,`TipDesCod`,`PreVenCabSubTot`,`PreVenCabIGV`,`PreVenCabObs`,`MonCod`,`EstRegCod`) VALUES ('001-000036','9',01,'12','2016-05-27','2016-06-27',4,0.00,01,0.00,19,'204',01,'A');
INSERT INTO `en_p1m_preventa_cab` (`PreVenCabCod`,`CliCod`,`CatRutCod`,`UsuCod`,`PreVenCabFecEmi`,`PreVenCabFecVen`,`PreVenCabPla`,`PreVenCabTot`,`TipDesCod`,`PreVenCabSubTot`,`PreVenCabIGV`,`PreVenCabObs`,`MonCod`,`EstRegCod`) VALUES ('001-000037','3',09,'11','2016-05-27','2016-06-27',8,0.00,02,0.00,19,'959',01,'A');
INSERT INTO `en_p1m_preventa_cab` (`PreVenCabCod`,`CliCod`,`CatRutCod`,`UsuCod`,`PreVenCabFecEmi`,`PreVenCabFecVen`,`PreVenCabPla`,`PreVenCabTot`,`TipDesCod`,`PreVenCabSubTot`,`PreVenCabIGV`,`PreVenCabObs`,`MonCod`,`EstRegCod`) VALUES ('001-000038','13',01,'4','2016-05-27','2016-06-27',7,0.00,01,0.00,19,'948',01,'A');
INSERT INTO `en_p1m_preventa_cab` (`PreVenCabCod`,`CliCod`,`CatRutCod`,`UsuCod`,`PreVenCabFecEmi`,`PreVenCabFecVen`,`PreVenCabPla`,`PreVenCabTot`,`TipDesCod`,`PreVenCabSubTot`,`PreVenCabIGV`,`PreVenCabObs`,`MonCod`,`EstRegCod`) VALUES ('001-000039','10',07,'12','2016-05-27','2016-06-27',2,0.00,05,0.00,19,'427',01,'A');

INSERT INTO `en_p1m_preventa_cab` (`PreVenCabCod`,`CliCod`,`CatRutCod`,`UsuCod`,`PreVenCabFecEmi`,`PreVenCabFecVen`,`PreVenCabPla`,`PreVenCabTot`,`TipDesCod`,`PreVenCabSubTot`,`PreVenCabIGV`,`PreVenCabObs`,`MonCod`,`EstRegCod`) VALUES ('001-000040','20',08,'10','2016-05-27','2016-06-27',10,0.00,05,0.00,19,'205',01,'A');
INSERT INTO `en_p1m_preventa_cab` (`PreVenCabCod`,`CliCod`,`CatRutCod`,`UsuCod`,`PreVenCabFecEmi`,`PreVenCabFecVen`,`PreVenCabPla`,`PreVenCabTot`,`TipDesCod`,`PreVenCabSubTot`,`PreVenCabIGV`,`PreVenCabObs`,`MonCod`,`EstRegCod`) VALUES ('001-000041','14',02,'16','2016-05-27','2016-06-27',5,0.00,03,0.00,19,'665',01,'A');
INSERT INTO `en_p1m_preventa_cab` (`PreVenCabCod`,`CliCod`,`CatRutCod`,`UsuCod`,`PreVenCabFecEmi`,`PreVenCabFecVen`,`PreVenCabPla`,`PreVenCabTot`,`TipDesCod`,`PreVenCabSubTot`,`PreVenCabIGV`,`PreVenCabObs`,`MonCod`,`EstRegCod`) VALUES ('001-000042','16',01,'15','2016-05-27','2016-06-27',10,0.00,04,0.00,19,'388',01,'A');
INSERT INTO `en_p1m_preventa_cab` (`PreVenCabCod`,`CliCod`,`CatRutCod`,`UsuCod`,`PreVenCabFecEmi`,`PreVenCabFecVen`,`PreVenCabPla`,`PreVenCabTot`,`TipDesCod`,`PreVenCabSubTot`,`PreVenCabIGV`,`PreVenCabObs`,`MonCod`,`EstRegCod`) VALUES ('001-000043','13',03,'17','2016-05-27','2016-06-27',2,0.00,04,0.00,19,'724',01,'A');
INSERT INTO `en_p1m_preventa_cab` (`PreVenCabCod`,`CliCod`,`CatRutCod`,`UsuCod`,`PreVenCabFecEmi`,`PreVenCabFecVen`,`PreVenCabPla`,`PreVenCabTot`,`TipDesCod`,`PreVenCabSubTot`,`PreVenCabIGV`,`PreVenCabObs`,`MonCod`,`EstRegCod`) VALUES ('001-000044','19',09,'10','2016-05-27','2016-06-27',10,0.00,01,0.00,19,'986',01,'A');
INSERT INTO `en_p1m_preventa_cab` (`PreVenCabCod`,`CliCod`,`CatRutCod`,`UsuCod`,`PreVenCabFecEmi`,`PreVenCabFecVen`,`PreVenCabPla`,`PreVenCabTot`,`TipDesCod`,`PreVenCabSubTot`,`PreVenCabIGV`,`PreVenCabObs`,`MonCod`,`EstRegCod`) VALUES ('001-000045','8',10,'6','2016-05-27','2016-06-27',4,0.00,05,0.00,19,'184',01,'A');
INSERT INTO `en_p1m_preventa_cab` (`PreVenCabCod`,`CliCod`,`CatRutCod`,`UsuCod`,`PreVenCabFecEmi`,`PreVenCabFecVen`,`PreVenCabPla`,`PreVenCabTot`,`TipDesCod`,`PreVenCabSubTot`,`PreVenCabIGV`,`PreVenCabObs`,`MonCod`,`EstRegCod`) VALUES ('001-000046','8',10,'10','2016-05-27','2016-06-27',3,0.00,02,0.00,19,'981',01,'A');
INSERT INTO `en_p1m_preventa_cab` (`PreVenCabCod`,`CliCod`,`CatRutCod`,`UsuCod`,`PreVenCabFecEmi`,`PreVenCabFecVen`,`PreVenCabPla`,`PreVenCabTot`,`TipDesCod`,`PreVenCabSubTot`,`PreVenCabIGV`,`PreVenCabObs`,`MonCod`,`EstRegCod`) VALUES ('001-000047','1',05,'8','2016-05-27','2016-06-27',1,0.00,01,0.00,19,'685',01,'A');
INSERT INTO `en_p1m_preventa_cab` (`PreVenCabCod`,`CliCod`,`CatRutCod`,`UsuCod`,`PreVenCabFecEmi`,`PreVenCabFecVen`,`PreVenCabPla`,`PreVenCabTot`,`TipDesCod`,`PreVenCabSubTot`,`PreVenCabIGV`,`PreVenCabObs`,`MonCod`,`EstRegCod`) VALUES ('001-000048','15',04,'4','2016-05-27','2016-06-27',9,0.00,04,0.00,19,'834',01,'A');
INSERT INTO `en_p1m_preventa_cab` (`PreVenCabCod`,`CliCod`,`CatRutCod`,`UsuCod`,`PreVenCabFecEmi`,`PreVenCabFecVen`,`PreVenCabPla`,`PreVenCabTot`,`TipDesCod`,`PreVenCabSubTot`,`PreVenCabIGV`,`PreVenCabObs`,`MonCod`,`EstRegCod`) VALUES ('001-000049','12',08,'8','2016-05-27','2016-06-27',6,0.00,03,0.00,19,'231',01,'A');

INSERT INTO `en_p1m_preventa_cab` (`PreVenCabCod`,`CliCod`,`CatRutCod`,`UsuCod`,`PreVenCabFecEmi`,`PreVenCabFecVen`,`PreVenCabPla`,`PreVenCabTot`,`TipDesCod`,`PreVenCabSubTot`,`PreVenCabIGV`,`PreVenCabObs`,`MonCod`,`EstRegCod`) VALUES ('001-000050','10',06,'12','2016-05-27','2016-06-27',5,0.00,05,0.00,19,'234',01,'A');
INSERT INTO `en_p1m_preventa_cab` (`PreVenCabCod`,`CliCod`,`CatRutCod`,`UsuCod`,`PreVenCabFecEmi`,`PreVenCabFecVen`,`PreVenCabPla`,`PreVenCabTot`,`TipDesCod`,`PreVenCabSubTot`,`PreVenCabIGV`,`PreVenCabObs`,`MonCod`,`EstRegCod`) VALUES ('001-000051','14',03,'1','2016-05-27','2016-06-27',9,0.00,04,0.00,19,'640',01,'A');
INSERT INTO `en_p1m_preventa_cab` (`PreVenCabCod`,`CliCod`,`CatRutCod`,`UsuCod`,`PreVenCabFecEmi`,`PreVenCabFecVen`,`PreVenCabPla`,`PreVenCabTot`,`TipDesCod`,`PreVenCabSubTot`,`PreVenCabIGV`,`PreVenCabObs`,`MonCod`,`EstRegCod`) VALUES ('001-000052','2',05,'15','2016-05-27','2016-06-27',6,0.00,05,0.00,19,'833',01,'A');
INSERT INTO `en_p1m_preventa_cab` (`PreVenCabCod`,`CliCod`,`CatRutCod`,`UsuCod`,`PreVenCabFecEmi`,`PreVenCabFecVen`,`PreVenCabPla`,`PreVenCabTot`,`TipDesCod`,`PreVenCabSubTot`,`PreVenCabIGV`,`PreVenCabObs`,`MonCod`,`EstRegCod`) VALUES ('001-000053','2',07,'15','2016-05-27','2016-06-27',5,0.00,02,0.00,19,'301',01,'A');
INSERT INTO `en_p1m_preventa_cab` (`PreVenCabCod`,`CliCod`,`CatRutCod`,`UsuCod`,`PreVenCabFecEmi`,`PreVenCabFecVen`,`PreVenCabPla`,`PreVenCabTot`,`TipDesCod`,`PreVenCabSubTot`,`PreVenCabIGV`,`PreVenCabObs`,`MonCod`,`EstRegCod`) VALUES ('001-000054','7',07,'6','2016-05-27','2016-06-27',4,0.00,04,0.00,19,'957',01,'A');
INSERT INTO `en_p1m_preventa_cab` (`PreVenCabCod`,`CliCod`,`CatRutCod`,`UsuCod`,`PreVenCabFecEmi`,`PreVenCabFecVen`,`PreVenCabPla`,`PreVenCabTot`,`TipDesCod`,`PreVenCabSubTot`,`PreVenCabIGV`,`PreVenCabObs`,`MonCod`,`EstRegCod`) VALUES ('001-000055','14',04,'13','2016-05-27','2016-06-27',5,0.00,03,0.00,19,'992',01,'A');
INSERT INTO `en_p1m_preventa_cab` (`PreVenCabCod`,`CliCod`,`CatRutCod`,`UsuCod`,`PreVenCabFecEmi`,`PreVenCabFecVen`,`PreVenCabPla`,`PreVenCabTot`,`TipDesCod`,`PreVenCabSubTot`,`PreVenCabIGV`,`PreVenCabObs`,`MonCod`,`EstRegCod`) VALUES ('001-000056','13',06,'7','2016-05-27','2016-06-27',2,0.00,04,0.00,19,'291',01,'A');
INSERT INTO `en_p1m_preventa_cab` (`PreVenCabCod`,`CliCod`,`CatRutCod`,`UsuCod`,`PreVenCabFecEmi`,`PreVenCabFecVen`,`PreVenCabPla`,`PreVenCabTot`,`TipDesCod`,`PreVenCabSubTot`,`PreVenCabIGV`,`PreVenCabObs`,`MonCod`,`EstRegCod`) VALUES ('001-000057','17',06,'11','2016-05-27','2016-06-27',1,0.00,03,0.00,19,'142',01,'A');
INSERT INTO `en_p1m_preventa_cab` (`PreVenCabCod`,`CliCod`,`CatRutCod`,`UsuCod`,`PreVenCabFecEmi`,`PreVenCabFecVen`,`PreVenCabPla`,`PreVenCabTot`,`TipDesCod`,`PreVenCabSubTot`,`PreVenCabIGV`,`PreVenCabObs`,`MonCod`,`EstRegCod`) VALUES ('001-000058','1',07,'14','2016-05-27','2016-06-27',1,0.00,01,0.00,19,'119',01,'A');
INSERT INTO `en_p1m_preventa_cab` (`PreVenCabCod`,`CliCod`,`CatRutCod`,`UsuCod`,`PreVenCabFecEmi`,`PreVenCabFecVen`,`PreVenCabPla`,`PreVenCabTot`,`TipDesCod`,`PreVenCabSubTot`,`PreVenCabIGV`,`PreVenCabObs`,`MonCod`,`EstRegCod`) VALUES ('001-000059','1',01,'8','2016-05-27','2016-06-27',5,0.00,03,0.00,19,'176',01,'A');

INSERT INTO `en_p1m_preventa_cab` (`PreVenCabCod`,`CliCod`,`CatRutCod`,`UsuCod`,`PreVenCabFecEmi`,`PreVenCabFecVen`,`PreVenCabPla`,`PreVenCabTot`,`TipDesCod`,`PreVenCabSubTot`,`PreVenCabIGV`,`PreVenCabObs`,`MonCod`,`EstRegCod`) VALUES ('001-000060','18',07,'5','2016-05-27','2016-06-27',8,0.00,02,0.00,19,'370',01,'A');
INSERT INTO `en_p1m_preventa_cab` (`PreVenCabCod`,`CliCod`,`CatRutCod`,`UsuCod`,`PreVenCabFecEmi`,`PreVenCabFecVen`,`PreVenCabPla`,`PreVenCabTot`,`TipDesCod`,`PreVenCabSubTot`,`PreVenCabIGV`,`PreVenCabObs`,`MonCod`,`EstRegCod`) VALUES ('001-000061','1',01,'19','2016-05-27','2016-06-27',8,0.00,01,0.00,19,'280',01,'A');
INSERT INTO `en_p1m_preventa_cab` (`PreVenCabCod`,`CliCod`,`CatRutCod`,`UsuCod`,`PreVenCabFecEmi`,`PreVenCabFecVen`,`PreVenCabPla`,`PreVenCabTot`,`TipDesCod`,`PreVenCabSubTot`,`PreVenCabIGV`,`PreVenCabObs`,`MonCod`,`EstRegCod`) VALUES ('001-000062','3',07,'15','2016-05-27','2016-06-27',8,0.00,02,0.00,19,'651',01,'A');
INSERT INTO `en_p1m_preventa_cab` (`PreVenCabCod`,`CliCod`,`CatRutCod`,`UsuCod`,`PreVenCabFecEmi`,`PreVenCabFecVen`,`PreVenCabPla`,`PreVenCabTot`,`TipDesCod`,`PreVenCabSubTot`,`PreVenCabIGV`,`PreVenCabObs`,`MonCod`,`EstRegCod`) VALUES ('001-000063','10',06,'10','2016-05-27','2016-06-27',6,0.00,05,0.00,19,'170',01,'A');
INSERT INTO `en_p1m_preventa_cab` (`PreVenCabCod`,`CliCod`,`CatRutCod`,`UsuCod`,`PreVenCabFecEmi`,`PreVenCabFecVen`,`PreVenCabPla`,`PreVenCabTot`,`TipDesCod`,`PreVenCabSubTot`,`PreVenCabIGV`,`PreVenCabObs`,`MonCod`,`EstRegCod`) VALUES ('001-000064','15',06,'4','2016-05-27','2016-06-27',6,0.00,01,0.00,19,'273',01,'A');
INSERT INTO `en_p1m_preventa_cab` (`PreVenCabCod`,`CliCod`,`CatRutCod`,`UsuCod`,`PreVenCabFecEmi`,`PreVenCabFecVen`,`PreVenCabPla`,`PreVenCabTot`,`TipDesCod`,`PreVenCabSubTot`,`PreVenCabIGV`,`PreVenCabObs`,`MonCod`,`EstRegCod`) VALUES ('001-000065','15',04,'20','2016-05-27','2016-06-27',3,0.00,02,0.00,19,'336',01,'A');
INSERT INTO `en_p1m_preventa_cab` (`PreVenCabCod`,`CliCod`,`CatRutCod`,`UsuCod`,`PreVenCabFecEmi`,`PreVenCabFecVen`,`PreVenCabPla`,`PreVenCabTot`,`TipDesCod`,`PreVenCabSubTot`,`PreVenCabIGV`,`PreVenCabObs`,`MonCod`,`EstRegCod`) VALUES ('001-000066','7',05,'18','2016-05-27','2016-06-27',1,0.00,04,0.00,19,'365',01,'A');
INSERT INTO `en_p1m_preventa_cab` (`PreVenCabCod`,`CliCod`,`CatRutCod`,`UsuCod`,`PreVenCabFecEmi`,`PreVenCabFecVen`,`PreVenCabPla`,`PreVenCabTot`,`TipDesCod`,`PreVenCabSubTot`,`PreVenCabIGV`,`PreVenCabObs`,`MonCod`,`EstRegCod`) VALUES ('001-000067','3',03,'12','2016-05-27','2016-06-27',9,0.00,03,0.00,19,'377',01,'A');
INSERT INTO `en_p1m_preventa_cab` (`PreVenCabCod`,`CliCod`,`CatRutCod`,`UsuCod`,`PreVenCabFecEmi`,`PreVenCabFecVen`,`PreVenCabPla`,`PreVenCabTot`,`TipDesCod`,`PreVenCabSubTot`,`PreVenCabIGV`,`PreVenCabObs`,`MonCod`,`EstRegCod`) VALUES ('001-000068','12',02,'17','2016-05-27','2016-06-27',5,0.00,02,0.00,19,'203',01,'A');
INSERT INTO `en_p1m_preventa_cab` (`PreVenCabCod`,`CliCod`,`CatRutCod`,`UsuCod`,`PreVenCabFecEmi`,`PreVenCabFecVen`,`PreVenCabPla`,`PreVenCabTot`,`TipDesCod`,`PreVenCabSubTot`,`PreVenCabIGV`,`PreVenCabObs`,`MonCod`,`EstRegCod`) VALUES ('001-000069','18',08,'9','2016-05-27','2016-06-27',2,0.00,05,0.00,19,'351',01,'A');

INSERT INTO `en_p1m_preventa_cab` (`PreVenCabCod`,`CliCod`,`CatRutCod`,`UsuCod`,`PreVenCabFecEmi`,`PreVenCabFecVen`,`PreVenCabPla`,`PreVenCabTot`,`TipDesCod`,`PreVenCabSubTot`,`PreVenCabIGV`,`PreVenCabObs`,`MonCod`,`EstRegCod`) VALUES ('001-000070','20',01,'13','2016-05-27','2016-06-27',3,0.00,03,0.00,19,'372',01,'A');
INSERT INTO `en_p1m_preventa_cab` (`PreVenCabCod`,`CliCod`,`CatRutCod`,`UsuCod`,`PreVenCabFecEmi`,`PreVenCabFecVen`,`PreVenCabPla`,`PreVenCabTot`,`TipDesCod`,`PreVenCabSubTot`,`PreVenCabIGV`,`PreVenCabObs`,`MonCod`,`EstRegCod`) VALUES ('001-000071','4',08,'9','2016-05-27','2016-06-27',10,0.00,05,0.00,19,'351',01,'A');
INSERT INTO `en_p1m_preventa_cab` (`PreVenCabCod`,`CliCod`,`CatRutCod`,`UsuCod`,`PreVenCabFecEmi`,`PreVenCabFecVen`,`PreVenCabPla`,`PreVenCabTot`,`TipDesCod`,`PreVenCabSubTot`,`PreVenCabIGV`,`PreVenCabObs`,`MonCod`,`EstRegCod`) VALUES ('001-000072','18',06,'17','2016-05-27','2016-06-27',6,0.00,02,0.00,19,'584',01,'A');
INSERT INTO `en_p1m_preventa_cab` (`PreVenCabCod`,`CliCod`,`CatRutCod`,`UsuCod`,`PreVenCabFecEmi`,`PreVenCabFecVen`,`PreVenCabPla`,`PreVenCabTot`,`TipDesCod`,`PreVenCabSubTot`,`PreVenCabIGV`,`PreVenCabObs`,`MonCod`,`EstRegCod`) VALUES ('001-000073','7',07,'9','2016-05-27','2016-06-27',3,0.00,01,0.00,19,'838',01,'A');
INSERT INTO `en_p1m_preventa_cab` (`PreVenCabCod`,`CliCod`,`CatRutCod`,`UsuCod`,`PreVenCabFecEmi`,`PreVenCabFecVen`,`PreVenCabPla`,`PreVenCabTot`,`TipDesCod`,`PreVenCabSubTot`,`PreVenCabIGV`,`PreVenCabObs`,`MonCod`,`EstRegCod`) VALUES ('001-000074','8',04,'10','2016-05-27','2016-06-27',6,0.00,02,0.00,19,'724',01,'A');
INSERT INTO `en_p1m_preventa_cab` (`PreVenCabCod`,`CliCod`,`CatRutCod`,`UsuCod`,`PreVenCabFecEmi`,`PreVenCabFecVen`,`PreVenCabPla`,`PreVenCabTot`,`TipDesCod`,`PreVenCabSubTot`,`PreVenCabIGV`,`PreVenCabObs`,`MonCod`,`EstRegCod`) VALUES ('001-000075','6',06,'20','2016-05-27','2016-06-27',6,0.00,05,0.00,19,'261',01,'A');
INSERT INTO `en_p1m_preventa_cab` (`PreVenCabCod`,`CliCod`,`CatRutCod`,`UsuCod`,`PreVenCabFecEmi`,`PreVenCabFecVen`,`PreVenCabPla`,`PreVenCabTot`,`TipDesCod`,`PreVenCabSubTot`,`PreVenCabIGV`,`PreVenCabObs`,`MonCod`,`EstRegCod`) VALUES ('001-000076','9',03,'6','2016-05-27','2016-06-27',7,0.00,04,0.00,19,'403',01,'A');
INSERT INTO `en_p1m_preventa_cab` (`PreVenCabCod`,`CliCod`,`CatRutCod`,`UsuCod`,`PreVenCabFecEmi`,`PreVenCabFecVen`,`PreVenCabPla`,`PreVenCabTot`,`TipDesCod`,`PreVenCabSubTot`,`PreVenCabIGV`,`PreVenCabObs`,`MonCod`,`EstRegCod`) VALUES ('001-000077','5',02,'7','2016-05-27','2016-06-27',4,0.00,03,0.00,19,'741',01,'A');
INSERT INTO `en_p1m_preventa_cab` (`PreVenCabCod`,`CliCod`,`CatRutCod`,`UsuCod`,`PreVenCabFecEmi`,`PreVenCabFecVen`,`PreVenCabPla`,`PreVenCabTot`,`TipDesCod`,`PreVenCabSubTot`,`PreVenCabIGV`,`PreVenCabObs`,`MonCod`,`EstRegCod`) VALUES ('001-000078','18',08,'12','2016-05-27','2016-06-27',6,0.00,01,0.00,19,'725',01,'A');
INSERT INTO `en_p1m_preventa_cab` (`PreVenCabCod`,`CliCod`,`CatRutCod`,`UsuCod`,`PreVenCabFecEmi`,`PreVenCabFecVen`,`PreVenCabPla`,`PreVenCabTot`,`TipDesCod`,`PreVenCabSubTot`,`PreVenCabIGV`,`PreVenCabObs`,`MonCod`,`EstRegCod`) VALUES ('001-000079','14',01,'1','2016-05-27','2016-06-27',5,0.00,02,0.00,19,'274',01,'A');

INSERT INTO `en_p1m_preventa_cab` (`PreVenCabCod`,`CliCod`,`CatRutCod`,`UsuCod`,`PreVenCabFecEmi`,`PreVenCabFecVen`,`PreVenCabPla`,`PreVenCabTot`,`TipDesCod`,`PreVenCabSubTot`,`PreVenCabIGV`,`PreVenCabObs`,`MonCod`,`EstRegCod`) VALUES ('001-000080','3',07,'14','2016-05-27','2016-06-27',4,0.00,02,0.00,19,'398',01,'A');
INSERT INTO `en_p1m_preventa_cab` (`PreVenCabCod`,`CliCod`,`CatRutCod`,`UsuCod`,`PreVenCabFecEmi`,`PreVenCabFecVen`,`PreVenCabPla`,`PreVenCabTot`,`TipDesCod`,`PreVenCabSubTot`,`PreVenCabIGV`,`PreVenCabObs`,`MonCod`,`EstRegCod`) VALUES ('001-000081','9',02,'17','2016-05-27','2016-06-27',5,0.00,02,0.00,19,'300',01,'A');
INSERT INTO `en_p1m_preventa_cab` (`PreVenCabCod`,`CliCod`,`CatRutCod`,`UsuCod`,`PreVenCabFecEmi`,`PreVenCabFecVen`,`PreVenCabPla`,`PreVenCabTot`,`TipDesCod`,`PreVenCabSubTot`,`PreVenCabIGV`,`PreVenCabObs`,`MonCod`,`EstRegCod`) VALUES ('001-000082','9',05,'2','2016-05-27','2016-06-27',6,0.00,01,0.00,19,'473',01,'A');
INSERT INTO `en_p1m_preventa_cab` (`PreVenCabCod`,`CliCod`,`CatRutCod`,`UsuCod`,`PreVenCabFecEmi`,`PreVenCabFecVen`,`PreVenCabPla`,`PreVenCabTot`,`TipDesCod`,`PreVenCabSubTot`,`PreVenCabIGV`,`PreVenCabObs`,`MonCod`,`EstRegCod`) VALUES ('001-000083','16',04,'10','2016-05-27','2016-06-27',3,0.00,03,0.00,19,'890',01,'A');
INSERT INTO `en_p1m_preventa_cab` (`PreVenCabCod`,`CliCod`,`CatRutCod`,`UsuCod`,`PreVenCabFecEmi`,`PreVenCabFecVen`,`PreVenCabPla`,`PreVenCabTot`,`TipDesCod`,`PreVenCabSubTot`,`PreVenCabIGV`,`PreVenCabObs`,`MonCod`,`EstRegCod`) VALUES ('001-000084','11',07,'7','2016-05-27','2016-06-27',6,0.00,01,0.00,19,'114',01,'A');
INSERT INTO `en_p1m_preventa_cab` (`PreVenCabCod`,`CliCod`,`CatRutCod`,`UsuCod`,`PreVenCabFecEmi`,`PreVenCabFecVen`,`PreVenCabPla`,`PreVenCabTot`,`TipDesCod`,`PreVenCabSubTot`,`PreVenCabIGV`,`PreVenCabObs`,`MonCod`,`EstRegCod`) VALUES ('001-000085','14',06,'13','2016-05-27','2016-06-27',6,0.00,02,0.00,19,'216',01,'A');
INSERT INTO `en_p1m_preventa_cab` (`PreVenCabCod`,`CliCod`,`CatRutCod`,`UsuCod`,`PreVenCabFecEmi`,`PreVenCabFecVen`,`PreVenCabPla`,`PreVenCabTot`,`TipDesCod`,`PreVenCabSubTot`,`PreVenCabIGV`,`PreVenCabObs`,`MonCod`,`EstRegCod`) VALUES ('001-000086','19',01,'5','2016-05-27','2016-06-27',8,0.00,04,0.00,19,'836',01,'A');
INSERT INTO `en_p1m_preventa_cab` (`PreVenCabCod`,`CliCod`,`CatRutCod`,`UsuCod`,`PreVenCabFecEmi`,`PreVenCabFecVen`,`PreVenCabPla`,`PreVenCabTot`,`TipDesCod`,`PreVenCabSubTot`,`PreVenCabIGV`,`PreVenCabObs`,`MonCod`,`EstRegCod`) VALUES ('001-000087','17',02,'10','2016-05-27','2016-06-27',1,0.00,04,0.00,19,'385',01,'A');
INSERT INTO `en_p1m_preventa_cab` (`PreVenCabCod`,`CliCod`,`CatRutCod`,`UsuCod`,`PreVenCabFecEmi`,`PreVenCabFecVen`,`PreVenCabPla`,`PreVenCabTot`,`TipDesCod`,`PreVenCabSubTot`,`PreVenCabIGV`,`PreVenCabObs`,`MonCod`,`EstRegCod`) VALUES ('001-000088','1',01,'12','2016-05-27','2016-06-27',5,0.00,03,0.00,19,'351',01,'A');
INSERT INTO `en_p1m_preventa_cab` (`PreVenCabCod`,`CliCod`,`CatRutCod`,`UsuCod`,`PreVenCabFecEmi`,`PreVenCabFecVen`,`PreVenCabPla`,`PreVenCabTot`,`TipDesCod`,`PreVenCabSubTot`,`PreVenCabIGV`,`PreVenCabObs`,`MonCod`,`EstRegCod`) VALUES ('001-000089','8',10,'6','2016-05-27','2016-06-27',5,0.00,04,0.00,19,'673',01,'A');

INSERT INTO `en_p1m_preventa_cab` (`PreVenCabCod`,`CliCod`,`CatRutCod`,`UsuCod`,`PreVenCabFecEmi`,`PreVenCabFecVen`,`PreVenCabPla`,`PreVenCabTot`,`TipDesCod`,`PreVenCabSubTot`,`PreVenCabIGV`,`PreVenCabObs`,`MonCod`,`EstRegCod`) VALUES ('001-000090','6',02,'15','2016-05-27','2016-06-27',4,0.00,04,0.00,19,'873',01,'A');
INSERT INTO `en_p1m_preventa_cab` (`PreVenCabCod`,`CliCod`,`CatRutCod`,`UsuCod`,`PreVenCabFecEmi`,`PreVenCabFecVen`,`PreVenCabPla`,`PreVenCabTot`,`TipDesCod`,`PreVenCabSubTot`,`PreVenCabIGV`,`PreVenCabObs`,`MonCod`,`EstRegCod`) VALUES ('001-000091','4',08,'2','2016-05-27','2016-06-27',1,0.00,05,0.00,19,'386',01,'A');
INSERT INTO `en_p1m_preventa_cab` (`PreVenCabCod`,`CliCod`,`CatRutCod`,`UsuCod`,`PreVenCabFecEmi`,`PreVenCabFecVen`,`PreVenCabPla`,`PreVenCabTot`,`TipDesCod`,`PreVenCabSubTot`,`PreVenCabIGV`,`PreVenCabObs`,`MonCod`,`EstRegCod`) VALUES ('001-000092','19',10,'6','2016-05-27','2016-06-27',5,0.00,04,0.00,19,'510',01,'A');
INSERT INTO `en_p1m_preventa_cab` (`PreVenCabCod`,`CliCod`,`CatRutCod`,`UsuCod`,`PreVenCabFecEmi`,`PreVenCabFecVen`,`PreVenCabPla`,`PreVenCabTot`,`TipDesCod`,`PreVenCabSubTot`,`PreVenCabIGV`,`PreVenCabObs`,`MonCod`,`EstRegCod`) VALUES ('001-000093','20',04,'17','2016-05-27','2016-06-27',10,0.00,05,0.00,19,'669',01,'A');
INSERT INTO `en_p1m_preventa_cab` (`PreVenCabCod`,`CliCod`,`CatRutCod`,`UsuCod`,`PreVenCabFecEmi`,`PreVenCabFecVen`,`PreVenCabPla`,`PreVenCabTot`,`TipDesCod`,`PreVenCabSubTot`,`PreVenCabIGV`,`PreVenCabObs`,`MonCod`,`EstRegCod`) VALUES ('001-000094','13',02,'14','2016-05-27','2016-06-27',8,0.00,02,0.00,19,'879',01,'A');
INSERT INTO `en_p1m_preventa_cab` (`PreVenCabCod`,`CliCod`,`CatRutCod`,`UsuCod`,`PreVenCabFecEmi`,`PreVenCabFecVen`,`PreVenCabPla`,`PreVenCabTot`,`TipDesCod`,`PreVenCabSubTot`,`PreVenCabIGV`,`PreVenCabObs`,`MonCod`,`EstRegCod`) VALUES ('001-000095','20',02,'15','2016-05-27','2016-06-27',1,0.00,02,0.00,19,'915',01,'A');
INSERT INTO `en_p1m_preventa_cab` (`PreVenCabCod`,`CliCod`,`CatRutCod`,`UsuCod`,`PreVenCabFecEmi`,`PreVenCabFecVen`,`PreVenCabPla`,`PreVenCabTot`,`TipDesCod`,`PreVenCabSubTot`,`PreVenCabIGV`,`PreVenCabObs`,`MonCod`,`EstRegCod`) VALUES ('001-000096','5',10,'14','2016-05-27','2016-06-27',8,0.00,02,0.00,19,'863',01,'A');
INSERT INTO `en_p1m_preventa_cab` (`PreVenCabCod`,`CliCod`,`CatRutCod`,`UsuCod`,`PreVenCabFecEmi`,`PreVenCabFecVen`,`PreVenCabPla`,`PreVenCabTot`,`TipDesCod`,`PreVenCabSubTot`,`PreVenCabIGV`,`PreVenCabObs`,`MonCod`,`EstRegCod`) VALUES ('001-000097','4',02,'15','2016-05-27','2016-06-27',8,0.00,04,0.00,19,'830',01,'A');
INSERT INTO `en_p1m_preventa_cab` (`PreVenCabCod`,`CliCod`,`CatRutCod`,`UsuCod`,`PreVenCabFecEmi`,`PreVenCabFecVen`,`PreVenCabPla`,`PreVenCabTot`,`TipDesCod`,`PreVenCabSubTot`,`PreVenCabIGV`,`PreVenCabObs`,`MonCod`,`EstRegCod`) VALUES ('001-000098','16',10,'6','2016-05-27','2016-06-27',4,0.00,05,0.00,19,'929',01,'A');
INSERT INTO `en_p1m_preventa_cab` (`PreVenCabCod`,`CliCod`,`CatRutCod`,`UsuCod`,`PreVenCabFecEmi`,`PreVenCabFecVen`,`PreVenCabPla`,`PreVenCabTot`,`TipDesCod`,`PreVenCabSubTot`,`PreVenCabIGV`,`PreVenCabObs`,`MonCod`,`EstRegCod`) VALUES ('001-000099','13',04,'3','2016-05-27','2016-06-27',4,0.00,05,0.00,19,'289',01,'A');
INSERT INTO `en_p1m_preventa_cab` (`PreVenCabCod`,`CliCod`,`CatRutCod`,`UsuCod`,`PreVenCabFecEmi`,`PreVenCabFecVen`,`PreVenCabPla`,`PreVenCabTot`,`TipDesCod`,`PreVenCabSubTot`,`PreVenCabIGV`,`PreVenCabObs`,`MonCod`,`EstRegCod`) VALUES ('001-000100','17',10,'1','2016-05-27','2016-06-27',6,0.00,01,0.00,19,'678',01,'A');

COMMIT;


-- -----------------------------------------------------
-- Data for table `episerp`.`en_p1t_preventa_det`
-- -----------------------------------------------------
START TRANSACTION;
USE `episerp`;

INSERT INTO `en_p1t_preventa_det` (`PreVenCabCod`,`PreVenDetCod`,`ClaProCod`,`SubClaProCod`,`ProCod`,`PreVenDetCan`,`PreVenDetValUni`) VALUES ('001-000001',1,'05','02','CerealCoFlake','4','6'),('001-000001',2,'04','02','Repollo1kg','4','6'),('001-000001',3,'09','02','SFernan100','3','1.5'),('001-000001',4,'04','03','EnsaTomaMal1kg','4','6'),('001-000001',5,'03','02','PeBlanca1kg','4','6'),('001-000001',6,'05','02','CerealCoFlake','4','6'),('001-000001',7,'12','04','Nikolo','3','0.7'),('001-000001',8,'08','02','MermeGlo500','3','5.5'),('001-000001',9,'04','01','SazonadorA43gr','4','6'),('001-000001',10,'09','02','LaCale100','3','1.5');
INSERT INTO `en_p1t_preventa_det` (`PreVenCabCod`,`PreVenDetCod`,`ClaProCod`,`SubClaProCod`,`ProCod`,`PreVenDetCan`,`PreVenDetValUni`) VALUES ('001-000001',11,'03','02','ManzaGold240gr','4','6'),('001-000001',12,'05','02','CerealKellog','4','6'),('001-000001',13,'12','04','Mecano','3','1'),('001-000001',14,'01','02','PaPaCeNavid','6','15.5'),('001-000001',15,'04','01','AMorado1kg','4','6'),('001-000001',16,'05','01','BarrCereNesqu','4','6'),('001-000001',17,'04','01','AMoliFras55gr','4','6'),('001-000001',18,'05','02','CerealCoFlake','4','6'),('001-000001',19,'12','01','TrideMenta','3','0.2'),('001-000001',20,'03','01','Mandarinas1kg','4','5');
INSERT INTO `en_p1t_preventa_det` (`PreVenCabCod`,`PreVenDetCod`,`ClaProCod`,`SubClaProCod`,`ProCod`,`PreVenDetCan`,`PreVenDetValUni`) VALUES ('001-000001',21,'08','03','AconcDura250','3','5.5'),('001-000001',22,'08','02','MermeGlo500','3','5.5'),('001-000001',23,'12','04','Nikolo','3','0.7'),('001-000001',24,'04','02','BrocoPieza500gr','4','6'),('001-000001',25,'02','02','PaliSuri300Gr','4','10'),('001-000001',26,'12','04','Mecano','3','1'),('001-000001',27,'05','02','CerealKellog','4','6'),('001-000001',28,'12','01','TrideMenta','3','0.2'),('001-000001',29,'08','02','MermeFan500','3','6'),('001-000001',30,'02','02','GulaNorte','6','10');
INSERT INTO `en_p1t_preventa_det` (`PreVenCabCod`,`PreVenDetCod`,`ClaProCod`,`SubClaProCod`,`ProCod`,`PreVenDetCan`,`PreVenDetValUni`) VALUES ('001-000001',31,'02','02','PaliSuri300Gr','4','10'),('001-000001',32,'02','03','SalmAhuma200Gr','4','10'),('001-000001',33,'05','03','MiCereCoFlake','4','6'),('001-000001',34,'01','03','AlasPollo','6','6.5'),('001-000001',35,'04','03','TomFitofra500gr','4','6'),('001-000001',36,'12','01','TrideMenta','3','0.2'),('001-000001',37,'12','01','ChiclMenta','3','0.2'),('001-000001',38,'02','02','PaliSuri300Gr','4','10'),('001-000001',39,'08','03','AconcPiña250','3','5.5'),('001-000001',40,'02','02','KrisSuriFreRaya','4','10');
INSERT INTO `en_p1t_preventa_det` (`PreVenCabCod`,`PreVenDetCod`,`ClaProCod`,`SubClaProCod`,`ProCod`,`PreVenDetCan`,`PreVenDetValUni`) VALUES ('001-000001',41,'08','03','AconcPiña250','3','5.5'),('001-000001',42,'04','03','TomFitofra500gr','4','6'),('001-000001',43,'04','03','EnsaTomaMal1kg','4','6'),('001-000001',44,'02','03','SalmAhuma200Gr','4','10'),('001-000001',45,'03','02','ManzaRo290gr','4','6'),('001-000001',46,'05','03','MiCereNestLio','4','6'),('001-000001',47,'03','01','NaraZumoMalla','4','5'),('001-000001',48,'04','03','EnsaTomaMal1kg','4','6'),('001-000001',49,'04','01','AMorado1kg','4','6'),('001-000001',50,'02','01','Furel','6','10');
INSERT INTO `en_p1t_preventa_det` (`PreVenCabCod`,`PreVenDetCod`,`ClaProCod`,`SubClaProCod`,`ProCod`,`PreVenDetCan`,`PreVenDetValUni`) VALUES ('001-000001',51,'04','01','SazonadorA43gr','4','6'),('001-000001',52,'12','01','ChiclMenta','3','0.2'),('001-000001',53,'02','03','SalmAhuma200Gr','4','10'),('001-000001',54,'01','03','AlasPollo','6','6.5'),('001-000001',55,'01','01','CerdoRollos','6','11.5'),('001-000001',56,'02','01','Furel','6','10'),('001-000001',57,'01','01','CerdoRollos','6','11.5'),('001-000001',58,'09','02','LaCale100','3','1.5'),('001-000001',59,'01','03','PechugaPollo','6','7.5'),('001-000001',60,'05','01','BarrCereChoco','4','6');
INSERT INTO `en_p1t_preventa_det` (`PreVenCabCod`,`PreVenDetCod`,`ClaProCod`,`SubClaProCod`,`ProCod`,`PreVenDetCan`,`PreVenDetValUni`) VALUES ('001-000001',61,'01','02','CarnePavo1kg','6','15.5'),('001-000001',62,'03','01','NaraZumoMalla','4','5'),('001-000001',63,'01','03','AlasPollo','6','6.5'),('001-000001',64,'03','01','NaraZumoMalla','4','5'),('001-000001',65,'01','02','CarnePavo1kg','6','15.5'),('001-000001',66,'04','01','AMoliFras55gr','4','6'),('001-000001',67,'04','01','SazonadorA43gr','4','6'),('001-000001',68,'01','02','PaPaCeNavid','6','15.5'),('001-000001',69,'01','01','Cerdo1kg','6','15.5'),('001-000001',70,'03','02','ManzaRo290gr','4','6');
INSERT INTO `en_p1t_preventa_det` (`PreVenCabCod`,`PreVenDetCod`,`ClaProCod`,`SubClaProCod`,`ProCod`,`PreVenDetCan`,`PreVenDetValUni`) VALUES ('001-000001',71,'04','03','TomFitofra500gr','4','6'),('001-000001',72,'12','01','TrideMenta','3','0.2'),('001-000001',73,'12','04','Mecano','3','1'),('001-000001',74,'05','02','CerealNestle','4','6'),('001-000001',75,'05','02','CerealNestle','4','6'),('001-000001',76,'02','03','TrucAhuma200Gr','4','10'),('001-000001',77,'04','01','SazonadorA43gr','4','6'),('001-000001',78,'01','01','ChuletaCerdo','6','15.5'),('001-000001',79,'12','04','Mecano','3','1'),('001-000001',80,'04','03','TomFriCase500gr','4','6');
INSERT INTO `en_p1t_preventa_det` (`PreVenCabCod`,`PreVenDetCod`,`ClaProCod`,`SubClaProCod`,`ProCod`,`PreVenDetCan`,`PreVenDetValUni`) VALUES ('001-000001',81,'08','03','AconcPiña250','3','5.5'),('001-000001',82,'01','03','PechugaPollo','6','7.5'),('001-000001',83,'05','02','CerealCoFlake','4','6'),('001-000001',84,'02','02','GulaNorte','6','10'),('001-000001',85,'04','03','EnsaTomaMal1kg','4','6'),('001-000001',86,'05','02','CerealKellog','4','6'),('001-000001',87,'12','04','Mecano','3','1'),('001-000001',88,'04','03','TomFriCase500gr','4','6'),('001-000001',89,'03','01','Limones1kg','4','5'),('001-000001',90,'03','01','Limones1kg','4','5');
INSERT INTO `en_p1t_preventa_det` (`PreVenCabCod`,`PreVenDetCod`,`ClaProCod`,`SubClaProCod`,`ProCod`,`PreVenDetCan`,`PreVenDetValUni`) VALUES ('001-000001',91,'08','03','AconcDura250','3','5.5'),('001-000001',92,'05','01','BarrCereNesqu','4','6'),('001-000001',93,'02','02','KrisSuriFreRaya','4','10'),('001-000001',94,'03','01','Limones1kg','4','5'),('001-000001',95,'05','01','BarrCereInteg','4','6'),('001-000001',96,'05','02','CerealNestle','4','6'),('001-000001',97,'02','01','Furel','6','10'),('001-000001',98,'02','02','PaliSuri300Gr','4','10'),('001-000001',99,'04','02','BrocoPieza500gr','4','6'),('001-000001',100,'04','01','AMorado1kg','4','6');

INSERT INTO `en_p1t_preventa_det` (`PreVenCabCod`,`PreVenDetCod`,`ClaProCod`,`SubClaProCod`,`ProCod`,`PreVenDetCan`,`PreVenDetValUni`) VALUES ('001-000002',1,'08','02','MermeFan500','3','6'),('001-000002',2,'04','02','Repollo1kg','4','6'),('001-000002',3,'02','03','TrucAhuma200Gr','4','10'),('001-000002',4,'04','03','EnsaTomaMal1kg','4','6'),('001-000002',5,'05','01','BarrCereChoco','4','6'),('001-000002',6,'04','01','AMoliFras55gr','4','6'),('001-000002',7,'04','02','ColiflBolsa1kg','4','6'),('001-000002',8,'05','02','CerealCoFlake','4','6'),('001-000002',9,'02','01','Corvina','6','8'),('001-000002',10,'02','02','GulaNorte','6','10');
INSERT INTO `en_p1t_preventa_det` (`PreVenCabCod`,`PreVenDetCod`,`ClaProCod`,`SubClaProCod`,`ProCod`,`PreVenDetCan`,`PreVenDetValUni`) VALUES ('001-000002',11,'08','02','MermeFan500','3','6'),('001-000002',12,'12','04','Mecano','3','1'),('001-000002',13,'02','03','SalmAhuma200Gr','4','10'),('001-000002',14,'03','02','ManzaRo290gr','4','6'),('001-000002',15,'05','01','BarrCereNesqu','4','6'),('001-000002',16,'04','02','BrocoPieza500gr','4','6'),('001-000002',17,'01','01','Cerdo1kg','6','15.5'),('001-000002',18,'05','02','CerealKellog','4','6'),('001-000002',19,'02','03','PimeAhuma100Gr','4','8'),('001-000002',20,'04','02','BrocoPieza500gr','4','6');
INSERT INTO `en_p1t_preventa_det` (`PreVenCabCod`,`PreVenDetCod`,`ClaProCod`,`SubClaProCod`,`ProCod`,`PreVenDetCan`,`PreVenDetValUni`) VALUES ('001-000002',21,'04','02','Repollo1kg','4','6'),('001-000002',22,'01','03','PiernasPollo','6','7.5'),('001-000002',23,'12','01','TrideMenta','3','0.2'),('001-000002',24,'01','03','AlasPollo','6','6.5'),('001-000002',25,'08','03','AconcDura250','3','5.5'),('001-000002',26,'01','03','PechugaPollo','6','7.5'),('001-000002',27,'02','03','SalmAhuma200Gr','4','10'),('001-000002',28,'01','02','CarnePavo1/2kg','6','7.5'),('001-000002',29,'03','02','PeBlanca1kg','4','6'),('001-000002',30,'04','03','TomFitofra500gr','4','6');
INSERT INTO `en_p1t_preventa_det` (`PreVenCabCod`,`PreVenDetCod`,`ClaProCod`,`SubClaProCod`,`ProCod`,`PreVenDetCan`,`PreVenDetValUni`) VALUES ('001-000002',31,'02','03','PimeAhuma100Gr','4','8'),('001-000002',32,'04','03','TomFriCase500gr','4','6'),('001-000002',33,'12','04','Mecano','3','1'),('001-000002',34,'12','04','Nikolo','3','0.7'),('001-000002',35,'03','01','NaraZumoMalla','4','5'),('001-000002',36,'04','03','EnsaTomaMal1kg','4','6'),('001-000002',37,'01','01','ChuletaCerdo','6','15.5'),('001-000002',38,'02','01','Bonito','6','10'),('001-000002',39,'05','02','CerealNestle','4','6'),('001-000002',40,'02','01','Corvina','6','8');
INSERT INTO `en_p1t_preventa_det` (`PreVenCabCod`,`PreVenDetCod`,`ClaProCod`,`SubClaProCod`,`ProCod`,`PreVenDetCan`,`PreVenDetValUni`) VALUES ('001-000002',41,'04','02','ColiflBolsa1kg','4','6'),('001-000002',42,'12','04','Nikolo','3','0.7'),('001-000002',43,'12','01','TrideMenta','3','0.2'),('001-000002',44,'08','02','MermeGlo500','3','5.5'),('001-000002',45,'03','01','Mandarinas1kg','4','5'),('001-000002',46,'02','01','Corvina','6','8'),('001-000002',47,'04','02','Repollo1kg','4','6'),('001-000002',48,'08','02','MermeFan500','3','6'),('001-000002',49,'02','02','KrisSuriFreRaya','4','10'),('001-000002',50,'12','01','ChiclMenta','3','0.2');
INSERT INTO `en_p1t_preventa_det` (`PreVenCabCod`,`PreVenDetCod`,`ClaProCod`,`SubClaProCod`,`ProCod`,`PreVenDetCan`,`PreVenDetValUni`) VALUES ('001-000002',51,'01','02','PaPaCeNavid','6','15.5'),('001-000002',52,'01','02','CarnePavo1kg','6','15.5'),('001-000002',53,'05','02','CerealCoFlake','4','6'),('001-000002',54,'05','02','CerealNestle','4','6'),('001-000002',55,'08','02','MermeGlo500','3','5.5'),('001-000002',56,'04','02','BrocoPieza500gr','4','6'),('001-000002',57,'02','02','PaliSuri300Gr','4','10'),('001-000002',58,'04','01','AMoliFras55gr','4','6'),('001-000002',59,'05','03','MiCereCoFlake','4','6'),('001-000002',60,'01','03','AlasPollo','6','6.5');
INSERT INTO `en_p1t_preventa_det` (`PreVenCabCod`,`PreVenDetCod`,`ClaProCod`,`SubClaProCod`,`ProCod`,`PreVenDetCan`,`PreVenDetValUni`) VALUES ('001-000002',61,'04','02','ColiflBolsa1kg','4','6'),('001-000002',62,'04','03','TomFitofra500gr','4','6'),('001-000002',63,'04','01','SazonadorA43gr','4','6'),('001-000002',64,'04','02','Repollo1kg','4','6'),('001-000002',65,'02','03','TrucAhuma200Gr','4','10'),('001-000002',66,'04','02','Repollo1kg','4','6'),('001-000002',67,'08','02','MermeGlo500','3','5.5'),('001-000002',68,'04','03','TomFriCase500gr','4','6'),('001-000002',69,'04','01','SazonadorA43gr','4','6'),('001-000002',70,'05','01','BarrCereNesqu','4','6');
INSERT INTO `en_p1t_preventa_det` (`PreVenCabCod`,`PreVenDetCod`,`ClaProCod`,`SubClaProCod`,`ProCod`,`PreVenDetCan`,`PreVenDetValUni`) VALUES ('001-000002',71,'05','01','BarrCereInteg','4','6'),('001-000002',72,'04','02','BrocoPieza500gr','4','6'),('001-000002',73,'05','02','CerealKellog','4','6'),('001-000002',74,'01','01','Cerdo1kg','6','15.5'),('001-000002',75,'02','01','Corvina','6','8'),('001-000002',76,'02','03','PimeAhuma100Gr','4','8'),('001-000002',77,'05','03','MiCereKellogs','4','6'),('001-000002',78,'01','03','PiernasPollo','6','7.5'),('001-000002',79,'01','01','CerdoRollos','6','11.5'),('001-000002',80,'01','01','ChuletaCerdo','6','15.5');
INSERT INTO `en_p1t_preventa_det` (`PreVenCabCod`,`PreVenDetCod`,`ClaProCod`,`SubClaProCod`,`ProCod`,`PreVenDetCan`,`PreVenDetValUni`) VALUES ('001-000002',81,'04','02','Repollo1kg','4','6'),('001-000002',82,'05','02','CerealCoFlake','4','6'),('001-000002',83,'03','02','ManzaRo290gr','4','6'),('001-000002',84,'03','02','PeBlanca1kg','4','6'),('001-000002',85,'01','02','CarnePavo1/2kg','6','7.5'),('001-000002',86,'09','02','SFernan100','3','1.5'),('001-000002',87,'01','03','PiernasPollo','6','7.5'),('001-000002',88,'03','01','NaraZumoMalla','4','5'),('001-000002',89,'12','01','TrideMenta','3','0.2'),('001-000002',90,'02','03','SalmAhuma200Gr','4','10');
INSERT INTO `en_p1t_preventa_det` (`PreVenCabCod`,`PreVenDetCod`,`ClaProCod`,`SubClaProCod`,`ProCod`,`PreVenDetCan`,`PreVenDetValUni`) VALUES ('001-000002',91,'12','01','TrideMenta','3','0.2'),('001-000002',92,'05','02','CerealNestle','4','6'),('001-000002',93,'05','03','MiCereKellogs','4','6'),('001-000002',94,'03','02','ManzaRo290gr','4','6'),('001-000002',95,'05','03','MiCereNestLio','4','6'),('001-000002',96,'05','01','BarrCereNesqu','4','6'),('001-000002',97,'04','02','ColiflBolsa1kg','4','6'),('001-000002',98,'05','03','MiCereCoFlake','4','6'),('001-000002',99,'03','02','PeBlanca1kg','4','6'),('001-000002',100,'04','02','ColiflBolsa1kg','4','6');

INSERT INTO `en_p1t_preventa_det` (`PreVenCabCod`,`PreVenDetCod`,`ClaProCod`,`SubClaProCod`,`ProCod`,`PreVenDetCan`,`PreVenDetValUni`) VALUES ('001-000003',1,'03','01','Mandarinas1kg','4','5'),('001-000003',2,'05','03','MiCereKellogs','4','6'),('001-000003',3,'01','01','CerdoRollos','6','11.5'),('001-000003',4,'02','02','GulaNorte','6','10'),('001-000003',5,'05','03','MiCereKellogs','4','6'),('001-000003',6,'12','04','Nikolo','3','0.7'),('001-000003',7,'12','04','Mecano','3','1'),('001-000003',8,'05','02','CerealNestle','4','6'),('001-000003',9,'04','03','EnsaTomaMal1kg','4','6'),('001-000003',10,'12','04','Nikolo','3','0.7');
INSERT INTO `en_p1t_preventa_det` (`PreVenCabCod`,`PreVenDetCod`,`ClaProCod`,`SubClaProCod`,`ProCod`,`PreVenDetCan`,`PreVenDetValUni`) VALUES ('001-000003',11,'03','02','ManzaRo290gr','4','6'),('001-000003',12,'01','03','PechugaPollo','6','7.5'),('001-000003',13,'01','03','PechugaPollo','6','7.5'),('001-000003',14,'02','01','Corvina','6','8'),('001-000003',15,'03','02','ManzaGold240gr','4','6'),('001-000003',16,'03','01','Mandarinas1kg','4','5'),('001-000003',17,'01','03','PechugaPollo','6','7.5'),('001-000003',18,'02','01','Furel','6','10'),('001-000003',19,'05','01','BarrCereInteg','4','6'),('001-000003',20,'12','01','ChiclMenta','3','0.2');
INSERT INTO `en_p1t_preventa_det` (`PreVenCabCod`,`PreVenDetCod`,`ClaProCod`,`SubClaProCod`,`ProCod`,`PreVenDetCan`,`PreVenDetValUni`) VALUES ('001-000003',21,'01','03','AlasPollo','6','6.5'),('001-000003',22,'08','03','AconcPiña250','3','5.5'),('001-000003',23,'12','01','ChiclMenta','3','0.2'),('001-000003',24,'03','02','ManzaRo290gr','4','6'),('001-000003',25,'05','03','MiCereKellogs','4','6'),('001-000003',26,'08','02','MermeGlo500','3','5.5'),('001-000003',27,'08','03','AconcDura250','3','5.5'),('001-000003',28,'09','02','LaCale100','3','1.5'),('001-000003',29,'08','03','AconcDura250','3','5.5'),('001-000003',30,'02','03','TrucAhuma200Gr','4','10');
INSERT INTO `en_p1t_preventa_det` (`PreVenCabCod`,`PreVenDetCod`,`ClaProCod`,`SubClaProCod`,`ProCod`,`PreVenDetCan`,`PreVenDetValUni`) VALUES ('001-000003',31,'05','03','MiCereCoFlake','4','6'),('001-000003',32,'01','02','CarnePavo1kg','6','15.5'),('001-000003',33,'03','02','ManzaGold240gr','4','6'),('001-000003',34,'02','01','Bonito','6','10'),('001-000003',35,'08','02','MermeGlo500','3','5.5'),('001-000003',36,'05','03','MiCereCoFlake','4','6'),('001-000003',37,'01','03','PiernasPollo','6','7.5'),('001-000003',38,'08','02','MermeGlo500','3','5.5'),('001-000003',39,'02','03','PimeAhuma100Gr','4','8'),('001-000003',40,'02','01','Bonito','6','10');
INSERT INTO `en_p1t_preventa_det` (`PreVenCabCod`,`PreVenDetCod`,`ClaProCod`,`SubClaProCod`,`ProCod`,`PreVenDetCan`,`PreVenDetValUni`) VALUES ('001-000003',41,'08','03','AconcPiña250','3','5.5'),('001-000003',42,'04','02','Repollo1kg','4','6'),('001-000003',43,'05','03','MiCereKellogs','4','6'),('001-000003',44,'04','02','ColiflBolsa1kg','4','6'),('001-000003',45,'05','03','MiCereCoFlake','4','6'),('001-000003',46,'03','02','ManzaGold240gr','4','6'),('001-000003',47,'09','02','SFernan100','3','1.5'),('001-000003',48,'05','02','CerealKellog','4','6'),('001-000003',49,'01','03','AlasPollo','6','6.5'),('001-000003',50,'05','02','CerealNestle','4','6');
INSERT INTO `en_p1t_preventa_det` (`PreVenCabCod`,`PreVenDetCod`,`ClaProCod`,`SubClaProCod`,`ProCod`,`PreVenDetCan`,`PreVenDetValUni`) VALUES ('001-000003',51,'01','01','CerdoRollos','6','11.5'),('001-000003',52,'01','02','CarnePavo1kg','6','15.5'),('001-000003',53,'04','03','TomFriCase500gr','4','6'),('001-000003',54,'05','02','CerealCoFlake','4','6'),('001-000003',55,'05','02','CerealNestle','4','6'),('001-000003',56,'03','01','Mandarinas1kg','4','5'),('001-000003',57,'04','02','Repollo1kg','4','6'),('001-000003',58,'03','01','NaraZumoMalla','4','5'),('001-000003',59,'12','04','Nikolo','3','0.7'),('001-000003',60,'05','03','MiCereNestLio','4','6');
INSERT INTO `en_p1t_preventa_det` (`PreVenCabCod`,`PreVenDetCod`,`ClaProCod`,`SubClaProCod`,`ProCod`,`PreVenDetCan`,`PreVenDetValUni`) VALUES ('001-000003',61,'04','02','BrocoPieza500gr','4','6'),('001-000003',62,'09','02','SFernan100','3','1.5'),('001-000003',63,'02','02','GulaNorte','6','10'),('001-000003',64,'04','03','EnsaTomaMal1kg','4','6'),('001-000003',65,'02','02','GulaNorte','6','10'),('001-000003',66,'01','03','AlasPollo','6','6.5'),('001-000003',67,'02','01','Furel','6','10'),('001-000003',68,'03','01','Limones1kg','4','5'),('001-000003',69,'01','02','CarnePavo1kg','6','15.5'),('001-000003',70,'12','04','Nikolo','3','0.7');
INSERT INTO `en_p1t_preventa_det` (`PreVenCabCod`,`PreVenDetCod`,`ClaProCod`,`SubClaProCod`,`ProCod`,`PreVenDetCan`,`PreVenDetValUni`) VALUES ('001-000003',71,'04','03','TomFriCase500gr','4','6'),('001-000003',72,'04','02','BrocoPieza500gr','4','6'),('001-000003',73,'02','03','SalmAhuma200Gr','4','10'),('001-000003',74,'02','01','Bonito','6','10'),('001-000003',75,'03','02','ManzaRo290gr','4','6'),('001-000003',76,'02','03','SalmAhuma200Gr','4','10'),('001-000003',77,'05','03','MiCereCoFlake','4','6'),('001-000003',78,'09','02','SFernan100','3','1.5'),('001-000003',79,'05','03','MiCereCoFlake','4','6'),('001-000003',80,'01','02','CarnePavo1kg','6','15.5');
INSERT INTO `en_p1t_preventa_det` (`PreVenCabCod`,`PreVenDetCod`,`ClaProCod`,`SubClaProCod`,`ProCod`,`PreVenDetCan`,`PreVenDetValUni`) VALUES ('001-000003',81,'02','01','Bonito','6','10'),('001-000003',82,'05','03','MiCereCoFlake','4','6'),('001-000003',83,'02','01','Furel','6','10'),('001-000003',84,'05','01','BarrCereNesqu','4','6'),('001-000003',85,'04','03','TomFitofra500gr','4','6'),('001-000003',86,'12','04','Mecano','3','1'),('001-000003',87,'05','03','MiCereCoFlake','4','6'),('001-000003',88,'01','02','CarnePavo1/2kg','6','7.5'),('001-000003',89,'05','01','BarrCereNesqu','4','6'),('001-000003',90,'02','01','Bonito','6','10');
INSERT INTO `en_p1t_preventa_det` (`PreVenCabCod`,`PreVenDetCod`,`ClaProCod`,`SubClaProCod`,`ProCod`,`PreVenDetCan`,`PreVenDetValUni`) VALUES ('001-000003',91,'04','01','AMoliFras55gr','4','6'),('001-000003',92,'12','04','Nikolo','3','0.7'),('001-000003',93,'05','03','MiCereCoFlake','4','6'),('001-000003',94,'12','01','TrideMenta','3','0.2'),('001-000003',95,'01','01','CerdoRollos','6','11.5'),('001-000003',96,'03','01','Mandarinas1kg','4','5'),('001-000003',97,'03','01','Limones1kg','4','5'),('001-000003',98,'05','03','MiCereKellogs','4','6'),('001-000003',99,'01','01','CerdoRollos','6','11.5'),('001-000003',100,'09','02','SFernan100','3','1.5');

INSERT INTO `en_p1t_preventa_det` (`PreVenCabCod`,`PreVenDetCod`,`ClaProCod`,`SubClaProCod`,`ProCod`,`PreVenDetCan`,`PreVenDetValUni`) VALUES ('001-000004',1,'01','03','PechugaPollo','6','7.5'),('001-000004',2,'04','02','BrocoPieza500gr','4','6'),('001-000004',3,'05','01','BarrCereNesqu','4','6'),('001-000004',4,'03','01','NaraZumoMalla','4','5'),('001-000004',5,'02','02','PaliSuri300Gr','4','10'),('001-000004',6,'01','02','PaPaCeNavid','6','15.5'),('001-000004',7,'05','01','BarrCereInteg','4','6'),('001-000004',8,'01','02','CarnePavo1/2kg','6','7.5'),('001-000004',9,'01','02','PaPaCeNavid','6','15.5'),('001-000004',10,'02','03','SalmAhuma200Gr','4','10');
INSERT INTO `en_p1t_preventa_det` (`PreVenCabCod`,`PreVenDetCod`,`ClaProCod`,`SubClaProCod`,`ProCod`,`PreVenDetCan`,`PreVenDetValUni`) VALUES ('001-000004',11,'12','01','ChiclMenta','3','0.2'),('001-000004',12,'05','02','CerealNestle','4','6'),('001-000004',13,'01','02','CarnePavo1kg','6','15.5'),('001-000004',14,'01','03','PiernasPollo','6','7.5'),('001-000004',15,'05','02','CerealNestle','4','6'),('001-000004',16,'01','02','PaPaCeNavid','6','15.5'),('001-000004',17,'05','01','BarrCereInteg','4','6'),('001-000004',18,'01','03','PechugaPollo','6','7.5'),('001-000004',19,'05','01','BarrCereInteg','4','6'),('001-000004',20,'03','01','NaraZumoMalla','4','5');
INSERT INTO `en_p1t_preventa_det` (`PreVenCabCod`,`PreVenDetCod`,`ClaProCod`,`SubClaProCod`,`ProCod`,`PreVenDetCan`,`PreVenDetValUni`) VALUES ('001-000004',21,'12','04','Nikolo','3','0.7'),('001-000004',22,'01','02','CarnePavo1/2kg','6','7.5'),('001-000004',23,'04','02','ColiflBolsa1kg','4','6'),('001-000004',24,'01','01','CerdoRollos','6','11.5'),('001-000004',25,'04','03','TomFitofra500gr','4','6'),('001-000004',26,'04','01','AMorado1kg','4','6'),('001-000004',27,'02','02','KrisSuriFreRaya','4','10'),('001-000004',28,'03','01','Mandarinas1kg','4','5'),('001-000004',29,'02','02','KrisSuriFreRaya','4','10'),('001-000004',30,'04','02','BrocoPieza500gr','4','6');
INSERT INTO `en_p1t_preventa_det` (`PreVenCabCod`,`PreVenDetCod`,`ClaProCod`,`SubClaProCod`,`ProCod`,`PreVenDetCan`,`PreVenDetValUni`) VALUES ('001-000004',31,'01','03','PiernasPollo','6','7.5'),('001-000004',32,'01','03','PechugaPollo','6','7.5'),('001-000004',33,'01','01','ChuletaCerdo','6','15.5'),('001-000004',34,'05','02','CerealCoFlake','4','6'),('001-000004',35,'02','02','KrisSuriFreRaya','4','10'),('001-000004',36,'08','03','AconcPiña250','3','5.5'),('001-000004',37,'01','01','ChuletaCerdo','6','15.5'),('001-000004',38,'01','01','ChuletaCerdo','6','15.5'),('001-000004',39,'01','02','PaPaCeNavid','6','15.5'),('001-000004',40,'08','03','AconcPiña250','3','5.5');
INSERT INTO `en_p1t_preventa_det` (`PreVenCabCod`,`PreVenDetCod`,`ClaProCod`,`SubClaProCod`,`ProCod`,`PreVenDetCan`,`PreVenDetValUni`) VALUES ('001-000004',41,'05','02','CerealKellog','4','6'),('001-000004',42,'05','01','BarrCereInteg','4','6'),('001-000004',43,'05','02','CerealCoFlake','4','6'),('001-000004',44,'01','02','CarnePavo1/2kg','6','7.5'),('001-000004',45,'04','02','BrocoPieza500gr','4','6'),('001-000004',46,'01','01','Cerdo1kg','6','15.5'),('001-000004',47,'04','02','Repollo1kg','4','6'),('001-000004',48,'12','04','Mecano','3','1'),('001-000004',49,'08','03','AconcDura250','3','5.5'),('001-000004',50,'03','02','ManzaGold240gr','4','6');
INSERT INTO `en_p1t_preventa_det` (`PreVenCabCod`,`PreVenDetCod`,`ClaProCod`,`SubClaProCod`,`ProCod`,`PreVenDetCan`,`PreVenDetValUni`) VALUES ('001-000004',51,'01','03','AlasPollo','6','6.5'),('001-000004',52,'03','02','ManzaRo290gr','4','6'),('001-000004',53,'09','02','SFernan100','3','1.5'),('001-000004',54,'01','01','Cerdo1kg','6','15.5'),('001-000004',55,'08','02','MermeGlo500','3','5.5'),('001-000004',56,'04','03','TomFitofra500gr','4','6'),('001-000004',57,'04','03','TomFriCase500gr','4','6'),('001-000004',58,'01','03','PiernasPollo','6','7.5'),('001-000004',59,'05','01','BarrCereInteg','4','6'),('001-000004',60,'02','03','SalmAhuma200Gr','4','10');
INSERT INTO `en_p1t_preventa_det` (`PreVenCabCod`,`PreVenDetCod`,`ClaProCod`,`SubClaProCod`,`ProCod`,`PreVenDetCan`,`PreVenDetValUni`) VALUES ('001-000004',61,'04','02','ColiflBolsa1kg','4','6'),('001-000004',62,'12','01','ChiclMenta','3','0.2'),('001-000004',63,'01','03','AlasPollo','6','6.5'),('001-000004',64,'04','02','BrocoPieza500gr','4','6'),('001-000004',65,'01','02','CarnePavo1/2kg','6','7.5'),('001-000004',66,'12','04','Mecano','3','1'),('001-000004',67,'02','03','SalmAhuma200Gr','4','10'),('001-000004',68,'05','03','MiCereKellogs','4','6'),('001-000004',69,'01','02','PaPaCeNavid','6','15.5'),('001-000004',70,'02','01','Corvina','6','8');
INSERT INTO `en_p1t_preventa_det` (`PreVenCabCod`,`PreVenDetCod`,`ClaProCod`,`SubClaProCod`,`ProCod`,`PreVenDetCan`,`PreVenDetValUni`) VALUES ('001-000004',71,'05','02','CerealCoFlake','4','6'),('001-000004',72,'08','03','AconcPiña250','3','5.5'),('001-000004',73,'02','02','PaliSuri300Gr','4','10'),('001-000004',74,'03','02','PeBlanca1kg','4','6'),('001-000004',75,'03','02','ManzaRo290gr','4','6'),('001-000004',76,'01','03','PiernasPollo','6','7.5'),('001-000004',77,'02','03','PimeAhuma100Gr','4','8'),('001-000004',78,'01','02','PaPaCeNavid','6','15.5'),('001-000004',79,'02','02','GulaNorte','6','10'),('001-000004',80,'05','02','CerealKellog','4','6');
INSERT INTO `en_p1t_preventa_det` (`PreVenCabCod`,`PreVenDetCod`,`ClaProCod`,`SubClaProCod`,`ProCod`,`PreVenDetCan`,`PreVenDetValUni`) VALUES ('001-000004',81,'12','01','ChiclMenta','3','0.2'),('001-000004',82,'09','02','LaCale100','3','1.5'),('001-000004',83,'04','03','TomFitofra500gr','4','6'),('001-000004',84,'08','02','MermeGlo500','3','5.5'),('001-000004',85,'05','02','CerealNestle','4','6'),('001-000004',86,'04','02','ColiflBolsa1kg','4','6'),('001-000004',87,'04','03','TomFriCase500gr','4','6'),('001-000004',88,'04','03','EnsaTomaMal1kg','4','6'),('001-000004',89,'04','01','AMorado1kg','4','6'),('001-000004',90,'03','02','ManzaGold240gr','4','6');
INSERT INTO `en_p1t_preventa_det` (`PreVenCabCod`,`PreVenDetCod`,`ClaProCod`,`SubClaProCod`,`ProCod`,`PreVenDetCan`,`PreVenDetValUni`) VALUES ('001-000004',91,'04','03','EnsaTomaMal1kg','4','6'),('001-000004',92,'09','02','LaCale100','3','1.5'),('001-000004',93,'05','03','MiCereNestLio','4','6'),('001-000004',94,'02','01','Furel','6','10'),('001-000004',95,'09','02','LaCale100','3','1.5'),('001-000004',96,'03','02','PeBlanca1kg','4','6'),('001-000004',97,'05','02','CerealKellog','4','6'),('001-000004',98,'02','02','KrisSuriFreRaya','4','10'),('001-000004',99,'04','03','EnsaTomaMal1kg','4','6'),('001-000004',100,'03','01','Mandarinas1kg','4','5');

INSERT INTO `en_p1t_preventa_det` (`PreVenCabCod`,`PreVenDetCod`,`ClaProCod`,`SubClaProCod`,`ProCod`,`PreVenDetCan`,`PreVenDetValUni`) VALUES ('001-000005',1,'05','01','BarrCereInteg','4','6'),('001-000005',2,'03','02','ManzaGold240gr','4','6'),('001-000005',3,'02','01','Bonito','6','10'),('001-000005',4,'02','02','KrisSuriFreRaya','4','10'),('001-000005',5,'02','01','Furel','6','10'),('001-000005',6,'04','02','ColiflBolsa1kg','4','6'),('001-000005',7,'04','02','ColiflBolsa1kg','4','6'),('001-000005',8,'12','01','ChiclMenta','3','0.2'),('001-000005',9,'03','02','PeBlanca1kg','4','6'),('001-000005',10,'01','03','PechugaPollo','6','7.5');
INSERT INTO `en_p1t_preventa_det` (`PreVenCabCod`,`PreVenDetCod`,`ClaProCod`,`SubClaProCod`,`ProCod`,`PreVenDetCan`,`PreVenDetValUni`) VALUES ('001-000005',11,'08','03','AconcDura250','3','5.5'),('001-000005',12,'02','02','KrisSuriFreRaya','4','10'),('001-000005',13,'01','03','PechugaPollo','6','7.5'),('001-000005',14,'03','01','NaraZumoMalla','4','5'),('001-000005',15,'08','02','MermeFan500','3','6'),('001-000005',16,'03','01','Limones1kg','4','5'),('001-000005',17,'04','03','EnsaTomaMal1kg','4','6'),('001-000005',18,'05','02','CerealCoFlake','4','6'),('001-000005',19,'04','02','Repollo1kg','4','6'),('001-000005',20,'03','02','ManzaRo290gr','4','6');
INSERT INTO `en_p1t_preventa_det` (`PreVenCabCod`,`PreVenDetCod`,`ClaProCod`,`SubClaProCod`,`ProCod`,`PreVenDetCan`,`PreVenDetValUni`) VALUES ('001-000005',21,'08','02','MermeFan500','3','6'),('001-000005',22,'03','02','ManzaGold240gr','4','6'),('001-000005',23,'01','02','PaPaCeNavid','6','15.5'),('001-000005',24,'02','03','PimeAhuma100Gr','4','8'),('001-000005',25,'03','01','Mandarinas1kg','4','5'),('001-000005',26,'04','03','TomFitofra500gr','4','6'),('001-000005',27,'05','03','MiCereNestLio','4','6'),('001-000005',28,'12','01','ChiclMenta','3','0.2'),('001-000005',29,'03','01','Limones1kg','4','5'),('001-000005',30,'01','02','CarnePavo1kg','6','15.5');
INSERT INTO `en_p1t_preventa_det` (`PreVenCabCod`,`PreVenDetCod`,`ClaProCod`,`SubClaProCod`,`ProCod`,`PreVenDetCan`,`PreVenDetValUni`) VALUES ('001-000005',31,'03','02','PeBlanca1kg','4','6'),('001-000005',32,'03','01','NaraZumoMalla','4','5'),('001-000005',33,'01','01','Cerdo1kg','6','15.5'),('001-000005',34,'02','01','Corvina','6','8'),('001-000005',35,'04','01','AMorado1kg','4','6'),('001-000005',36,'04','03','TomFriCase500gr','4','6'),('001-000005',37,'04','01','AMorado1kg','4','6'),('001-000005',38,'04','01','AMorado1kg','4','6'),('001-000005',39,'01','03','AlasPollo','6','6.5'),('001-000005',40,'01','02','PaPaCeNavid','6','15.5');
INSERT INTO `en_p1t_preventa_det` (`PreVenCabCod`,`PreVenDetCod`,`ClaProCod`,`SubClaProCod`,`ProCod`,`PreVenDetCan`,`PreVenDetValUni`) VALUES ('001-000005',41,'01','01','CerdoRollos','6','11.5'),('001-000005',42,'05','02','CerealNestle','4','6'),('001-000005',43,'02','02','GulaNorte','6','10'),('001-000005',44,'05','03','MiCereKellogs','4','6'),('001-000005',45,'05','01','BarrCereNesqu','4','6'),('001-000005',46,'04','01','AMorado1kg','4','6'),('001-000005',47,'01','01','ChuletaCerdo','6','15.5'),('001-000005',48,'12','04','Nikolo','3','0.7'),('001-000005',49,'03','01','Limones1kg','4','5'),('001-000005',50,'04','02','BrocoPieza500gr','4','6');
INSERT INTO `en_p1t_preventa_det` (`PreVenCabCod`,`PreVenDetCod`,`ClaProCod`,`SubClaProCod`,`ProCod`,`PreVenDetCan`,`PreVenDetValUni`) VALUES ('001-000005',51,'03','01','NaraZumoMalla','4','5'),('001-000005',52,'04','01','AMorado1kg','4','6'),('001-000005',53,'05','03','MiCereKellogs','4','6'),('001-000005',54,'04','01','SazonadorA43gr','4','6'),('001-000005',55,'03','01','NaraZumoMalla','4','5'),('001-000005',56,'02','03','PimeAhuma100Gr','4','8'),('001-000005',57,'03','01','Mandarinas1kg','4','5'),('001-000005',58,'12','01','ChiclMenta','3','0.2'),('001-000005',59,'04','02','BrocoPieza500gr','4','6'),('001-000005',60,'12','01','TrideMenta','3','0.2');
INSERT INTO `en_p1t_preventa_det` (`PreVenCabCod`,`PreVenDetCod`,`ClaProCod`,`SubClaProCod`,`ProCod`,`PreVenDetCan`,`PreVenDetValUni`) VALUES ('001-000005',61,'08','03','AconcPiña250','3','5.5'),('001-000005',62,'12','01','ChiclMenta','3','0.2'),('001-000005',63,'05','01','BarrCereChoco','4','6'),('001-000005',64,'04','01','AMorado1kg','4','6'),('001-000005',65,'01','03','AlasPollo','6','6.5'),('001-000005',66,'12','04','Nikolo','3','0.7'),('001-000005',67,'01','02','CarnePavo1kg','6','15.5'),('001-000005',68,'04','02','BrocoPieza500gr','4','6'),('001-000005',69,'01','01','CerdoRollos','6','11.5'),('001-000005',70,'03','01','Limones1kg','4','5');
INSERT INTO `en_p1t_preventa_det` (`PreVenCabCod`,`PreVenDetCod`,`ClaProCod`,`SubClaProCod`,`ProCod`,`PreVenDetCan`,`PreVenDetValUni`) VALUES ('001-000005',71,'02','01','Corvina','6','8'),('001-000005',72,'01','03','PiernasPollo','6','7.5'),('001-000005',73,'03','01','NaraZumoMalla','4','5'),('001-000005',74,'08','02','MermeFan500','3','6'),('001-000005',75,'04','03','TomFitofra500gr','4','6'),('001-000005',76,'12','01','TrideMenta','3','0.2'),('001-000005',77,'02','03','PimeAhuma100Gr','4','8'),('001-000005',78,'03','01','Mandarinas1kg','4','5'),('001-000005',79,'02','01','Bonito','6','10'),('001-000005',80,'04','01','AMorado1kg','4','6');
INSERT INTO `en_p1t_preventa_det` (`PreVenCabCod`,`PreVenDetCod`,`ClaProCod`,`SubClaProCod`,`ProCod`,`PreVenDetCan`,`PreVenDetValUni`) VALUES ('001-000005',81,'01','01','ChuletaCerdo','6','15.5'),('001-000005',82,'08','03','AconcDura250','3','5.5'),('001-000005',83,'02','02','GulaNorte','6','10'),('001-000005',84,'02','03','SalmAhuma200Gr','4','10'),('001-000005',85,'05','03','MiCereKellogs','4','6'),('001-000005',86,'01','03','AlasPollo','6','6.5'),('001-000005',87,'04','03','TomFriCase500gr','4','6'),('001-000005',88,'08','02','MermeGlo500','3','5.5'),('001-000005',89,'02','02','GulaNorte','6','10'),('001-000005',90,'05','03','MiCereCoFlake','4','6');
INSERT INTO `en_p1t_preventa_det` (`PreVenCabCod`,`PreVenDetCod`,`ClaProCod`,`SubClaProCod`,`ProCod`,`PreVenDetCan`,`PreVenDetValUni`) VALUES ('001-000005',91,'05','02','CerealKellog','4','6'),('001-000005',92,'05','02','CerealKellog','4','6'),('001-000005',93,'01','02','CarnePavo1kg','6','15.5'),('001-000005',94,'02','03','TrucAhuma200Gr','4','10'),('001-000005',95,'03','02','PeBlanca1kg','4','6'),('001-000005',96,'08','02','MermeGlo500','3','5.5'),('001-000005',97,'02','02','PaliSuri300Gr','4','10'),('001-000005',98,'03','02','ManzaGold240gr','4','6'),('001-000005',99,'05','01','BarrCereInteg','4','6'),('001-000005',100,'01','01','CerdoRollos','6','11.5');

INSERT INTO `en_p1t_preventa_det` (`PreVenCabCod`,`PreVenDetCod`,`ClaProCod`,`SubClaProCod`,`ProCod`,`PreVenDetCan`,`PreVenDetValUni`) VALUES ('001-000006',1,'08','03','AconcPiña250','3','5.5'),('001-000006',2,'05','02','CerealNestle','4','6'),('001-000006',3,'03','02','ManzaGold240gr','4','6'),('001-000006',4,'03','02','ManzaGold240gr','4','6'),('001-000006',5,'05','02','CerealCoFlake','4','6'),('001-000006',6,'03','01','NaraZumoMalla','4','5'),('001-000006',7,'01','01','CerdoRollos','6','11.5'),('001-000006',8,'01','01','CerdoRollos','6','11.5'),('001-000006',9,'03','02','ManzaGold240gr','4','6'),('001-000006',10,'04','03','EnsaTomaMal1kg','4','6');
INSERT INTO `en_p1t_preventa_det` (`PreVenCabCod`,`PreVenDetCod`,`ClaProCod`,`SubClaProCod`,`ProCod`,`PreVenDetCan`,`PreVenDetValUni`) VALUES ('001-000006',11,'02','02','KrisSuriFreRaya','4','10'),('001-000006',12,'04','03','TomFitofra500gr','4','6'),('001-000006',13,'04','02','ColiflBolsa1kg','4','6'),('001-000006',14,'02','02','KrisSuriFreRaya','4','10'),('001-000006',15,'08','02','MermeGlo500','3','5.5'),('001-000006',16,'01','02','PaPaCeNavid','6','15.5'),('001-000006',17,'01','02','CarnePavo1/2kg','6','7.5'),('001-000006',18,'09','02','SFernan100','3','1.5'),('001-000006',19,'05','03','MiCereCoFlake','4','6'),('001-000006',20,'04','02','ColiflBolsa1kg','4','6');
INSERT INTO `en_p1t_preventa_det` (`PreVenCabCod`,`PreVenDetCod`,`ClaProCod`,`SubClaProCod`,`ProCod`,`PreVenDetCan`,`PreVenDetValUni`) VALUES ('001-000006',21,'04','02','ColiflBolsa1kg','4','6'),('001-000006',22,'02','03','TrucAhuma200Gr','4','10'),('001-000006',23,'01','01','Cerdo1kg','6','15.5'),('001-000006',24,'02','03','SalmAhuma200Gr','4','10'),('001-000006',25,'05','01','BarrCereInteg','4','6'),('001-000006',26,'12','01','TrideMenta','3','0.2'),('001-000006',27,'02','01','Corvina','6','8'),('001-000006',28,'03','01','Limones1kg','4','5'),('001-000006',29,'02','03','PimeAhuma100Gr','4','8'),('001-000006',30,'01','02','CarnePavo1kg','6','15.5');
INSERT INTO `en_p1t_preventa_det` (`PreVenCabCod`,`PreVenDetCod`,`ClaProCod`,`SubClaProCod`,`ProCod`,`PreVenDetCan`,`PreVenDetValUni`) VALUES ('001-000006',31,'05','03','MiCereKellogs','4','6'),('001-000006',32,'02','01','Corvina','6','8'),('001-000006',33,'04','03','EnsaTomaMal1kg','4','6'),('001-000006',34,'02','03','PimeAhuma100Gr','4','8'),('001-000006',35,'03','02','ManzaGold240gr','4','6'),('001-000006',36,'05','01','BarrCereChoco','4','6'),('001-000006',37,'04','02','ColiflBolsa1kg','4','6'),('001-000006',38,'03','01','NaraZumoMalla','4','5'),('001-000006',39,'03','02','PeBlanca1kg','4','6'),('001-000006',40,'05','01','BarrCereChoco','4','6');
INSERT INTO `en_p1t_preventa_det` (`PreVenCabCod`,`PreVenDetCod`,`ClaProCod`,`SubClaProCod`,`ProCod`,`PreVenDetCan`,`PreVenDetValUni`) VALUES ('001-000006',41,'05','02','CerealKellog','4','6'),('001-000006',42,'02','02','KrisSuriFreRaya','4','10'),('001-000006',43,'04','01','AMoliFras55gr','4','6'),('001-000006',44,'08','03','AconcPiña250','3','5.5'),('001-000006',45,'03','01','Mandarinas1kg','4','5'),('001-000006',46,'05','03','MiCereNestLio','4','6'),('001-000006',47,'01','01','Cerdo1kg','6','15.5'),('001-000006',48,'03','01','NaraZumoMalla','4','5'),('001-000006',49,'04','02','Repollo1kg','4','6'),('001-000006',50,'08','03','AconcDura250','3','5.5');
INSERT INTO `en_p1t_preventa_det` (`PreVenCabCod`,`PreVenDetCod`,`ClaProCod`,`SubClaProCod`,`ProCod`,`PreVenDetCan`,`PreVenDetValUni`) VALUES ('001-000006',51,'05','01','BarrCereNesqu','4','6'),('001-000006',52,'03','02','PeBlanca1kg','4','6'),('001-000006',53,'05','01','BarrCereNesqu','4','6'),('001-000006',54,'04','01','AMorado1kg','4','6'),('001-000006',55,'04','01','AMoliFras55gr','4','6'),('001-000006',56,'05','01','BarrCereChoco','4','6'),('001-000006',57,'09','02','LaCale100','3','1.5'),('001-000006',58,'04','02','Repollo1kg','4','6'),('001-000006',59,'02','03','SalmAhuma200Gr','4','10'),('001-000006',60,'04','03','TomFriCase500gr','4','6');
INSERT INTO `en_p1t_preventa_det` (`PreVenCabCod`,`PreVenDetCod`,`ClaProCod`,`SubClaProCod`,`ProCod`,`PreVenDetCan`,`PreVenDetValUni`) VALUES ('001-000006',61,'01','01','Cerdo1kg','6','15.5'),('001-000006',62,'12','04','Mecano','3','1'),('001-000006',63,'04','01','AMoliFras55gr','4','6'),('001-000006',64,'02','01','Corvina','6','8'),('001-000006',65,'09','02','SFernan100','3','1.5'),('001-000006',66,'01','02','CarnePavo1/2kg','6','7.5'),('001-000006',67,'09','02','SFernan100','3','1.5'),('001-000006',68,'02','03','SalmAhuma200Gr','4','10'),('001-000006',69,'04','01','AMorado1kg','4','6'),('001-000006',70,'05','01','BarrCereInteg','4','6');
INSERT INTO `en_p1t_preventa_det` (`PreVenCabCod`,`PreVenDetCod`,`ClaProCod`,`SubClaProCod`,`ProCod`,`PreVenDetCan`,`PreVenDetValUni`) VALUES ('001-000006',71,'04','01','AMoliFras55gr','4','6'),('001-000006',72,'05','01','BarrCereInteg','4','6'),('001-000006',73,'02','02','KrisSuriFreRaya','4','10'),('001-000006',74,'01','01','CerdoRollos','6','11.5'),('001-000006',75,'01','02','CarnePavo1kg','6','15.5'),('001-000006',76,'05','02','CerealCoFlake','4','6'),('001-000006',77,'01','02','PaPaCeNavid','6','15.5'),('001-000006',78,'01','03','PiernasPollo','6','7.5'),('001-000006',79,'12','04','Nikolo','3','0.7'),('001-000006',80,'04','03','TomFriCase500gr','4','6');
INSERT INTO `en_p1t_preventa_det` (`PreVenCabCod`,`PreVenDetCod`,`ClaProCod`,`SubClaProCod`,`ProCod`,`PreVenDetCan`,`PreVenDetValUni`) VALUES ('001-000006',81,'09','02','LaCale100','3','1.5'),('001-000006',82,'02','01','Furel','6','10'),('001-000006',83,'03','02','ManzaGold240gr','4','6'),('001-000006',84,'08','02','MermeFan500','3','6'),('001-000006',85,'04','03','TomFitofra500gr','4','6'),('001-000006',86,'03','02','ManzaGold240gr','4','6'),('001-000006',87,'08','02','MermeGlo500','3','5.5'),('001-000006',88,'03','01','NaraZumoMalla','4','5'),('001-000006',89,'12','01','TrideMenta','3','0.2'),('001-000006',90,'05','02','CerealKellog','4','6');
INSERT INTO `en_p1t_preventa_det` (`PreVenCabCod`,`PreVenDetCod`,`ClaProCod`,`SubClaProCod`,`ProCod`,`PreVenDetCan`,`PreVenDetValUni`) VALUES ('001-000006',91,'05','02','CerealNestle','4','6'),('001-000006',92,'05','01','BarrCereNesqu','4','6'),('001-000006',93,'08','02','MermeGlo500','3','5.5'),('001-000006',94,'05','03','MiCereCoFlake','4','6'),('001-000006',95,'02','01','Furel','6','10'),('001-000006',96,'01','01','ChuletaCerdo','6','15.5'),('001-000006',97,'01','02','PaPaCeNavid','6','15.5'),('001-000006',98,'05','01','BarrCereNesqu','4','6'),('001-000006',99,'12','04','Mecano','3','1'),('001-000006',100,'09','02','LaCale100','3','1.5');

INSERT INTO `en_p1t_preventa_det` (`PreVenCabCod`,`PreVenDetCod`,`ClaProCod`,`SubClaProCod`,`ProCod`,`PreVenDetCan`,`PreVenDetValUni`) VALUES ('001-000007',1,'01','03','PiernasPollo','6','7.5'),('001-000007',2,'09','02','LaCale100','3','1.5'),('001-000007',3,'01','01','CerdoRollos','6','11.5'),('001-000007',4,'02','03','TrucAhuma200Gr','4','10'),('001-000007',5,'04','02','ColiflBolsa1kg','4','6'),('001-000007',6,'05','02','CerealNestle','4','6'),('001-000007',7,'04','01','AMoliFras55gr','4','6'),('001-000007',8,'02','02','PaliSuri300Gr','4','10'),('001-000007',9,'01','01','CerdoRollos','6','11.5'),('001-000007',10,'05','02','CerealNestle','4','6');
INSERT INTO `en_p1t_preventa_det` (`PreVenCabCod`,`PreVenDetCod`,`ClaProCod`,`SubClaProCod`,`ProCod`,`PreVenDetCan`,`PreVenDetValUni`) VALUES ('001-000007',11,'02','03','TrucAhuma200Gr','4','10'),('001-000007',12,'02','03','TrucAhuma200Gr','4','10'),('001-000007',13,'12','04','Mecano','3','1'),('001-000007',14,'12','04','Nikolo','3','0.7'),('001-000007',15,'03','02','ManzaRo290gr','4','6'),('001-000007',16,'12','04','Nikolo','3','0.7'),('001-000007',17,'09','02','LaCale100','3','1.5'),('001-000007',18,'09','02','SFernan100','3','1.5'),('001-000007',19,'04','01','AMorado1kg','4','6'),('001-000007',20,'05','02','CerealKellog','4','6');
INSERT INTO `en_p1t_preventa_det` (`PreVenCabCod`,`PreVenDetCod`,`ClaProCod`,`SubClaProCod`,`ProCod`,`PreVenDetCan`,`PreVenDetValUni`) VALUES ('001-000007',21,'03','01','NaraZumoMalla','4','5'),('001-000007',22,'08','03','AconcPiña250','3','5.5'),('001-000007',23,'05','03','MiCereKellogs','4','6'),('001-000007',24,'02','03','SalmAhuma200Gr','4','10'),('001-000007',25,'02','02','KrisSuriFreRaya','4','10'),('001-000007',26,'03','02','PeBlanca1kg','4','6'),('001-000007',27,'04','03','TomFriCase500gr','4','6'),('001-000007',28,'04','01','AMoliFras55gr','4','6'),('001-000007',29,'01','03','AlasPollo','6','6.5'),('001-000007',30,'04','01','AMorado1kg','4','6');
INSERT INTO `en_p1t_preventa_det` (`PreVenCabCod`,`PreVenDetCod`,`ClaProCod`,`SubClaProCod`,`ProCod`,`PreVenDetCan`,`PreVenDetValUni`) VALUES ('001-000007',31,'02','03','PimeAhuma100Gr','4','8'),('001-000007',32,'05','01','BarrCereInteg','4','6'),('001-000007',33,'03','02','ManzaRo290gr','4','6'),('001-000007',34,'02','03','TrucAhuma200Gr','4','10'),('001-000007',35,'01','01','CerdoRollos','6','11.5'),('001-000007',36,'08','02','MermeGlo500','3','5.5'),('001-000007',37,'02','03','PimeAhuma100Gr','4','8'),('001-000007',38,'02','02','GulaNorte','6','10'),('001-000007',39,'04','01','SazonadorA43gr','4','6'),('001-000007',40,'12','01','TrideMenta','3','0.2');
INSERT INTO `en_p1t_preventa_det` (`PreVenCabCod`,`PreVenDetCod`,`ClaProCod`,`SubClaProCod`,`ProCod`,`PreVenDetCan`,`PreVenDetValUni`) VALUES ('001-000007',41,'03','01','Limones1kg','4','5'),('001-000007',42,'02','01','Bonito','6','10'),('001-000007',43,'05','01','BarrCereChoco','4','6'),('001-000007',44,'01','02','CarnePavo1/2kg','6','7.5'),('001-000007',45,'04','01','AMoliFras55gr','4','6'),('001-000007',46,'02','02','GulaNorte','6','10'),('001-000007',47,'05','02','CerealCoFlake','4','6'),('001-000007',48,'08','02','MermeGlo500','3','5.5'),('001-000007',49,'01','01','Cerdo1kg','6','15.5'),('001-000007',50,'03','01','Mandarinas1kg','4','5');
INSERT INTO `en_p1t_preventa_det` (`PreVenCabCod`,`PreVenDetCod`,`ClaProCod`,`SubClaProCod`,`ProCod`,`PreVenDetCan`,`PreVenDetValUni`) VALUES ('001-000007',51,'05','01','BarrCereInteg','4','6'),('001-000007',52,'05','02','CerealKellog','4','6'),('001-000007',53,'05','01','BarrCereNesqu','4','6'),('001-000007',54,'03','01','Limones1kg','4','5'),('001-000007',55,'03','02','ManzaRo290gr','4','6'),('001-000007',56,'03','01','Mandarinas1kg','4','5'),('001-000007',57,'02','01','Bonito','6','10'),('001-000007',58,'01','03','PiernasPollo','6','7.5'),('001-000007',59,'09','02','SFernan100','3','1.5'),('001-000007',60,'01','03','PechugaPollo','6','7.5');
INSERT INTO `en_p1t_preventa_det` (`PreVenCabCod`,`PreVenDetCod`,`ClaProCod`,`SubClaProCod`,`ProCod`,`PreVenDetCan`,`PreVenDetValUni`) VALUES ('001-000007',61,'08','02','MermeFan500','3','6'),('001-000007',62,'04','01','AMorado1kg','4','6'),('001-000007',63,'12','01','ChiclMenta','3','0.2'),('001-000007',64,'04','03','EnsaTomaMal1kg','4','6'),('001-000007',65,'12','01','ChiclMenta','3','0.2'),('001-000007',66,'03','01','Limones1kg','4','5'),('001-000007',67,'04','01','AMorado1kg','4','6'),('001-000007',68,'05','01','BarrCereChoco','4','6'),('001-000007',69,'05','01','BarrCereChoco','4','6'),('001-000007',70,'02','02','KrisSuriFreRaya','4','10');
INSERT INTO `en_p1t_preventa_det` (`PreVenCabCod`,`PreVenDetCod`,`ClaProCod`,`SubClaProCod`,`ProCod`,`PreVenDetCan`,`PreVenDetValUni`) VALUES ('001-000007',71,'02','02','GulaNorte','6','10'),('001-000007',72,'01','02','CarnePavo1/2kg','6','7.5'),('001-000007',73,'03','02','PeBlanca1kg','4','6'),('001-000007',74,'08','02','MermeGlo500','3','5.5'),('001-000007',75,'12','04','Mecano','3','1'),('001-000007',76,'04','01','AMorado1kg','4','6'),('001-000007',77,'05','03','MiCereNestLio','4','6'),('001-000007',78,'09','02','LaCale100','3','1.5'),('001-000007',79,'08','02','MermeFan500','3','6'),('001-000007',80,'12','01','ChiclMenta','3','0.2');
INSERT INTO `en_p1t_preventa_det` (`PreVenCabCod`,`PreVenDetCod`,`ClaProCod`,`SubClaProCod`,`ProCod`,`PreVenDetCan`,`PreVenDetValUni`) VALUES ('001-000007',81,'02','02','GulaNorte','6','10'),('001-000007',82,'05','01','BarrCereInteg','4','6'),('001-000007',83,'08','02','MermeFan500','3','6'),('001-000007',84,'02','03','TrucAhuma200Gr','4','10'),('001-000007',85,'05','02','CerealKellog','4','6'),('001-000007',86,'03','01','NaraZumoMalla','4','5'),('001-000007',87,'04','02','Repollo1kg','4','6'),('001-000007',88,'04','03','TomFitofra500gr','4','6'),('001-000007',89,'01','01','CerdoRollos','6','11.5'),('001-000007',90,'03','01','NaraZumoMalla','4','5');
INSERT INTO `en_p1t_preventa_det` (`PreVenCabCod`,`PreVenDetCod`,`ClaProCod`,`SubClaProCod`,`ProCod`,`PreVenDetCan`,`PreVenDetValUni`) VALUES ('001-000007',91,'05','01','BarrCereChoco','4','6'),('001-000007',92,'02','02','GulaNorte','6','10'),('001-000007',93,'08','03','AconcPiña250','3','5.5'),('001-000007',94,'03','02','PeBlanca1kg','4','6'),('001-000007',95,'02','02','GulaNorte','6','10'),('001-000007',96,'01','01','Cerdo1kg','6','15.5'),('001-000007',97,'01','01','ChuletaCerdo','6','15.5'),('001-000007',98,'04','01','SazonadorA43gr','4','6'),('001-000007',99,'08','02','MermeGlo500','3','5.5'),('001-000007',100,'02','01','Bonito','6','10');

INSERT INTO `en_p1t_preventa_det` (`PreVenCabCod`,`PreVenDetCod`,`ClaProCod`,`SubClaProCod`,`ProCod`,`PreVenDetCan`,`PreVenDetValUni`) VALUES ('001-000008',1,'08','02','MermeFan500','3','6'),('001-000008',2,'01','02','PaPaCeNavid','6','15.5'),('001-000008',3,'01','01','ChuletaCerdo','6','15.5'),('001-000008',4,'03','02','PeBlanca1kg','4','6'),('001-000008',5,'05','02','CerealCoFlake','4','6'),('001-000008',6,'05','03','MiCereKellogs','4','6'),('001-000008',7,'12','04','Mecano','3','1'),('001-000008',8,'05','03','MiCereNestLio','4','6'),('001-000008',9,'12','04','Nikolo','3','0.7'),('001-000008',10,'05','03','MiCereNestLio','4','6');
INSERT INTO `en_p1t_preventa_det` (`PreVenCabCod`,`PreVenDetCod`,`ClaProCod`,`SubClaProCod`,`ProCod`,`PreVenDetCan`,`PreVenDetValUni`) VALUES ('001-000008',11,'03','01','NaraZumoMalla','4','5'),('001-000008',12,'04','02','BrocoPieza500gr','4','6'),('001-000008',13,'12','01','TrideMenta','3','0.2'),('001-000008',14,'01','01','CerdoRollos','6','11.5'),('001-000008',15,'03','02','PeBlanca1kg','4','6'),('001-000008',16,'02','01','Corvina','6','8'),('001-000008',17,'12','01','ChiclMenta','3','0.2'),('001-000008',18,'05','02','CerealNestle','4','6'),('001-000008',19,'08','02','MermeFan500','3','6'),('001-000008',20,'02','01','Bonito','6','10');
INSERT INTO `en_p1t_preventa_det` (`PreVenCabCod`,`PreVenDetCod`,`ClaProCod`,`SubClaProCod`,`ProCod`,`PreVenDetCan`,`PreVenDetValUni`) VALUES ('001-000008',21,'01','03','PiernasPollo','6','7.5'),('001-000008',22,'02','01','Furel','6','10'),('001-000008',23,'05','02','CerealCoFlake','4','6'),('001-000008',24,'03','01','Mandarinas1kg','4','5'),('001-000008',25,'09','02','LaCale100','3','1.5'),('001-000008',26,'02','02','PaliSuri300Gr','4','10'),('001-000008',27,'04','02','Repollo1kg','4','6'),('001-000008',28,'04','02','ColiflBolsa1kg','4','6'),('001-000008',29,'08','02','MermeGlo500','3','5.5'),('001-000008',30,'03','01','Mandarinas1kg','4','5');
INSERT INTO `en_p1t_preventa_det` (`PreVenCabCod`,`PreVenDetCod`,`ClaProCod`,`SubClaProCod`,`ProCod`,`PreVenDetCan`,`PreVenDetValUni`) VALUES ('001-000008',31,'02','02','GulaNorte','6','10'),('001-000008',32,'08','03','AconcDura250','3','5.5'),('001-000008',33,'12','04','Nikolo','3','0.7'),('001-000008',34,'01','03','AlasPollo','6','6.5'),('001-000008',35,'05','03','MiCereKellogs','4','6'),('001-000008',36,'01','02','CarnePavo1kg','6','15.5'),('001-000008',37,'02','02','GulaNorte','6','10'),('001-000008',38,'05','02','CerealNestle','4','6'),('001-000008',39,'09','02','SFernan100','3','1.5'),('001-000008',40,'04','01','AMoliFras55gr','4','6');
INSERT INTO `en_p1t_preventa_det` (`PreVenCabCod`,`PreVenDetCod`,`ClaProCod`,`SubClaProCod`,`ProCod`,`PreVenDetCan`,`PreVenDetValUni`) VALUES ('001-000008',41,'01','02','PaPaCeNavid','6','15.5'),('001-000008',42,'04','02','ColiflBolsa1kg','4','6'),('001-000008',43,'04','01','AMorado1kg','4','6'),('001-000008',44,'04','03','TomFitofra500gr','4','6'),('001-000008',45,'05','01','BarrCereChoco','4','6'),('001-000008',46,'01','03','AlasPollo','6','6.5'),('001-000008',47,'02','01','Bonito','6','10'),('001-000008',48,'02','03','SalmAhuma200Gr','4','10'),('001-000008',49,'04','02','Repollo1kg','4','6'),('001-000008',50,'12','04','Nikolo','3','0.7');
INSERT INTO `en_p1t_preventa_det` (`PreVenCabCod`,`PreVenDetCod`,`ClaProCod`,`SubClaProCod`,`ProCod`,`PreVenDetCan`,`PreVenDetValUni`) VALUES ('001-000008',51,'05','02','CerealNestle','4','6'),('001-000008',52,'04','02','Repollo1kg','4','6'),('001-000008',53,'04','02','BrocoPieza500gr','4','6'),('001-000008',54,'05','02','CerealKellog','4','6'),('001-000008',55,'02','03','TrucAhuma200Gr','4','10'),('001-000008',56,'04','02','ColiflBolsa1kg','4','6'),('001-000008',57,'02','02','KrisSuriFreRaya','4','10'),('001-000008',58,'01','03','AlasPollo','6','6.5'),('001-000008',59,'02','03','SalmAhuma200Gr','4','10'),('001-000008',60,'01','03','PiernasPollo','6','7.5');
INSERT INTO `en_p1t_preventa_det` (`PreVenCabCod`,`PreVenDetCod`,`ClaProCod`,`SubClaProCod`,`ProCod`,`PreVenDetCan`,`PreVenDetValUni`) VALUES ('001-000008',61,'08','02','MermeGlo500','3','5.5'),('001-000008',62,'01','01','Cerdo1kg','6','15.5'),('001-000008',63,'12','01','TrideMenta','3','0.2'),('001-000008',64,'04','03','TomFriCase500gr','4','6'),('001-000008',65,'04','03','EnsaTomaMal1kg','4','6'),('001-000008',66,'01','02','PaPaCeNavid','6','15.5'),('001-000008',67,'04','02','BrocoPieza500gr','4','6'),('001-000008',68,'09','02','SFernan100','3','1.5'),('001-000008',69,'01','02','CarnePavo1/2kg','6','7.5'),('001-000008',70,'02','03','PimeAhuma100Gr','4','8');
INSERT INTO `en_p1t_preventa_det` (`PreVenCabCod`,`PreVenDetCod`,`ClaProCod`,`SubClaProCod`,`ProCod`,`PreVenDetCan`,`PreVenDetValUni`) VALUES ('001-000008',71,'02','01','Corvina','6','8'),('001-000008',72,'09','02','SFernan100','3','1.5'),('001-000008',73,'12','04','Nikolo','3','0.7'),('001-000008',74,'01','02','CarnePavo1kg','6','15.5'),('001-000008',75,'09','02','SFernan100','3','1.5'),('001-000008',76,'04','03','TomFitofra500gr','4','6'),('001-000008',77,'02','03','TrucAhuma200Gr','4','10'),('001-000008',78,'01','03','AlasPollo','6','6.5'),('001-000008',79,'08','03','AconcPiña250','3','5.5'),('001-000008',80,'12','04','Nikolo','3','0.7');
INSERT INTO `en_p1t_preventa_det` (`PreVenCabCod`,`PreVenDetCod`,`ClaProCod`,`SubClaProCod`,`ProCod`,`PreVenDetCan`,`PreVenDetValUni`) VALUES ('001-000008',81,'02','01','Corvina','6','8'),('001-000008',82,'02','02','KrisSuriFreRaya','4','10'),('001-000008',83,'09','02','LaCale100','3','1.5'),('001-000008',84,'12','04','Nikolo','3','0.7'),('001-000008',85,'02','03','SalmAhuma200Gr','4','10'),('001-000008',86,'05','01','BarrCereChoco','4','6'),('001-000008',87,'05','03','MiCereCoFlake','4','6'),('001-000008',88,'12','01','TrideMenta','3','0.2'),('001-000008',89,'03','02','ManzaRo290gr','4','6'),('001-000008',90,'03','02','ManzaRo290gr','4','6');
INSERT INTO `en_p1t_preventa_det` (`PreVenCabCod`,`PreVenDetCod`,`ClaProCod`,`SubClaProCod`,`ProCod`,`PreVenDetCan`,`PreVenDetValUni`) VALUES ('001-000008',91,'02','02','PaliSuri300Gr','4','10'),('001-000008',92,'09','02','SFernan100','3','1.5'),('001-000008',93,'05','03','MiCereNestLio','4','6'),('001-000008',94,'02','03','TrucAhuma200Gr','4','10'),('001-000008',95,'09','02','LaCale100','3','1.5'),('001-000008',96,'04','02','ColiflBolsa1kg','4','6'),('001-000008',97,'01','02','PaPaCeNavid','6','15.5'),('001-000008',98,'05','02','CerealKellog','4','6'),('001-000008',99,'04','02','ColiflBolsa1kg','4','6'),('001-000008',100,'05','01','BarrCereInteg','4','6');

INSERT INTO `en_p1t_preventa_det` (`PreVenCabCod`,`PreVenDetCod`,`ClaProCod`,`SubClaProCod`,`ProCod`,`PreVenDetCan`,`PreVenDetValUni`) VALUES ('001-000009',1,'03','01','Limones1kg','4','5'),('001-000009',2,'12','04','Mecano','3','1'),('001-000009',3,'04','02','BrocoPieza500gr','4','6'),('001-000009',4,'04','03','TomFriCase500gr','4','6'),('001-000009',5,'05','02','CerealCoFlake','4','6'),('001-000009',6,'01','03','PiernasPollo','6','7.5'),('001-000009',7,'04','01','AMorado1kg','4','6'),('001-000009',8,'04','01','SazonadorA43gr','4','6'),('001-000009',9,'01','02','PaPaCeNavid','6','15.5'),('001-000009',10,'01','02','CarnePavo1/2kg','6','7.5');
INSERT INTO `en_p1t_preventa_det` (`PreVenCabCod`,`PreVenDetCod`,`ClaProCod`,`SubClaProCod`,`ProCod`,`PreVenDetCan`,`PreVenDetValUni`) VALUES ('001-000009',11,'04','01','AMorado1kg','4','6'),('001-000009',12,'02','01','Bonito','6','10'),('001-000009',13,'01','03','AlasPollo','6','6.5'),('001-000009',14,'04','02','ColiflBolsa1kg','4','6'),('001-000009',15,'09','02','SFernan100','3','1.5'),('001-000009',16,'04','03','EnsaTomaMal1kg','4','6'),('001-000009',17,'05','03','MiCereKellogs','4','6'),('001-000009',18,'05','03','MiCereKellogs','4','6'),('001-000009',19,'12','01','ChiclMenta','3','0.2'),('001-000009',20,'04','02','Repollo1kg','4','6');
INSERT INTO `en_p1t_preventa_det` (`PreVenCabCod`,`PreVenDetCod`,`ClaProCod`,`SubClaProCod`,`ProCod`,`PreVenDetCan`,`PreVenDetValUni`) VALUES ('001-000009',21,'09','02','LaCale100','3','1.5'),('001-000009',22,'05','01','BarrCereInteg','4','6'),('001-000009',23,'04','03','TomFitofra500gr','4','6'),('001-000009',24,'01','01','CerdoRollos','6','11.5'),('001-000009',25,'12','01','TrideMenta','3','0.2'),('001-000009',26,'05','01','BarrCereNesqu','4','6'),('001-000009',27,'02','02','GulaNorte','6','10'),('001-000009',28,'02','02','KrisSuriFreRaya','4','10'),('001-000009',29,'02','03','TrucAhuma200Gr','4','10'),('001-000009',30,'08','02','MermeFan500','3','6');
INSERT INTO `en_p1t_preventa_det` (`PreVenCabCod`,`PreVenDetCod`,`ClaProCod`,`SubClaProCod`,`ProCod`,`PreVenDetCan`,`PreVenDetValUni`) VALUES ('001-000009',31,'02','01','Furel','6','10'),('001-000009',32,'12','04','Mecano','3','1'),('001-000009',33,'08','02','MermeFan500','3','6'),('001-000009',34,'05','01','BarrCereInteg','4','6'),('001-000009',35,'02','02','GulaNorte','6','10'),('001-000009',36,'05','03','MiCereNestLio','4','6'),('001-000009',37,'04','01','AMorado1kg','4','6'),('001-000009',38,'02','03','TrucAhuma200Gr','4','10'),('001-000009',39,'03','02','PeBlanca1kg','4','6'),('001-000009',40,'02','03','SalmAhuma200Gr','4','10');
INSERT INTO `en_p1t_preventa_det` (`PreVenCabCod`,`PreVenDetCod`,`ClaProCod`,`SubClaProCod`,`ProCod`,`PreVenDetCan`,`PreVenDetValUni`) VALUES ('001-000009',41,'01','03','AlasPollo','6','6.5'),('001-000009',42,'05','01','BarrCereNesqu','4','6'),('001-000009',43,'01','03','PechugaPollo','6','7.5'),('001-000009',44,'09','02','SFernan100','3','1.5'),('001-000009',45,'05','01','BarrCereNesqu','4','6'),('001-000009',46,'01','03','PiernasPollo','6','7.5'),('001-000009',47,'02','03','PimeAhuma100Gr','4','8'),('001-000009',48,'04','01','AMorado1kg','4','6'),('001-000009',49,'04','03','TomFriCase500gr','4','6'),('001-000009',50,'01','02','PaPaCeNavid','6','15.5');
INSERT INTO `en_p1t_preventa_det` (`PreVenCabCod`,`PreVenDetCod`,`ClaProCod`,`SubClaProCod`,`ProCod`,`PreVenDetCan`,`PreVenDetValUni`) VALUES ('001-000009',51,'03','01','Mandarinas1kg','4','5'),('001-000009',52,'12','01','ChiclMenta','3','0.2'),('001-000009',53,'04','01','AMoliFras55gr','4','6'),('001-000009',54,'04','01','AMorado1kg','4','6'),('001-000009',55,'01','02','CarnePavo1/2kg','6','7.5'),('001-000009',56,'01','02','PaPaCeNavid','6','15.5'),('001-000009',57,'02','03','PimeAhuma100Gr','4','8'),('001-000009',58,'05','03','MiCereNestLio','4','6'),('001-000009',59,'09','02','SFernan100','3','1.5'),('001-000009',60,'12','01','TrideMenta','3','0.2');
INSERT INTO `en_p1t_preventa_det` (`PreVenCabCod`,`PreVenDetCod`,`ClaProCod`,`SubClaProCod`,`ProCod`,`PreVenDetCan`,`PreVenDetValUni`) VALUES ('001-000009',61,'05','02','CerealKellog','4','6'),('001-000009',62,'05','03','MiCereNestLio','4','6'),('001-000009',63,'01','03','PechugaPollo','6','7.5'),('001-000009',64,'04','02','BrocoPieza500gr','4','6'),('001-000009',65,'02','02','GulaNorte','6','10'),('001-000009',66,'02','01','Furel','6','10'),('001-000009',67,'05','02','CerealCoFlake','4','6'),('001-000009',68,'12','01','ChiclMenta','3','0.2'),('001-000009',69,'05','03','MiCereCoFlake','4','6'),('001-000009',70,'12','04','Nikolo','3','0.7');
INSERT INTO `en_p1t_preventa_det` (`PreVenCabCod`,`PreVenDetCod`,`ClaProCod`,`SubClaProCod`,`ProCod`,`PreVenDetCan`,`PreVenDetValUni`) VALUES ('001-000009',71,'02','01','Corvina','6','8'),('001-000009',72,'02','02','PaliSuri300Gr','4','10'),('001-000009',73,'05','03','MiCereKellogs','4','6'),('001-000009',74,'03','01','Mandarinas1kg','4','5'),('001-000009',75,'02','01','Bonito','6','10'),('001-000009',76,'01','02','PaPaCeNavid','6','15.5'),('001-000009',77,'08','03','AconcDura250','3','5.5'),('001-000009',78,'02','02','PaliSuri300Gr','4','10'),('001-000009',79,'05','03','MiCereCoFlake','4','6'),('001-000009',80,'08','02','MermeGlo500','3','5.5');
INSERT INTO `en_p1t_preventa_det` (`PreVenCabCod`,`PreVenDetCod`,`ClaProCod`,`SubClaProCod`,`ProCod`,`PreVenDetCan`,`PreVenDetValUni`) VALUES ('001-000009',81,'04','01','SazonadorA43gr','4','6'),('001-000009',82,'05','03','MiCereKellogs','4','6'),('001-000009',83,'01','01','Cerdo1kg','6','15.5'),('001-000009',84,'12','01','ChiclMenta','3','0.2'),('001-000009',85,'04','01','AMorado1kg','4','6'),('001-000009',86,'03','02','ManzaRo290gr','4','6'),('001-000009',87,'03','01','NaraZumoMalla','4','5'),('001-000009',88,'02','03','TrucAhuma200Gr','4','10'),('001-000009',89,'04','02','BrocoPieza500gr','4','6'),('001-000009',90,'04','03','EnsaTomaMal1kg','4','6');
INSERT INTO `en_p1t_preventa_det` (`PreVenCabCod`,`PreVenDetCod`,`ClaProCod`,`SubClaProCod`,`ProCod`,`PreVenDetCan`,`PreVenDetValUni`) VALUES ('001-000009',91,'08','02','MermeFan500','3','6'),('001-000009',92,'04','03','EnsaTomaMal1kg','4','6'),('001-000009',93,'04','02','BrocoPieza500gr','4','6'),('001-000009',94,'03','01','Mandarinas1kg','4','5'),('001-000009',95,'09','02','SFernan100','3','1.5'),('001-000009',96,'04','02','ColiflBolsa1kg','4','6'),('001-000009',97,'02','03','SalmAhuma200Gr','4','10'),('001-000009',98,'08','02','MermeFan500','3','6'),('001-000009',99,'02','03','TrucAhuma200Gr','4','10'),('001-000009',100,'09','02','LaCale100','3','1.5');

INSERT INTO `en_p1t_preventa_det` (`PreVenCabCod`,`PreVenDetCod`,`ClaProCod`,`SubClaProCod`,`ProCod`,`PreVenDetCan`,`PreVenDetValUni`) VALUES ('001-000010',1,'08','03','AconcDura250','3','5.5'),('001-000010',2,'12','01','ChiclMenta','3','0.2'),('001-000010',3,'02','01','Corvina','6','8'),('001-000010',4,'05','03','MiCereKellogs','4','6'),('001-000010',5,'03','01','Mandarinas1kg','4','5'),('001-000010',6,'02','03','PimeAhuma100Gr','4','8'),('001-000010',7,'04','03','EnsaTomaMal1kg','4','6'),('001-000010',8,'04','03','EnsaTomaMal1kg','4','6'),('001-000010',9,'05','02','CerealKellog','4','6'),('001-000010',10,'01','03','PechugaPollo','6','7.5');
INSERT INTO `en_p1t_preventa_det` (`PreVenCabCod`,`PreVenDetCod`,`ClaProCod`,`SubClaProCod`,`ProCod`,`PreVenDetCan`,`PreVenDetValUni`) VALUES ('001-000010',11,'03','01','NaraZumoMalla','4','5'),('001-000010',12,'02','02','PaliSuri300Gr','4','10'),('001-000010',13,'05','03','MiCereNestLio','4','6'),('001-000010',14,'08','02','MermeGlo500','3','5.5'),('001-000010',15,'12','04','Nikolo','3','0.7'),('001-000010',16,'05','03','MiCereKellogs','4','6'),('001-000010',17,'05','02','CerealCoFlake','4','6'),('001-000010',18,'01','02','CarnePavo1/2kg','6','7.5'),('001-000010',19,'04','01','SazonadorA43gr','4','6'),('001-000010',20,'12','04','Mecano','3','1');
INSERT INTO `en_p1t_preventa_det` (`PreVenCabCod`,`PreVenDetCod`,`ClaProCod`,`SubClaProCod`,`ProCod`,`PreVenDetCan`,`PreVenDetValUni`) VALUES ('001-000010',21,'02','03','PimeAhuma100Gr','4','8'),('001-000010',22,'01','02','PaPaCeNavid','6','15.5'),('001-000010',23,'12','01','TrideMenta','3','0.2'),('001-000010',24,'02','03','PimeAhuma100Gr','4','8'),('001-000010',25,'02','02','PaliSuri300Gr','4','10'),('001-000010',26,'03','02','PeBlanca1kg','4','6'),('001-000010',27,'03','01','Mandarinas1kg','4','5'),('001-000010',28,'05','02','CerealCoFlake','4','6'),('001-000010',29,'02','03','TrucAhuma200Gr','4','10'),('001-000010',30,'05','03','MiCereNestLio','4','6');
INSERT INTO `en_p1t_preventa_det` (`PreVenCabCod`,`PreVenDetCod`,`ClaProCod`,`SubClaProCod`,`ProCod`,`PreVenDetCan`,`PreVenDetValUni`) VALUES ('001-000010',31,'02','01','Furel','6','10'),('001-000010',32,'02','03','SalmAhuma200Gr','4','10'),('001-000010',33,'01','03','PiernasPollo','6','7.5'),('001-000010',34,'04','01','SazonadorA43gr','4','6'),('001-000010',35,'01','03','PechugaPollo','6','7.5'),('001-000010',36,'08','02','MermeFan500','3','6'),('001-000010',37,'05','01','BarrCereNesqu','4','6'),('001-000010',38,'03','02','ManzaRo290gr','4','6'),('001-000010',39,'04','01','AMorado1kg','4','6'),('001-000010',40,'03','02','ManzaGold240gr','4','6');
INSERT INTO `en_p1t_preventa_det` (`PreVenCabCod`,`PreVenDetCod`,`ClaProCod`,`SubClaProCod`,`ProCod`,`PreVenDetCan`,`PreVenDetValUni`) VALUES ('001-000010',41,'03','01','NaraZumoMalla','4','5'),('001-000010',42,'05','02','CerealKellog','4','6'),('001-000010',43,'04','01','SazonadorA43gr','4','6'),('001-000010',44,'01','03','AlasPollo','6','6.5'),('001-000010',45,'05','01','BarrCereChoco','4','6'),('001-000010',46,'12','01','ChiclMenta','3','0.2'),('001-000010',47,'05','01','BarrCereChoco','4','6'),('001-000010',48,'03','02','ManzaGold240gr','4','6'),('001-000010',49,'05','02','CerealKellog','4','6'),('001-000010',50,'03','01','NaraZumoMalla','4','5');
INSERT INTO `en_p1t_preventa_det` (`PreVenCabCod`,`PreVenDetCod`,`ClaProCod`,`SubClaProCod`,`ProCod`,`PreVenDetCan`,`PreVenDetValUni`) VALUES ('001-000010',51,'03','01','Mandarinas1kg','4','5'),('001-000010',52,'04','03','TomFriCase500gr','4','6'),('001-000010',53,'05','01','BarrCereNesqu','4','6'),('001-000010',54,'05','01','BarrCereInteg','4','6'),('001-000010',55,'02','03','SalmAhuma200Gr','4','10'),('001-000010',56,'03','01','Limones1kg','4','5'),('001-000010',57,'12','04','Mecano','3','1'),('001-000010',58,'01','02','CarnePavo1kg','6','15.5'),('001-000010',59,'05','02','CerealNestle','4','6'),('001-000010',60,'08','03','AconcDura250','3','5.5');
INSERT INTO `en_p1t_preventa_det` (`PreVenCabCod`,`PreVenDetCod`,`ClaProCod`,`SubClaProCod`,`ProCod`,`PreVenDetCan`,`PreVenDetValUni`) VALUES ('001-000010',61,'05','03','MiCereKellogs','4','6'),('001-000010',62,'04','03','EnsaTomaMal1kg','4','6'),('001-000010',63,'01','02','PaPaCeNavid','6','15.5'),('001-000010',64,'02','03','SalmAhuma200Gr','4','10'),('001-000010',65,'02','02','KrisSuriFreRaya','4','10'),('001-000010',66,'03','01','NaraZumoMalla','4','5'),('001-000010',67,'02','01','Corvina','6','8'),('001-000010',68,'02','03','PimeAhuma100Gr','4','8'),('001-000010',69,'12','04','Mecano','3','1'),('001-000010',70,'08','03','AconcPiña250','3','5.5');
INSERT INTO `en_p1t_preventa_det` (`PreVenCabCod`,`PreVenDetCod`,`ClaProCod`,`SubClaProCod`,`ProCod`,`PreVenDetCan`,`PreVenDetValUni`) VALUES ('001-000010',71,'01','02','CarnePavo1/2kg','6','7.5'),('001-000010',72,'01','03','PechugaPollo','6','7.5'),('001-000010',73,'04','01','SazonadorA43gr','4','6'),('001-000010',74,'05','01','BarrCereInteg','4','6'),('001-000010',75,'04','02','BrocoPieza500gr','4','6'),('001-000010',76,'04','01','AMoliFras55gr','4','6'),('001-000010',77,'05','03','MiCereCoFlake','4','6'),('001-000010',78,'04','01','AMoliFras55gr','4','6'),('001-000010',79,'01','01','Cerdo1kg','6','15.5'),('001-000010',80,'04','02','Repollo1kg','4','6');
INSERT INTO `en_p1t_preventa_det` (`PreVenCabCod`,`PreVenDetCod`,`ClaProCod`,`SubClaProCod`,`ProCod`,`PreVenDetCan`,`PreVenDetValUni`) VALUES ('001-000010',81,'12','04','Nikolo','3','0.7'),('001-000010',82,'03','01','Mandarinas1kg','4','5'),('001-000010',83,'04','02','BrocoPieza500gr','4','6'),('001-000010',84,'02','01','Corvina','6','8'),('001-000010',85,'04','02','ColiflBolsa1kg','4','6'),('001-000010',86,'05','01','BarrCereInteg','4','6'),('001-000010',87,'09','02','SFernan100','3','1.5'),('001-000010',88,'05','03','MiCereKellogs','4','6'),('001-000010',89,'03','01','Mandarinas1kg','4','5'),('001-000010',90,'03','02','ManzaRo290gr','4','6');
INSERT INTO `en_p1t_preventa_det` (`PreVenCabCod`,`PreVenDetCod`,`ClaProCod`,`SubClaProCod`,`ProCod`,`PreVenDetCan`,`PreVenDetValUni`) VALUES ('001-000010',91,'01','03','PechugaPollo','6','7.5'),('001-000010',92,'12','01','TrideMenta','3','0.2'),('001-000010',93,'04','02','ColiflBolsa1kg','4','6'),('001-000010',94,'12','04','Nikolo','3','0.7'),('001-000010',95,'04','02','Repollo1kg','4','6'),('001-000010',96,'02','01','Bonito','6','10'),('001-000010',97,'03','02','PeBlanca1kg','4','6'),('001-000010',98,'01','02','CarnePavo1kg','6','15.5'),('001-000010',99,'04','01','AMorado1kg','4','6'),('001-000010',100,'04','01','SazonadorA43gr','4','6');


COMMIT;


-- -----------------------------------------------------
-- Data for table `episerp`.`en_p1c_preventa_realizadas`
-- -----------------------------------------------------
START TRANSACTION;
USE `episerp`;
INSERT INTO `en_p1c_preventa_realizadas` (`PreVenCabCod`, `FacVenCabCod`, `PreVenReaFec`) VALUES ('001-000001', '001-000001', '2016-10-09');
INSERT INTO `en_p1c_preventa_realizadas` (`PreVenCabCod`, `FacVenCabCod`, `PreVenReaFec`) VALUES ('001-000002', '001-000002', '2016-10-09');
INSERT INTO `en_p1c_preventa_realizadas` (`PreVenCabCod`, `FacVenCabCod`, `PreVenReaFec`) VALUES ('001-000003', '001-000003', '2016-10-09');

COMMIT;

-- -----------------------------------------------------
-- Data for table `episerp`.`en_p3m_cuenta`
-- -----------------------------------------------------
/*
START TRANSACTION;
USE `episerp`;
INSERT INTO `episerp`.`en_p3m_cuenta` (`CueCod`, `CuePad`, `CueNiv`, `CueNum`, `CueDes`, `EstRegCod`) VALUES (541, 434, 5, '10410', 'CENTRAL DE RESERVA DEL PERU', 'A');
INSERT INTO `episerp`.`en_p3m_cuenta` (`CueCod`, `CuePad`, `CueNiv`, `CueNum`, `CueDes`, `EstRegCod`) VALUES (542, 434, 5, '10411', 'NACION', 'A');
INSERT INTO `episerp`.`en_p3m_cuenta` (`CueCod`, `CuePad`, `CueNiv`, `CueNum`, `CueDes`, `EstRegCod`) VALUES (543, 434, 5, '10412', 'SCOTIABANK PERU', 'A');

COMMIT;
*/

-- -----------------------------------------------------
-- Data for table `episerp`.`en_p3m_cuenta_banco`
-- -----------------------------------------------------
START TRANSACTION;
USE `episerp`;
INSERT INTO `en_p3m_cuenta_banco` VALUES (1, 01, '3001033189', 541, 'A');
INSERT INTO `en_p3m_cuenta_banco` VALUES (2, 18, '4120239490', 542, 'A');
INSERT INTO `en_p3m_cuenta_banco` VALUES (3, 09, '2003993301', 543, 'A');

COMMIT;


-- -----------------------------------------------------
-- Data for table `episerp`.`en_p3m_libro_diario`
-- -----------------------------------------------------
START TRANSACTION;
USE `episerp`;
INSERT INTO `en_p3m_libro_diario` (`LibDiaCod`,`LibDiaPer`,`EstRegCod`) VALUES (000001,'2016-Oct','A');

COMMIT;

-- -----------------------------------------------------
-- Data for table `episerp`.`en_p3m_asiento_cab`
-- -----------------------------------------------------
START TRANSACTION;
USE `episerp`;
INSERT INTO `en_p3m_asiento_cab` (`LibDiaCod`,`AsiCabCod`,`AsiCabTip`,`AsiCabGlo`,`AsiCabFec`,`TipComCod`,`AsiCabNumCom`,`MonCod`,`EstRegCod`) VALUES (000001,0000000001,'M','factura 001-4678','2016-08-26',01,'001-4678',01,'A');
INSERT INTO `en_p3m_asiento_cab` (`LibDiaCod`,`AsiCabCod`,`AsiCabTip`,`AsiCabGlo`,`AsiCabFec`,`TipComCod`,`AsiCabNumCom`,`MonCod`,`EstRegCod`) VALUES (000001,0000000002,'M','ón en la factura 001-4678','2016-08-26',01,'001-4678',01,'A');
INSERT INTO `en_p3m_asiento_cab` (`LibDiaCod`,`AsiCabCod`,`AsiCabTip`,`AsiCabGlo`,`AsiCabFec`,`TipComCod`,`AsiCabNumCom`,`MonCod`,`EstRegCod`) VALUES (000001,0000000003,'M','la adquirida con factura 001-4678','2016-08-26',01,'001-4678',01,'A');
INSERT INTO `en_p3m_asiento_cab` (`LibDiaCod`,`AsiCabCod`,`AsiCabTip`,`AsiCabGlo`,`AsiCabFec`,`TipComCod`,`AsiCabNumCom`,`MonCod`,`EstRegCod`) VALUES (000001,0000000004,'M','la factura 002-3675','2016-08-29',01,'002-3675',01,'A');
INSERT INTO `en_p3m_asiento_cab` (`LibDiaCod`,`AsiCabCod`,`AsiCabTip`,`AsiCabGlo`,`AsiCabFec`,`TipComCod`,`AsiCabNumCom`,`MonCod`,`EstRegCod`) VALUES (000001,0000000005,'M','la factura 002-3675','2016-08-29',01,'002-3675',01,'A');
INSERT INTO `en_p3m_asiento_cab` (`LibDiaCod`,`AsiCabCod`,`AsiCabTip`,`AsiCabGlo`,`AsiCabFec`,`TipComCod`,`AsiCabNumCom`,`MonCod`,`EstRegCod`) VALUES (000001,0000000006,'M','001-3454','2016-08-30',03,'001-3454',01,'A');
INSERT INTO `en_p3m_asiento_cab` (`LibDiaCod`,`AsiCabCod`,`AsiCabTip`,`AsiCabGlo`,`AsiCabFec`,`TipComCod`,`AsiCabNumCom`,`MonCod`,`EstRegCod`) VALUES (000001,0000000007,'M','ón en la 001-3454','2016-08-30',03,'001-3454',01,'A');
INSERT INTO `en_p3m_asiento_cab` (`LibDiaCod`,`AsiCabCod`,`AsiCabTip`,`AsiCabGlo`,`AsiCabFec`,`TipComCod`,`AsiCabNumCom`,`MonCod`,`EstRegCod`) VALUES (000001,0000000008,'M','la adquirida mediante 001-3454','2016-08-30',03,'001-3454',01,'A');
INSERT INTO `en_p3m_asiento_cab` (`LibDiaCod`,`AsiCabCod`,`AsiCabTip`,`AsiCabGlo`,`AsiCabFec`,`TipComCod`,`AsiCabNumCom`,`MonCod`,`EstRegCod`) VALUES (000001,0000000009,'M','la segun 002-3326','2016-09-02',03,'002-3326',01,'A');
INSERT INTO `en_p3m_asiento_cab` (`LibDiaCod`,`AsiCabCod`,`AsiCabTip`,`AsiCabGlo`,`AsiCabFec`,`TipComCod`,`AsiCabNumCom`,`MonCod`,`EstRegCod`) VALUES (000001,0000000010,'M','la 002-3326','2016-09-02',03,'002-3326',01,'A');
INSERT INTO `en_p3m_asiento_cab` (`LibDiaCod`,`AsiCabCod`,`AsiCabTip`,`AsiCabGlo`,`AsiCabFec`,`TipComCod`,`AsiCabNumCom`,`MonCod`,`EstRegCod`) VALUES (000001,0000000011,'M','factura 003-3498','2016-09-05',01,'003-3498',01,'A');
INSERT INTO `en_p3m_asiento_cab` (`LibDiaCod`,`AsiCabCod`,`AsiCabTip`,`AsiCabGlo`,`AsiCabFec`,`TipComCod`,`AsiCabNumCom`,`MonCod`,`EstRegCod`) VALUES (000001,0000000012,'M','ón en la factura 003-3498','2016-09-05',01,'003-3498',01,'A');
INSERT INTO `en_p3m_asiento_cab` (`LibDiaCod`,`AsiCabCod`,`AsiCabTip`,`AsiCabGlo`,`AsiCabFec`,`TipComCod`,`AsiCabNumCom`,`MonCod`,`EstRegCod`) VALUES (000001,0000000013,'M','la adquirida con factura 003-3498','2016-09-05',01,'003-3498',01,'A');
INSERT INTO `en_p3m_asiento_cab` (`LibDiaCod`,`AsiCabCod`,`AsiCabTip`,`AsiCabGlo`,`AsiCabFec`,`TipComCod`,`AsiCabNumCom`,`MonCod`,`EstRegCod`) VALUES (000001,0000000014,'M','la factura 004-7437','2016-09-06',01,'004-7437',01,'A');
INSERT INTO `en_p3m_asiento_cab` (`LibDiaCod`,`AsiCabCod`,`AsiCabTip`,`AsiCabGlo`,`AsiCabFec`,`TipComCod`,`AsiCabNumCom`,`MonCod`,`EstRegCod`) VALUES (000001,0000000015,'M','la factura 004-7437','2016-09-06',01,'004-7437',01,'A');
INSERT INTO `en_p3m_asiento_cab` (`LibDiaCod`,`AsiCabCod`,`AsiCabTip`,`AsiCabGlo`,`AsiCabFec`,`TipComCod`,`AsiCabNumCom`,`MonCod`,`EstRegCod`) VALUES (000001,0000000016,'M','003-7588','2016-09-07',03,'003-7588',01,'A');
INSERT INTO `en_p3m_asiento_cab` (`LibDiaCod`,`AsiCabCod`,`AsiCabTip`,`AsiCabGlo`,`AsiCabFec`,`TipComCod`,`AsiCabNumCom`,`MonCod`,`EstRegCod`) VALUES (000001,0000000017,'M','ón en la 003-7588','2016-09-07',03,'003-7588',01,'A');
INSERT INTO `en_p3m_asiento_cab` (`LibDiaCod`,`AsiCabCod`,`AsiCabTip`,`AsiCabGlo`,`AsiCabFec`,`TipComCod`,`AsiCabNumCom`,`MonCod`,`EstRegCod`) VALUES (000001,0000000018,'M','la adquirida mediante 003-7588','2016-09-07',03,'003-7588',01,'A');
INSERT INTO `en_p3m_asiento_cab` (`LibDiaCod`,`AsiCabCod`,`AsiCabTip`,`AsiCabGlo`,`AsiCabFec`,`TipComCod`,`AsiCabNumCom`,`MonCod`,`EstRegCod`) VALUES (000001,0000000019,'M','la segun 004-4361','2016-09-08',03,'004-4361',01,'A');
INSERT INTO `en_p3m_asiento_cab` (`LibDiaCod`,`AsiCabCod`,`AsiCabTip`,`AsiCabGlo`,`AsiCabFec`,`TipComCod`,`AsiCabNumCom`,`MonCod`,`EstRegCod`) VALUES (000001,0000000020,'M','la 004-4361','2016-09-08',03,'004-4361',01,'A');
INSERT INTO `en_p3m_asiento_cab` (`LibDiaCod`,`AsiCabCod`,`AsiCabTip`,`AsiCabGlo`,`AsiCabFec`,`TipComCod`,`AsiCabNumCom`,`MonCod`,`EstRegCod`) VALUES (000001,0000000021,'A','uscripción la  a 100 acción Escritura Pública','2016-09-12',03,'004-4362',01,'A');
INSERT INTO `en_p3m_asiento_cab` (`LibDiaCod`,`AsiCabCod`,`AsiCabTip`,`AsiCabGlo`,`AsiCabFec`,`TipComCod`,`AsiCabNumCom`,`MonCod`,`EstRegCod`) VALUES (000001,0000000022,'A','aportes los socios informe los','2016-09-12',03,'004-4363',01,'A');
INSERT INTO `en_p3m_asiento_cab` (`LibDiaCod`,`AsiCabCod`,`AsiCabTip`,`AsiCabGlo`,`AsiCabFec`,`TipComCod`,`AsiCabNumCom`,`MonCod`,`EstRegCod`) VALUES (000001,0000000023,'M','provisión mes','2016-09-14',03,'004-4364',01,'A');
INSERT INTO `en_p3m_asiento_cab` (`LibDiaCod`,`AsiCabCod`,`AsiCabTip`,`AsiCabGlo`,`AsiCabFec`,`TipComCod`,`AsiCabNumCom`,`MonCod`,`EstRegCod`) VALUES (000001,0000000024,'M','destino','2016-09-14',03,'004-4365',01,'A');
INSERT INTO `en_p3m_asiento_cab` (`LibDiaCod`,`AsiCabCod`,`AsiCabTip`,`AsiCabGlo`,`AsiCabFec`,`TipComCod`,`AsiCabNumCom`,`MonCod`,`EstRegCod`) VALUES (000001,0000000025,'M','  001-503','2016-09-14',03,'001-503',01,'A');
INSERT INTO `en_p3m_asiento_cab` (`LibDiaCod`,`AsiCabCod`,`AsiCabTip`,`AsiCabGlo`,`AsiCabFec`,`TipComCod`,`AsiCabNumCom`,`MonCod`,`EstRegCod`) VALUES (000001,0000000026,'M','depósitos en corrientesrias: y/o recaudados las','2016-09-15',03,'004-4366',01,'A');
INSERT INTO `en_p3m_asiento_cab` (`LibDiaCod`,`AsiCabCod`,`AsiCabTip`,`AsiCabGlo`,`AsiCabFec`,`TipComCod`,`AsiCabNumCom`,`MonCod`,`EstRegCod`) VALUES (000001,0000000027,'M','vehiculo factura 054-012569','2016-09-22',01,'054-012569',01,'A');
INSERT INTO `en_p3m_asiento_cab` (`LibDiaCod`,`AsiCabCod`,`AsiCabTip`,`AsiCabGlo`,`AsiCabFec`,`TipComCod`,`AsiCabNumCom`,`MonCod`,`EstRegCod`) VALUES (000001,0000000028,'M','ón factura 054-012569','2016-09-22',01,'054-012569',01,'A');

COMMIT;

-- -----------------------------------------------------
-- Data for table `episerp`.`en_p3t_asiento_det`
-- -----------------------------------------------------
START TRANSACTION;
USE `episerp`;
INSERT INTO `en_p3t_asiento_det` (`LibDiaCod`,`AsiCabCod`,`AsiDetCod`,`CueCod`,`AsiDetDebHab`,`AsiDetMon`) VALUES (000001,0000000001,0000000001,0000000306,1,500.00);
INSERT INTO `en_p3t_asiento_det` (`LibDiaCod`,`AsiCabCod`,`AsiDetCod`,`CueCod`,`AsiDetDebHab`,`AsiDetMon`) VALUES (000001,0000000001,0000000002,0000000229,1,90.00);
INSERT INTO `en_p3t_asiento_det` (`LibDiaCod`,`AsiCabCod`,`AsiDetCod`,`CueCod`,`AsiDetDebHab`,`AsiDetMon`) VALUES (000001,0000000001,0000000003,0000000241,0,590.00);
INSERT INTO `en_p3t_asiento_det` (`LibDiaCod`,`AsiCabCod`,`AsiDetCod`,`CueCod`,`AsiDetDebHab`,`AsiDetMon`) VALUES (000001,0000000002,0000000004,0000000241,1,590.00);
INSERT INTO `en_p3t_asiento_det` (`LibDiaCod`,`AsiCabCod`,`AsiDetCod`,`CueCod`,`AsiDetDebHab`,`AsiDetMon`) VALUES (000001,0000000002,0000000005,0000000094,0,590.00);
INSERT INTO `en_p3t_asiento_det` (`LibDiaCod`,`AsiCabCod`,`AsiDetCod`,`CueCod`,`AsiDetDebHab`,`AsiDetMon`) VALUES (000001,0000000003,0000000006,0000000020,1,500.00);
INSERT INTO `en_p3t_asiento_det` (`LibDiaCod`,`AsiCabCod`,`AsiDetCod`,`CueCod`,`AsiDetDebHab`,`AsiDetMon`) VALUES (000001,0000000003,0000000007,0000000311,0,500.00);
INSERT INTO `en_p3t_asiento_det` (`LibDiaCod`,`AsiCabCod`,`AsiDetCod`,`CueCod`,`AsiDetDebHab`,`AsiDetMon`) VALUES (000001,0000000004,0000000008,0000000453,1,1180.00);
INSERT INTO `en_p3t_asiento_det` (`LibDiaCod`,`AsiCabCod`,`AsiDetCod`,`CueCod`,`AsiDetDebHab`,`AsiDetMon`) VALUES (000001,0000000004,0000000009,0000000533,0,180.00);
INSERT INTO `en_p3t_asiento_det` (`LibDiaCod`,`AsiCabCod`,`AsiDetCod`,`CueCod`,`AsiDetDebHab`,`AsiDetMon`) VALUES (000001,0000000004,0000000010,0000000535,0,1000.00);
INSERT INTO `en_p3t_asiento_det` (`LibDiaCod`,`AsiCabCod`,`AsiDetCod`,`CueCod`,`AsiDetDebHab`,`AsiDetMon`) VALUES (000001,0000000005,0000000011,0000000094,0,1180.00);
INSERT INTO `en_p3t_asiento_det` (`LibDiaCod`,`AsiCabCod`,`AsiDetCod`,`CueCod`,`AsiDetDebHab`,`AsiDetMon`) VALUES (000001,0000000005,0000000012,0000000453,1,1180.00);
INSERT INTO `en_p3t_asiento_det` (`LibDiaCod`,`AsiCabCod`,`AsiDetCod`,`CueCod`,`AsiDetDebHab`,`AsiDetMon`) VALUES (000001,0000000006,0000000013,0000000307,1,400.00);
INSERT INTO `en_p3t_asiento_det` (`LibDiaCod`,`AsiCabCod`,`AsiDetCod`,`CueCod`,`AsiDetDebHab`,`AsiDetMon`) VALUES (000001,0000000006,0000000014,0000000229,1,72.00);
INSERT INTO `en_p3t_asiento_det` (`LibDiaCod`,`AsiCabCod`,`AsiDetCod`,`CueCod`,`AsiDetDebHab`,`AsiDetMon`) VALUES (000001,0000000006,0000000015,0000000241,0,472.00);
INSERT INTO `en_p3t_asiento_det` (`LibDiaCod`,`AsiCabCod`,`AsiDetCod`,`CueCod`,`AsiDetDebHab`,`AsiDetMon`) VALUES (000001,0000000007,0000000016,0000000241,1,472.00);
INSERT INTO `en_p3t_asiento_det` (`LibDiaCod`,`AsiCabCod`,`AsiDetCod`,`CueCod`,`AsiDetDebHab`,`AsiDetMon`) VALUES (000001,0000000007,0000000017,0000000094,0,472.00);
INSERT INTO `en_p3t_asiento_det` (`LibDiaCod`,`AsiCabCod`,`AsiDetCod`,`CueCod`,`AsiDetDebHab`,`AsiDetMon`) VALUES (000001,0000000008,0000000018,0000000024,1,400.00);
INSERT INTO `en_p3t_asiento_det` (`LibDiaCod`,`AsiCabCod`,`AsiDetCod`,`CueCod`,`AsiDetDebHab`,`AsiDetMon`) VALUES (000001,0000000008,0000000019,0000000312,0,400.00);
INSERT INTO `en_p3t_asiento_det` (`LibDiaCod`,`AsiCabCod`,`AsiDetCod`,`CueCod`,`AsiDetDebHab`,`AsiDetMon`) VALUES (000001,0000000009,0000000020,0000000453,1,1416.00);
INSERT INTO `en_p3t_asiento_det` (`LibDiaCod`,`AsiCabCod`,`AsiDetCod`,`CueCod`,`AsiDetDebHab`,`AsiDetMon`) VALUES (000001,0000000009,0000000021,0000000533,0,216.00);
INSERT INTO `en_p3t_asiento_det` (`LibDiaCod`,`AsiCabCod`,`AsiDetCod`,`CueCod`,`AsiDetDebHab`,`AsiDetMon`) VALUES (000001,0000000009,0000000022,0000000368,0,1200.00);
INSERT INTO `en_p3t_asiento_det` (`LibDiaCod`,`AsiCabCod`,`AsiDetCod`,`CueCod`,`AsiDetDebHab`,`AsiDetMon`) VALUES (000001,0000000010,0000000023,0000000094,0,1416.00);
INSERT INTO `en_p3t_asiento_det` (`LibDiaCod`,`AsiCabCod`,`AsiDetCod`,`CueCod`,`AsiDetDebHab`,`AsiDetMon`) VALUES (000001,0000000010,0000000024,0000000453,1,1416.00);
INSERT INTO `en_p3t_asiento_det` (`LibDiaCod`,`AsiCabCod`,`AsiDetCod`,`CueCod`,`AsiDetDebHab`,`AsiDetMon`) VALUES (000001,0000000011,0000000025,0000000306,1,350.00);
INSERT INTO `en_p3t_asiento_det` (`LibDiaCod`,`AsiCabCod`,`AsiDetCod`,`CueCod`,`AsiDetDebHab`,`AsiDetMon`) VALUES (000001,0000000011,0000000026,0000000229,1,63.00);
INSERT INTO `en_p3t_asiento_det` (`LibDiaCod`,`AsiCabCod`,`AsiDetCod`,`CueCod`,`AsiDetDebHab`,`AsiDetMon`) VALUES (000001,0000000011,0000000027,0000000241,0,413.00);
INSERT INTO `en_p3t_asiento_det` (`LibDiaCod`,`AsiCabCod`,`AsiDetCod`,`CueCod`,`AsiDetDebHab`,`AsiDetMon`) VALUES (000001,0000000012,0000000028,0000000241,1,413.00);
INSERT INTO `en_p3t_asiento_det` (`LibDiaCod`,`AsiCabCod`,`AsiDetCod`,`CueCod`,`AsiDetDebHab`,`AsiDetMon`) VALUES (000001,0000000012,0000000029,0000000094,0,413.00);
INSERT INTO `en_p3t_asiento_det` (`LibDiaCod`,`AsiCabCod`,`AsiDetCod`,`CueCod`,`AsiDetDebHab`,`AsiDetMon`) VALUES (000001,0000000013,0000000030,0000000020,1,350.00);
INSERT INTO `en_p3t_asiento_det` (`LibDiaCod`,`AsiCabCod`,`AsiDetCod`,`CueCod`,`AsiDetDebHab`,`AsiDetMon`) VALUES (000001,0000000013,0000000031,0000000311,0,350.00);
INSERT INTO `en_p3t_asiento_det` (`LibDiaCod`,`AsiCabCod`,`AsiDetCod`,`CueCod`,`AsiDetDebHab`,`AsiDetMon`) VALUES (000001,0000000014,0000000032,0000000453,1,1534.00);
INSERT INTO `en_p3t_asiento_det` (`LibDiaCod`,`AsiCabCod`,`AsiDetCod`,`CueCod`,`AsiDetDebHab`,`AsiDetMon`) VALUES (000001,0000000014,0000000033,0000000533,0,234.00);
INSERT INTO `en_p3t_asiento_det` (`LibDiaCod`,`AsiCabCod`,`AsiDetCod`,`CueCod`,`AsiDetDebHab`,`AsiDetMon`) VALUES (000001,0000000014,0000000034,0000000535,0,1300.00);
INSERT INTO `en_p3t_asiento_det` (`LibDiaCod`,`AsiCabCod`,`AsiDetCod`,`CueCod`,`AsiDetDebHab`,`AsiDetMon`) VALUES (000001,0000000015,0000000035,0000000094,0,1534.00);
INSERT INTO `en_p3t_asiento_det` (`LibDiaCod`,`AsiCabCod`,`AsiDetCod`,`CueCod`,`AsiDetDebHab`,`AsiDetMon`) VALUES (000001,0000000015,0000000036,0000000453,1,1534.00);
INSERT INTO `en_p3t_asiento_det` (`LibDiaCod`,`AsiCabCod`,`AsiDetCod`,`CueCod`,`AsiDetDebHab`,`AsiDetMon`) VALUES (000001,0000000016,0000000037,0000000307,1,450.00);
INSERT INTO `en_p3t_asiento_det` (`LibDiaCod`,`AsiCabCod`,`AsiDetCod`,`CueCod`,`AsiDetDebHab`,`AsiDetMon`) VALUES (000001,0000000016,0000000038,0000000229,1,81.00);
INSERT INTO `en_p3t_asiento_det` (`LibDiaCod`,`AsiCabCod`,`AsiDetCod`,`CueCod`,`AsiDetDebHab`,`AsiDetMon`) VALUES (000001,0000000016,0000000039,0000000241,0,531.00);
INSERT INTO `en_p3t_asiento_det` (`LibDiaCod`,`AsiCabCod`,`AsiDetCod`,`CueCod`,`AsiDetDebHab`,`AsiDetMon`) VALUES (000001,0000000017,0000000040,0000000241,1,531.00);
INSERT INTO `en_p3t_asiento_det` (`LibDiaCod`,`AsiCabCod`,`AsiDetCod`,`CueCod`,`AsiDetDebHab`,`AsiDetMon`) VALUES (000001,0000000017,0000000041,0000000094,0,531.00);
INSERT INTO `en_p3t_asiento_det` (`LibDiaCod`,`AsiCabCod`,`AsiDetCod`,`CueCod`,`AsiDetDebHab`,`AsiDetMon`) VALUES (000001,0000000018,0000000042,0000000024,1,450.00);
INSERT INTO `en_p3t_asiento_det` (`LibDiaCod`,`AsiCabCod`,`AsiDetCod`,`CueCod`,`AsiDetDebHab`,`AsiDetMon`) VALUES (000001,0000000018,0000000043,0000000312,0,450.00);
INSERT INTO `en_p3t_asiento_det` (`LibDiaCod`,`AsiCabCod`,`AsiDetCod`,`CueCod`,`AsiDetDebHab`,`AsiDetMon`) VALUES (000001,0000000019,0000000044,0000000453,1,1652.00);
INSERT INTO `en_p3t_asiento_det` (`LibDiaCod`,`AsiCabCod`,`AsiDetCod`,`CueCod`,`AsiDetDebHab`,`AsiDetMon`) VALUES (000001,0000000019,0000000045,0000000533,0,252.00);
INSERT INTO `en_p3t_asiento_det` (`LibDiaCod`,`AsiCabCod`,`AsiDetCod`,`CueCod`,`AsiDetDebHab`,`AsiDetMon`) VALUES (000001,0000000019,0000000046,0000000368,0,1400.00);
INSERT INTO `en_p3t_asiento_det` (`LibDiaCod`,`AsiCabCod`,`AsiDetCod`,`CueCod`,`AsiDetDebHab`,`AsiDetMon`) VALUES (000001,0000000020,0000000047,0000000094,0,1652.00);
INSERT INTO `en_p3t_asiento_det` (`LibDiaCod`,`AsiCabCod`,`AsiDetCod`,`CueCod`,`AsiDetDebHab`,`AsiDetMon`) VALUES (000001,0000000020,0000000048,0000000453,1,1652.00);
INSERT INTO `en_p3t_asiento_det` (`LibDiaCod`,`AsiCabCod`,`AsiDetCod`,`CueCod`,`AsiDetDebHab`,`AsiDetMon`) VALUES (000001,0000000021,0000000049,0000000470,1,25000.00);
INSERT INTO `en_p3t_asiento_det` (`LibDiaCod`,`AsiCabCod`,`AsiDetCod`,`CueCod`,`AsiDetDebHab`,`AsiDetMon`) VALUES (000001,0000000021,0000000050,0000000284,0,25000.00);
INSERT INTO `en_p3t_asiento_det` (`LibDiaCod`,`AsiCabCod`,`AsiDetCod`,`CueCod`,`AsiDetDebHab`,`AsiDetMon`) VALUES (000001,0000000022,0000000051,0000000540,1,10000.00);
INSERT INTO `en_p3t_asiento_det` (`LibDiaCod`,`AsiCabCod`,`AsiDetCod`,`CueCod`,`AsiDetDebHab`,`AsiDetMon`) VALUES (000001,0000000022,0000000052,0000000139,1,5000.00);
INSERT INTO `en_p3t_asiento_det` (`LibDiaCod`,`AsiCabCod`,`AsiDetCod`,`CueCod`,`AsiDetDebHab`,`AsiDetMon`) VALUES (000001,0000000022,0000000053,0000000199,1,10000.00);
INSERT INTO `en_p3t_asiento_det` (`LibDiaCod`,`AsiCabCod`,`AsiDetCod`,`CueCod`,`AsiDetDebHab`,`AsiDetMon`) VALUES (000001,0000000022,0000000054,0000000470,0,25000.00);
INSERT INTO `en_p3t_asiento_det` (`LibDiaCod`,`AsiCabCod`,`AsiDetCod`,`CueCod`,`AsiDetDebHab`,`AsiDetMon`) VALUES (000001,0000000023,0000000055,0000000327,1,5000.00);
INSERT INTO `en_p3t_asiento_det` (`LibDiaCod`,`AsiCabCod`,`AsiDetCod`,`CueCod`,`AsiDetDebHab`,`AsiDetMon`) VALUES (000001,0000000023,0000000056,0000000229,0,500.00);
INSERT INTO `en_p3t_asiento_det` (`LibDiaCod`,`AsiCabCod`,`AsiDetCod`,`CueCod`,`AsiDetDebHab`,`AsiDetMon`) VALUES (000001,0000000023,0000000057,0000000244,0,4500.00);
INSERT INTO `en_p3t_asiento_det` (`LibDiaCod`,`AsiCabCod`,`AsiDetCod`,`CueCod`,`AsiDetDebHab`,`AsiDetMon`) VALUES (000001,0000000024,0000000058,0000000543,1,5000.00);
INSERT INTO `en_p3t_asiento_det` (`LibDiaCod`,`AsiCabCod`,`AsiDetCod`,`CueCod`,`AsiDetDebHab`,`AsiDetMon`) VALUES (000001,0000000024,0000000059,0000000076,0,5000.00);
INSERT INTO `en_p3t_asiento_det` (`LibDiaCod`,`AsiCabCod`,`AsiDetCod`,`CueCod`,`AsiDetDebHab`,`AsiDetMon`) VALUES (000001,0000000025,0000000060,0000000244,1,5000.00);
INSERT INTO `en_p3t_asiento_det` (`LibDiaCod`,`AsiCabCod`,`AsiDetCod`,`CueCod`,`AsiDetDebHab`,`AsiDetMon`) VALUES (000001,0000000025,0000000061,0000000541,0,5000.00);
INSERT INTO `en_p3t_asiento_det` (`LibDiaCod`,`AsiCabCod`,`AsiDetCod`,`CueCod`,`AsiDetDebHab`,`AsiDetMon`) VALUES (000001,0000000026,0000000062,0000000097,0,280000.00);
INSERT INTO `en_p3t_asiento_det` (`LibDiaCod`,`AsiCabCod`,`AsiDetCod`,`CueCod`,`AsiDetDebHab`,`AsiDetMon`) VALUES (000001,0000000026,0000000063,0000000540,1,105000.00);
INSERT INTO `en_p3t_asiento_det` (`LibDiaCod`,`AsiCabCod`,`AsiDetCod`,`CueCod`,`AsiDetDebHab`,`AsiDetMon`) VALUES (000001,0000000026,0000000064,0000000435,1,175000.00);
INSERT INTO `en_p3t_asiento_det` (`LibDiaCod`,`AsiCabCod`,`AsiDetCod`,`CueCod`,`AsiDetDebHab`,`AsiDetMon`) VALUES (000001,0000000026,0000000065,0000000011,0,280000.00);
INSERT INTO `en_p3t_asiento_det` (`LibDiaCod`,`AsiCabCod`,`AsiDetCod`,`CueCod`,`AsiDetDebHab`,`AsiDetMon`) VALUES (000001,0000000026,0000000066,0000000094,1,105000.00);
INSERT INTO `en_p3t_asiento_det` (`LibDiaCod`,`AsiCabCod`,`AsiDetCod`,`CueCod`,`AsiDetDebHab`,`AsiDetMon`) VALUES (000001,0000000026,0000000067,0000000094,1,175000.00);
INSERT INTO `en_p3t_asiento_det` (`LibDiaCod`,`AsiCabCod`,`AsiDetCod`,`CueCod`,`AsiDetDebHab`,`AsiDetMon`) VALUES (000001,0000000027,0000000068,0000000200,1,15400.00);
INSERT INTO `en_p3t_asiento_det` (`LibDiaCod`,`AsiCabCod`,`AsiDetCod`,`CueCod`,`AsiDetDebHab`,`AsiDetMon`) VALUES (000001,0000000027,0000000069,0000000533,1,2772.00);
INSERT INTO `en_p3t_asiento_det` (`LibDiaCod`,`AsiCabCod`,`AsiDetCod`,`CueCod`,`AsiDetDebHab`,`AsiDetMon`) VALUES (000001,0000000027,0000000070,0000000241,0,18172.00);
INSERT INTO `en_p3t_asiento_det` (`LibDiaCod`,`AsiCabCod`,`AsiDetCod`,`CueCod`,`AsiDetDebHab`,`AsiDetMon`) VALUES (000001,0000000028,0000000071,0000000241,1,18172.00);
INSERT INTO `en_p3t_asiento_det` (`LibDiaCod`,`AsiCabCod`,`AsiDetCod`,`CueCod`,`AsiDetDebHab`,`AsiDetMon`) VALUES (000001,0000000028,0000000072,0000000542,0,18172.00);

COMMIT;

-- -----------------------------------------------------
-- Data for table `episerp`.`en_p4t_factura_compra_det`
-- -----------------------------------------------------
START TRANSACTION;
USE `episerp`;
INSERT INTO `en_p4t_factura_compra_det` (`FacComCabCod`,`FacComDetCod`,`ClaProCod`,`SubClaProCod`,`ProCod`,`FacComDetCan`,`FacComDetValUni`) VALUES ('001-000001',1,'02','03','SalmAhuma200Gr','348','10'),('001-000001',2,'02','03','TrucAhuma200Gr','449','10'),('001-000001',3,'01','02','PaPaCeNavid','263','15.5'),('001-000001',4,'01','01','ChuletaCerdo','226','15.5'),('001-000001',5,'03','01','Limones1kg','366','5'),('001-000001',6,'02','02','KrisSuriFreRaya','412','10'),('001-000001',7,'05','02','CerealNestle','196','6'),('001-000001',8,'01','02','PaPaCeNavid','263','15.5'),('001-000001',9,'01','02','CarnePavo1/2kg','441','7.5'),('001-000001',10,'04','03','TomFriCase500gr','336','6');
INSERT INTO `en_p4t_factura_compra_det` (`FacComCabCod`,`FacComDetCod`,`ClaProCod`,`SubClaProCod`,`ProCod`,`FacComDetCan`,`FacComDetValUni`) VALUES ('001-000001',11,'05','03','MiCereKellogs','217','6'),('001-000001',12,'08','03','AconcDura250','439','5.5'),('001-000001',13,'01','01','CerdoRollos','444','11.5'),('001-000001',14,'04','03','TomFriCase500gr','336','6'),('001-000001',15,'01','02','CarnePavo1/2kg','441','7.5'),('001-000001',16,'08','03','AconcPiña250','306','5.5'),('001-000001',17,'05','01','BarrCereChoco','495','6'),('001-000001',18,'08','02','MermeFan500','448','6'),('001-000001',19,'01','02','CarnePavo1/2kg','441','7.5'),('001-000001',20,'01','02','CarnePavo1kg','261','15.5');
INSERT INTO `en_p4t_factura_compra_det` (`FacComCabCod`,`FacComDetCod`,`ClaProCod`,`SubClaProCod`,`ProCod`,`FacComDetCan`,`FacComDetValUni`) VALUES ('001-000001',21,'02','01','Furel','129','10'),('001-000001',22,'02','02','GulaNorte','474','10'),('001-000001',23,'04','03','TomFriCase500gr','336','6'),('001-000001',24,'05','02','CerealNestle','196','6'),('001-000001',25,'03','02','ManzaGold240gr','242','6'),('001-000001',26,'04','01','SazonadorA43gr','179','6'),('001-000001',27,'08','02','MermeGlo500','108','5.5'),('001-000001',28,'12','01','TrideMenta','159','0.2'),('001-000001',29,'05','03','MiCereKellogs','217','6'),('001-000001',30,'04','01','SazonadorA43gr','179','6');
INSERT INTO `en_p4t_factura_compra_det` (`FacComCabCod`,`FacComDetCod`,`ClaProCod`,`SubClaProCod`,`ProCod`,`FacComDetCan`,`FacComDetValUni`) VALUES ('001-000001',31,'02','03','PimeAhuma100Gr','282','8'),('001-000001',32,'12','04','Nikolo','102','0.7'),('001-000001',33,'04','01','SazonadorA43gr','179','6'),('001-000001',34,'05','02','CerealKellog','257','6'),('001-000001',35,'04','03','TomFitofra500gr','224','6'),('001-000001',36,'12','01','ChiclMenta','353','0.2'),('001-000001',37,'04','02','Repollo1kg','236','6'),('001-000001',38,'12','04','Mecano','132','1'),('001-000001',39,'05','03','MiCereKellogs','217','6'),('001-000001',40,'04','03','TomFriCase500gr','336','6');
INSERT INTO `en_p4t_factura_compra_det` (`FacComCabCod`,`FacComDetCod`,`ClaProCod`,`SubClaProCod`,`ProCod`,`FacComDetCan`,`FacComDetValUni`) VALUES ('001-000001',41,'03','02','ManzaGold240gr','242','6'),('001-000001',42,'05','01','BarrCereInteg','224','6'),('001-000001',43,'08','03','AconcDura250','439','5.5'),('001-000001',44,'01','01','CerdoRollos','444','11.5'),('001-000001',45,'05','02','CerealNestle','196','6'),('001-000001',46,'04','03','TomFriCase500gr','336','6'),('001-000001',47,'12','01','TrideMenta','159','0.2'),('001-000001',48,'04','01','AMoliFras55gr','215','6'),('001-000001',49,'02','01','Bonito','293','10'),('001-000001',50,'08','03','AconcPiña250','306','5.5');
INSERT INTO `en_p4t_factura_compra_det` (`FacComCabCod`,`FacComDetCod`,`ClaProCod`,`SubClaProCod`,`ProCod`,`FacComDetCan`,`FacComDetValUni`) VALUES ('001-000001',51,'09','02','SFernan100','200','1.5'),('001-000001',52,'04','01','SazonadorA43gr','179','6'),('001-000001',53,'05','01','BarrCereNesqu','118','6'),('001-000001',54,'04','02','BrocoPieza500gr','440','6'),('001-000001',55,'03','01','Mandarinas1kg','413','5'),('001-000001',56,'12','04','Nikolo','102','0.7'),('001-000001',57,'03','01','NaraZumoMalla','157','5'),('001-000001',58,'05','03','MiCereKellogs','217','6'),('001-000001',59,'04','01','AMoliFras55gr','215','6'),('001-000001',60,'03','02','ManzaGold240gr','242','6');
INSERT INTO `en_p4t_factura_compra_det` (`FacComCabCod`,`FacComDetCod`,`ClaProCod`,`SubClaProCod`,`ProCod`,`FacComDetCan`,`FacComDetValUni`) VALUES ('001-000001',61,'03','02','ManzaGold240gr','242','6'),('001-000001',62,'04','03','TomFriCase500gr','336','6'),('001-000001',63,'04','01','AMorado1kg','337','6'),('001-000001',64,'04','01','SazonadorA43gr','179','6'),('001-000001',65,'08','02','MermeGlo500','108','5.5'),('001-000001',66,'01','01','CerdoRollos','444','11.5'),('001-000001',67,'08','03','AconcDura250','439','5.5'),('001-000001',68,'02','02','PaliSuri300Gr','163','10'),('001-000001',69,'04','03','EnsaTomaMal1kg','181','6'),('001-000001',70,'08','03','AconcPiña250','306','5.5');
INSERT INTO `en_p4t_factura_compra_det` (`FacComCabCod`,`FacComDetCod`,`ClaProCod`,`SubClaProCod`,`ProCod`,`FacComDetCan`,`FacComDetValUni`) VALUES ('001-000001',71,'04','01','SazonadorA43gr','179','6'),('001-000001',72,'08','02','MermeFan500','448','6'),('001-000001',73,'02','03','SalmAhuma200Gr','348','10'),('001-000001',74,'02','03','TrucAhuma200Gr','449','10'),('001-000001',75,'05','02','CerealNestle','196','6'),('001-000001',76,'05','02','CerealCoFlake','133','6'),('001-000001',77,'04','01','SazonadorA43gr','179','6'),('001-000001',78,'05','02','CerealNestle','196','6'),('001-000001',79,'03','02','PeBlanca1kg','370','6'),('001-000001',80,'03','01','NaraZumoMalla','157','5');
INSERT INTO `en_p4t_factura_compra_det` (`FacComCabCod`,`FacComDetCod`,`ClaProCod`,`SubClaProCod`,`ProCod`,`FacComDetCan`,`FacComDetValUni`) VALUES ('001-000001',81,'05','02','CerealCoFlake','133','6'),('001-000001',82,'02','03','PimeAhuma100Gr','282','8'),('001-000001',83,'09','02','LaCale100','180','1.5'),('001-000001',84,'04','02','ColiflBolsa1kg','470','6'),('001-000001',85,'03','01','NaraZumoMalla','157','5'),('001-000001',86,'05','01','BarrCereChoco','495','6'),('001-000001',87,'04','01','SazonadorA43gr','179','6'),('001-000001',88,'04','01','AMorado1kg','337','6'),('001-000001',89,'12','01','ChiclMenta','353','0.2'),('001-000001',90,'01','02','PaPaCeNavid','263','15.5');
INSERT INTO `en_p4t_factura_compra_det` (`FacComCabCod`,`FacComDetCod`,`ClaProCod`,`SubClaProCod`,`ProCod`,`FacComDetCan`,`FacComDetValUni`) VALUES ('001-000001',91,'01','01','Cerdo1kg','181','15.5'),('001-000001',92,'08','03','AconcDura250','439','5.5'),('001-000001',93,'04','01','SazonadorA43gr','179','6'),('001-000001',94,'08','02','MermeFan500','448','6'),('001-000001',95,'03','02','ManzaGold240gr','242','6'),('001-000001',96,'01','03','PiernasPollo','315','7.5'),('001-000001',97,'01','02','PaPaCeNavid','263','15.5'),('001-000001',98,'03','01','Mandarinas1kg','413','5'),('001-000001',99,'02','03','SalmAhuma200Gr','348','10'),('001-000001',100,'04','02','BrocoPieza500gr','440','6');

INSERT INTO `en_p4t_factura_compra_det` (`FacComCabCod`,`FacComDetCod`,`ClaProCod`,`SubClaProCod`,`ProCod`,`FacComDetCan`,`FacComDetValUni`) VALUES ('001-000002',1,'12','04','Mecano','132','1'),('001-000002',2,'02','03','TrucAhuma200Gr','449','10'),('001-000002',3,'05','02','CerealCoFlake','133','6'),('001-000002',4,'02','01','Bonito','293','10'),('001-000002',5,'03','01','Mandarinas1kg','413','5'),('001-000002',6,'05','03','MiCereKellogs','217','6'),('001-000002',7,'05','01','BarrCereChoco','495','6'),('001-000002',8,'01','02','CarnePavo1kg','261','15.5'),('001-000002',9,'04','01','SazonadorA43gr','179','6'),('001-000002',10,'01','02','PaPaCeNavid','263','15.5');
INSERT INTO `en_p4t_factura_compra_det` (`FacComCabCod`,`FacComDetCod`,`ClaProCod`,`SubClaProCod`,`ProCod`,`FacComDetCan`,`FacComDetValUni`) VALUES ('001-000002',11,'09','02','LaCale100','180','1.5'),('001-000002',12,'02','03','SalmAhuma200Gr','348','10'),('001-000002',13,'02','03','PimeAhuma100Gr','282','8'),('001-000002',14,'02','01','Furel','129','10'),('001-000002',15,'05','01','BarrCereInteg','224','6'),('001-000002',16,'02','03','TrucAhuma200Gr','449','10'),('001-000002',17,'02','03','TrucAhuma200Gr','449','10'),('001-000002',18,'05','03','MiCereKellogs','217','6'),('001-000002',19,'05','03','MiCereCoFlake','274','6'),('001-000002',20,'05','03','MiCereKellogs','217','6');
INSERT INTO `en_p4t_factura_compra_det` (`FacComCabCod`,`FacComDetCod`,`ClaProCod`,`SubClaProCod`,`ProCod`,`FacComDetCan`,`FacComDetValUni`) VALUES ('001-000002',21,'03','02','PeBlanca1kg','370','6'),('001-000002',22,'04','01','AMoliFras55gr','215','6'),('001-000002',23,'03','02','ManzaGold240gr','242','6'),('001-000002',24,'05','01','BarrCereNesqu','118','6'),('001-000002',25,'12','01','TrideMenta','159','0.2'),('001-000002',26,'02','03','TrucAhuma200Gr','449','10'),('001-000002',27,'04','01','AMorado1kg','337','6'),('001-000002',28,'04','03','TomFriCase500gr','336','6'),('001-000002',29,'01','02','CarnePavo1kg','261','15.5'),('001-000002',30,'02','02','KrisSuriFreRaya','412','10');
INSERT INTO `en_p4t_factura_compra_det` (`FacComCabCod`,`FacComDetCod`,`ClaProCod`,`SubClaProCod`,`ProCod`,`FacComDetCan`,`FacComDetValUni`) VALUES ('001-000002',31,'08','02','MermeFan500','448','6'),('001-000002',32,'05','03','MiCereCoFlake','274','6'),('001-000002',33,'02','03','SalmAhuma200Gr','348','10'),('001-000002',34,'05','02','CerealCoFlake','133','6'),('001-000002',35,'04','02','BrocoPieza500gr','440','6'),('001-000002',36,'09','02','LaCale100','180','1.5'),('001-000002',37,'02','02','PaliSuri300Gr','163','10'),('001-000002',38,'04','02','ColiflBolsa1kg','470','6'),('001-000002',39,'09','02','LaCale100','180','1.5'),('001-000002',40,'03','01','NaraZumoMalla','157','5');
INSERT INTO `en_p4t_factura_compra_det` (`FacComCabCod`,`FacComDetCod`,`ClaProCod`,`SubClaProCod`,`ProCod`,`FacComDetCan`,`FacComDetValUni`) VALUES ('001-000002',41,'01','02','CarnePavo1kg','261','15.5'),('001-000002',42,'03','01','NaraZumoMalla','157','5'),('001-000002',43,'05','02','CerealCoFlake','133','6'),('001-000002',44,'04','03','TomFriCase500gr','336','6'),('001-000002',45,'03','01','Limones1kg','366','5'),('001-000002',46,'04','01','SazonadorA43gr','179','6'),('001-000002',47,'03','01','NaraZumoMalla','157','5'),('001-000002',48,'01','01','CerdoRollos','444','11.5'),('001-000002',49,'01','01','ChuletaCerdo','226','15.5'),('001-000002',50,'04','02','BrocoPieza500gr','440','6');
INSERT INTO `en_p4t_factura_compra_det` (`FacComCabCod`,`FacComDetCod`,`ClaProCod`,`SubClaProCod`,`ProCod`,`FacComDetCan`,`FacComDetValUni`) VALUES ('001-000002',51,'12','04','Mecano','132','1'),('001-000002',52,'04','02','ColiflBolsa1kg','470','6'),('001-000002',53,'05','03','MiCereKellogs','217','6'),('001-000002',54,'04','02','ColiflBolsa1kg','470','6'),('001-000002',55,'09','02','LaCale100','180','1.5'),('001-000002',56,'03','01','NaraZumoMalla','157','5'),('001-000002',57,'01','02','PaPaCeNavid','263','15.5'),('001-000002',58,'01','01','CerdoRollos','444','11.5'),('001-000002',59,'05','01','BarrCereInteg','224','6'),('001-000002',60,'02','01','Bonito','293','10');
INSERT INTO `en_p4t_factura_compra_det` (`FacComCabCod`,`FacComDetCod`,`ClaProCod`,`SubClaProCod`,`ProCod`,`FacComDetCan`,`FacComDetValUni`) VALUES ('001-000002',61,'02','01','Corvina','301','8'),('001-000002',62,'04','02','Repollo1kg','236','6'),('001-000002',63,'01','02','CarnePavo1/2kg','441','7.5'),('001-000002',64,'01','01','CerdoRollos','444','11.5'),('001-000002',65,'08','02','MermeGlo500','108','5.5'),('001-000002',66,'01','01','Cerdo1kg','181','15.5'),('001-000002',67,'04','02','ColiflBolsa1kg','470','6'),('001-000002',68,'01','02','CarnePavo1kg','261','15.5'),('001-000002',69,'04','02','Repollo1kg','236','6'),('001-000002',70,'05','03','MiCereCoFlake','274','6');
INSERT INTO `en_p4t_factura_compra_det` (`FacComCabCod`,`FacComDetCod`,`ClaProCod`,`SubClaProCod`,`ProCod`,`FacComDetCan`,`FacComDetValUni`) VALUES ('001-000002',71,'12','04','Nikolo','102','0.7'),('001-000002',72,'03','02','ManzaGold240gr','242','6'),('001-000002',73,'04','01','AMorado1kg','337','6'),('001-000002',74,'01','01','CerdoRollos','444','11.5'),('001-000002',75,'02','01','Corvina','301','8'),('001-000002',76,'12','04','Nikolo','102','0.7'),('001-000002',77,'04','03','TomFitofra500gr','224','6'),('001-000002',78,'02','02','PaliSuri300Gr','163','10'),('001-000002',79,'12','01','ChiclMenta','353','0.2'),('001-000002',80,'01','03','AlasPollo','172','6.5');
INSERT INTO `en_p4t_factura_compra_det` (`FacComCabCod`,`FacComDetCod`,`ClaProCod`,`SubClaProCod`,`ProCod`,`FacComDetCan`,`FacComDetValUni`) VALUES ('001-000002',81,'02','02','PaliSuri300Gr','163','10'),('001-000002',82,'02','01','Furel','129','10'),('001-000002',83,'04','02','BrocoPieza500gr','440','6'),('001-000002',84,'01','03','PiernasPollo','315','7.5'),('001-000002',85,'12','04','Nikolo','102','0.7'),('001-000002',86,'01','01','ChuletaCerdo','226','15.5'),('001-000002',87,'01','02','CarnePavo1kg','261','15.5'),('001-000002',88,'01','03','AlasPollo','172','6.5'),('001-000002',89,'04','01','AMoliFras55gr','215','6'),('001-000002',90,'02','01','Bonito','293','10');
INSERT INTO `en_p4t_factura_compra_det` (`FacComCabCod`,`FacComDetCod`,`ClaProCod`,`SubClaProCod`,`ProCod`,`FacComDetCan`,`FacComDetValUni`) VALUES ('001-000002',91,'05','01','BarrCereInteg','224','6'),('001-000002',92,'01','03','PiernasPollo','315','7.5'),('001-000002',93,'04','01','AMoliFras55gr','215','6'),('001-000002',94,'02','03','PimeAhuma100Gr','282','8'),('001-000002',95,'01','02','CarnePavo1kg','261','15.5'),('001-000002',96,'03','02','PeBlanca1kg','370','6'),('001-000002',97,'05','02','CerealKellog','257','6'),('001-000002',98,'01','01','ChuletaCerdo','226','15.5'),('001-000002',99,'02','01','Corvina','301','8'),('001-000002',100,'03','02','ManzaGold240gr','242','6');

INSERT INTO `en_p4t_factura_compra_det` (`FacComCabCod`,`FacComDetCod`,`ClaProCod`,`SubClaProCod`,`ProCod`,`FacComDetCan`,`FacComDetValUni`) VALUES ('001-000003',1,'01','03','PiernasPollo','315','7.5'),('001-000003',2,'08','03','AconcDura250','439','5.5'),('001-000003',3,'05','01','BarrCereNesqu','118','6'),('001-000003',4,'12','01','TrideMenta','159','0.2'),('001-000003',5,'05','02','CerealKellog','257','6'),('001-000003',6,'03','02','ManzaRo290gr','232','6'),('001-000003',7,'05','03','MiCereCoFlake','274','6'),('001-000003',8,'03','01','NaraZumoMalla','157','5'),('001-000003',9,'08','03','AconcDura250','439','5.5'),('001-000003',10,'08','02','MermeGlo500','108','5.5');
INSERT INTO `en_p4t_factura_compra_det` (`FacComCabCod`,`FacComDetCod`,`ClaProCod`,`SubClaProCod`,`ProCod`,`FacComDetCan`,`FacComDetValUni`) VALUES ('001-000003',11,'05','02','CerealNestle','196','6'),('001-000003',12,'02','03','PimeAhuma100Gr','282','8'),('001-000003',13,'04','01','AMorado1kg','337','6'),('001-000003',14,'12','01','ChiclMenta','353','0.2'),('001-000003',15,'05','02','CerealKellog','257','6'),('001-000003',16,'04','01','AMoliFras55gr','215','6'),('001-000003',17,'05','03','MiCereCoFlake','274','6'),('001-000003',18,'01','02','PaPaCeNavid','263','15.5'),('001-000003',19,'04','03','EnsaTomaMal1kg','181','6'),('001-000003',20,'08','02','MermeFan500','448','6');
INSERT INTO `en_p4t_factura_compra_det` (`FacComCabCod`,`FacComDetCod`,`ClaProCod`,`SubClaProCod`,`ProCod`,`FacComDetCan`,`FacComDetValUni`) VALUES ('001-000003',21,'08','03','AconcPiña250','306','5.5'),('001-000003',22,'02','03','PimeAhuma100Gr','282','8'),('001-000003',23,'03','02','PeBlanca1kg','370','6'),('001-000003',24,'09','02','LaCale100','180','1.5'),('001-000003',25,'04','02','BrocoPieza500gr','440','6'),('001-000003',26,'03','01','Limones1kg','366','5'),('001-000003',27,'09','02','SFernan100','200','1.5'),('001-000003',28,'03','02','ManzaRo290gr','232','6'),('001-000003',29,'02','01','Furel','129','10'),('001-000003',30,'01','03','PechugaPollo','354','7.5');
INSERT INTO `en_p4t_factura_compra_det` (`FacComCabCod`,`FacComDetCod`,`ClaProCod`,`SubClaProCod`,`ProCod`,`FacComDetCan`,`FacComDetValUni`) VALUES ('001-000003',31,'04','02','BrocoPieza500gr','440','6'),('001-000003',32,'05','02','CerealNestle','196','6'),('001-000003',33,'08','02','MermeGlo500','108','5.5'),('001-000003',34,'01','02','CarnePavo1kg','261','15.5'),('001-000003',35,'09','02','SFernan100','200','1.5'),('001-000003',36,'05','02','CerealCoFlake','133','6'),('001-000003',37,'05','01','BarrCereInteg','224','6'),('001-000003',38,'05','03','MiCereCoFlake','274','6'),('001-000003',39,'05','02','CerealNestle','196','6'),('001-000003',40,'01','03','PiernasPollo','315','7.5');
INSERT INTO `en_p4t_factura_compra_det` (`FacComCabCod`,`FacComDetCod`,`ClaProCod`,`SubClaProCod`,`ProCod`,`FacComDetCan`,`FacComDetValUni`) VALUES ('001-000003',41,'09','02','SFernan100','200','1.5'),('001-000003',42,'08','02','MermeFan500','448','6'),('001-000003',43,'04','03','EnsaTomaMal1kg','181','6'),('001-000003',44,'12','01','TrideMenta','159','0.2'),('001-000003',45,'05','03','MiCereKellogs','217','6'),('001-000003',46,'03','01','Limones1kg','366','5'),('001-000003',47,'02','01','Bonito','293','10'),('001-000003',48,'02','02','GulaNorte','474','10'),('001-000003',49,'05','02','CerealCoFlake','133','6'),('001-000003',50,'04','03','EnsaTomaMal1kg','181','6');
INSERT INTO `en_p4t_factura_compra_det` (`FacComCabCod`,`FacComDetCod`,`ClaProCod`,`SubClaProCod`,`ProCod`,`FacComDetCan`,`FacComDetValUni`) VALUES ('001-000003',51,'05','02','CerealKellog','257','6'),('001-000003',52,'09','02','LaCale100','180','1.5'),('001-000003',53,'05','02','CerealKellog','257','6'),('001-000003',54,'03','01','NaraZumoMalla','157','5'),('001-000003',55,'04','01','SazonadorA43gr','179','6'),('001-000003',56,'05','02','CerealKellog','257','6'),('001-000003',57,'12','01','TrideMenta','159','0.2'),('001-000003',58,'03','01','Mandarinas1kg','413','5'),('001-000003',59,'09','02','SFernan100','200','1.5'),('001-000003',60,'05','02','CerealNestle','196','6');
INSERT INTO `en_p4t_factura_compra_det` (`FacComCabCod`,`FacComDetCod`,`ClaProCod`,`SubClaProCod`,`ProCod`,`FacComDetCan`,`FacComDetValUni`) VALUES ('001-000003',61,'09','02','LaCale100','180','1.5'),('001-000003',62,'08','02','MermeFan500','448','6'),('001-000003',63,'05','02','CerealCoFlake','133','6'),('001-000003',64,'08','02','MermeGlo500','108','5.5'),('001-000003',65,'05','03','MiCereCoFlake','274','6'),('001-000003',66,'02','01','Bonito','293','10'),('001-000003',67,'09','02','LaCale100','180','1.5'),('001-000003',68,'04','03','TomFitofra500gr','224','6'),('001-000003',69,'04','03','EnsaTomaMal1kg','181','6'),('001-000003',70,'05','02','CerealKellog','257','6');
INSERT INTO `en_p4t_factura_compra_det` (`FacComCabCod`,`FacComDetCod`,`ClaProCod`,`SubClaProCod`,`ProCod`,`FacComDetCan`,`FacComDetValUni`) VALUES ('001-000003',71,'03','01','Limones1kg','366','5'),('001-000003',72,'09','02','SFernan100','200','1.5'),('001-000003',73,'05','03','MiCereCoFlake','274','6'),('001-000003',74,'05','01','BarrCereNesqu','118','6'),('001-000003',75,'04','01','AMorado1kg','337','6'),('001-000003',76,'08','03','AconcPiña250','306','5.5'),('001-000003',77,'02','02','KrisSuriFreRaya','412','10'),('001-000003',78,'01','03','PiernasPollo','315','7.5'),('001-000003',79,'04','01','AMorado1kg','337','6'),('001-000003',80,'05','02','CerealCoFlake','133','6');
INSERT INTO `en_p4t_factura_compra_det` (`FacComCabCod`,`FacComDetCod`,`ClaProCod`,`SubClaProCod`,`ProCod`,`FacComDetCan`,`FacComDetValUni`) VALUES ('001-000003',81,'03','02','ManzaRo290gr','232','6'),('001-000003',82,'05','03','MiCereNestLio','100','6'),('001-000003',83,'02','03','PimeAhuma100Gr','282','8'),('001-000003',84,'02','02','GulaNorte','474','10'),('001-000003',85,'02','01','Furel','129','10'),('001-000003',86,'03','01','Mandarinas1kg','413','5'),('001-000003',87,'02','03','TrucAhuma200Gr','449','10'),('001-000003',88,'02','02','KrisSuriFreRaya','412','10'),('001-000003',89,'01','01','CerdoRollos','444','11.5'),('001-000003',90,'03','01','Mandarinas1kg','413','5');
INSERT INTO `en_p4t_factura_compra_det` (`FacComCabCod`,`FacComDetCod`,`ClaProCod`,`SubClaProCod`,`ProCod`,`FacComDetCan`,`FacComDetValUni`) VALUES ('001-000003',91,'04','01','SazonadorA43gr','179','6'),('001-000003',92,'08','02','MermeGlo500','108','5.5'),('001-000003',93,'04','01','AMoliFras55gr','215','6'),('001-000003',94,'04','01','AMoliFras55gr','215','6'),('001-000003',95,'09','02','LaCale100','180','1.5'),('001-000003',96,'02','01','Furel','129','10'),('001-000003',97,'04','02','Repollo1kg','236','6'),('001-000003',98,'04','02','ColiflBolsa1kg','470','6'),('001-000003',99,'04','02','ColiflBolsa1kg','470','6'),('001-000003',100,'02','03','PimeAhuma100Gr','282','8');

INSERT INTO `en_p4t_factura_compra_det` (`FacComCabCod`,`FacComDetCod`,`ClaProCod`,`SubClaProCod`,`ProCod`,`FacComDetCan`,`FacComDetValUni`) VALUES ('001-000004',1,'01','02','PaPaCeNavid','263','15.5'),('001-000004',2,'03','01','Mandarinas1kg','413','5'),('001-000004',3,'01','01','ChuletaCerdo','226','15.5'),('001-000004',4,'02','02','PaliSuri300Gr','163','10'),('001-000004',5,'04','03','EnsaTomaMal1kg','181','6'),('001-000004',6,'04','02','ColiflBolsa1kg','470','6'),('001-000004',7,'12','01','TrideMenta','159','0.2'),('001-000004',8,'05','03','MiCereKellogs','217','6'),('001-000004',9,'04','02','Repollo1kg','236','6'),('001-000004',10,'02','03','PimeAhuma100Gr','282','8');
INSERT INTO `en_p4t_factura_compra_det` (`FacComCabCod`,`FacComDetCod`,`ClaProCod`,`SubClaProCod`,`ProCod`,`FacComDetCan`,`FacComDetValUni`) VALUES ('001-000004',11,'03','02','ManzaRo290gr','232','6'),('001-000004',12,'05','03','MiCereKellogs','217','6'),('001-000004',13,'04','03','EnsaTomaMal1kg','181','6'),('001-000004',14,'01','03','PiernasPollo','315','7.5'),('001-000004',15,'04','03','TomFriCase500gr','336','6'),('001-000004',16,'09','02','SFernan100','200','1.5'),('001-000004',17,'01','02','PaPaCeNavid','263','15.5'),('001-000004',18,'04','01','AMoliFras55gr','215','6'),('001-000004',19,'01','01','CerdoRollos','444','11.5'),('001-000004',20,'05','01','BarrCereChoco','495','6');
INSERT INTO `en_p4t_factura_compra_det` (`FacComCabCod`,`FacComDetCod`,`ClaProCod`,`SubClaProCod`,`ProCod`,`FacComDetCan`,`FacComDetValUni`) VALUES ('001-000004',21,'01','02','CarnePavo1/2kg','441','7.5'),('001-000004',22,'01','03','PiernasPollo','315','7.5'),('001-000004',23,'01','02','CarnePavo1kg','261','15.5'),('001-000004',24,'01','02','CarnePavo1kg','261','15.5'),('001-000004',25,'05','01','BarrCereChoco','495','6'),('001-000004',26,'01','02','CarnePavo1/2kg','441','7.5'),('001-000004',27,'08','02','MermeGlo500','108','5.5'),('001-000004',28,'02','01','Furel','129','10'),('001-000004',29,'05','01','BarrCereInteg','224','6'),('001-000004',30,'04','01','SazonadorA43gr','179','6');
INSERT INTO `en_p4t_factura_compra_det` (`FacComCabCod`,`FacComDetCod`,`ClaProCod`,`SubClaProCod`,`ProCod`,`FacComDetCan`,`FacComDetValUni`) VALUES ('001-000004',31,'08','02','MermeGlo500','108','5.5'),('001-000004',32,'04','02','BrocoPieza500gr','440','6'),('001-000004',33,'01','02','PaPaCeNavid','263','15.5'),('001-000004',34,'12','04','Nikolo','102','0.7'),('001-000004',35,'12','04','Nikolo','102','0.7'),('001-000004',36,'12','04','Mecano','132','1'),('001-000004',37,'03','01','Mandarinas1kg','413','5'),('001-000004',38,'12','04','Nikolo','102','0.7'),('001-000004',39,'08','03','AconcDura250','439','5.5'),('001-000004',40,'03','01','Limones1kg','366','5');
INSERT INTO `en_p4t_factura_compra_det` (`FacComCabCod`,`FacComDetCod`,`ClaProCod`,`SubClaProCod`,`ProCod`,`FacComDetCan`,`FacComDetValUni`) VALUES ('001-000004',41,'08','03','AconcDura250','439','5.5'),('001-000004',42,'02','01','Furel','129','10'),('001-000004',43,'01','02','PaPaCeNavid','263','15.5'),('001-000004',44,'01','01','ChuletaCerdo','226','15.5'),('001-000004',45,'04','02','Repollo1kg','236','6'),('001-000004',46,'08','02','MermeFan500','448','6'),('001-000004',47,'01','01','Cerdo1kg','181','15.5'),('001-000004',48,'04','03','EnsaTomaMal1kg','181','6'),('001-000004',49,'02','01','Furel','129','10'),('001-000004',50,'01','01','ChuletaCerdo','226','15.5');
INSERT INTO `en_p4t_factura_compra_det` (`FacComCabCod`,`FacComDetCod`,`ClaProCod`,`SubClaProCod`,`ProCod`,`FacComDetCan`,`FacComDetValUni`) VALUES ('001-000004',51,'05','02','CerealNestle','196','6'),('001-000004',52,'01','02','PaPaCeNavid','263','15.5'),('001-000004',53,'03','01','Mandarinas1kg','413','5'),('001-000004',54,'12','01','TrideMenta','159','0.2'),('001-000004',55,'04','02','Repollo1kg','236','6'),('001-000004',56,'05','03','MiCereCoFlake','274','6'),('001-000004',57,'05','03','MiCereNestLio','100','6'),('001-000004',58,'03','02','ManzaGold240gr','242','6'),('001-000004',59,'12','01','TrideMenta','159','0.2'),('001-000004',60,'08','02','MermeGlo500','108','5.5');
INSERT INTO `en_p4t_factura_compra_det` (`FacComCabCod`,`FacComDetCod`,`ClaProCod`,`SubClaProCod`,`ProCod`,`FacComDetCan`,`FacComDetValUni`) VALUES ('001-000004',61,'08','02','MermeGlo500','108','5.5'),('001-000004',62,'01','02','CarnePavo1/2kg','441','7.5'),('001-000004',63,'01','02','PaPaCeNavid','263','15.5'),('001-000004',64,'08','02','MermeFan500','448','6'),('001-000004',65,'01','02','CarnePavo1kg','261','15.5'),('001-000004',66,'01','02','CarnePavo1kg','261','15.5'),('001-000004',67,'08','03','AconcPiña250','306','5.5'),('001-000004',68,'05','03','MiCereKellogs','217','6'),('001-000004',69,'05','02','CerealKellog','257','6'),('001-000004',70,'01','02','PaPaCeNavid','263','15.5');
INSERT INTO `en_p4t_factura_compra_det` (`FacComCabCod`,`FacComDetCod`,`ClaProCod`,`SubClaProCod`,`ProCod`,`FacComDetCan`,`FacComDetValUni`) VALUES ('001-000004',71,'01','02','CarnePavo1/2kg','441','7.5'),('001-000004',72,'02','03','SalmAhuma200Gr','348','10'),('001-000004',73,'08','02','MermeGlo500','108','5.5'),('001-000004',74,'01','03','AlasPollo','172','6.5'),('001-000004',75,'04','03','EnsaTomaMal1kg','181','6'),('001-000004',76,'01','02','CarnePavo1kg','261','15.5'),('001-000004',77,'05','01','BarrCereInteg','224','6'),('001-000004',78,'01','03','AlasPollo','172','6.5'),('001-000004',79,'02','02','PaliSuri300Gr','163','10'),('001-000004',80,'01','01','ChuletaCerdo','226','15.5');
INSERT INTO `en_p4t_factura_compra_det` (`FacComCabCod`,`FacComDetCod`,`ClaProCod`,`SubClaProCod`,`ProCod`,`FacComDetCan`,`FacComDetValUni`) VALUES ('001-000004',81,'01','01','ChuletaCerdo','226','15.5'),('001-000004',82,'09','02','LaCale100','180','1.5'),('001-000004',83,'02','03','TrucAhuma200Gr','449','10'),('001-000004',84,'02','03','TrucAhuma200Gr','449','10'),('001-000004',85,'04','02','Repollo1kg','236','6'),('001-000004',86,'05','01','BarrCereNesqu','118','6'),('001-000004',87,'01','03','PechugaPollo','354','7.5'),('001-000004',88,'04','02','BrocoPieza500gr','440','6'),('001-000004',89,'02','02','GulaNorte','474','10'),('001-000004',90,'01','01','ChuletaCerdo','226','15.5');
INSERT INTO `en_p4t_factura_compra_det` (`FacComCabCod`,`FacComDetCod`,`ClaProCod`,`SubClaProCod`,`ProCod`,`FacComDetCan`,`FacComDetValUni`) VALUES ('001-000004',91,'04','02','BrocoPieza500gr','440','6'),('001-000004',92,'04','02','BrocoPieza500gr','440','6'),('001-000004',93,'03','02','PeBlanca1kg','370','6'),('001-000004',94,'02','03','PimeAhuma100Gr','282','8'),('001-000004',95,'03','02','PeBlanca1kg','370','6'),('001-000004',96,'02','03','SalmAhuma200Gr','348','10'),('001-000004',97,'03','02','PeBlanca1kg','370','6'),('001-000004',98,'05','01','BarrCereInteg','224','6'),('001-000004',99,'02','03','PimeAhuma100Gr','282','8'),('001-000004',100,'03','01','Mandarinas1kg','413','5');

INSERT INTO `en_p4t_factura_compra_det` (`FacComCabCod`,`FacComDetCod`,`ClaProCod`,`SubClaProCod`,`ProCod`,`FacComDetCan`,`FacComDetValUni`) VALUES ('001-000005',1,'04','02','Repollo1kg','236','6'),('001-000005',2,'12','01','ChiclMenta','353','0.2'),('001-000005',3,'12','04','Nikolo','102','0.7'),('001-000005',4,'04','03','EnsaTomaMal1kg','181','6'),('001-000005',5,'05','02','CerealKellog','257','6'),('001-000005',6,'02','01','Corvina','301','8'),('001-000005',7,'02','03','SalmAhuma200Gr','348','10'),('001-000005',8,'04','01','AMorado1kg','337','6'),('001-000005',9,'03','01','Limones1kg','366','5'),('001-000005',10,'03','01','Mandarinas1kg','413','5');
INSERT INTO `en_p4t_factura_compra_det` (`FacComCabCod`,`FacComDetCod`,`ClaProCod`,`SubClaProCod`,`ProCod`,`FacComDetCan`,`FacComDetValUni`) VALUES ('001-000005',11,'01','02','CarnePavo1kg','261','15.5'),('001-000005',12,'01','01','CerdoRollos','444','11.5'),('001-000005',13,'05','02','CerealCoFlake','133','6'),('001-000005',14,'04','03','EnsaTomaMal1kg','181','6'),('001-000005',15,'04','01','SazonadorA43gr','179','6'),('001-000005',16,'02','01','Bonito','293','10'),('001-000005',17,'05','01','BarrCereNesqu','118','6'),('001-000005',18,'02','02','KrisSuriFreRaya','412','10'),('001-000005',19,'02','03','PimeAhuma100Gr','282','8'),('001-000005',20,'05','02','CerealNestle','196','6');
INSERT INTO `en_p4t_factura_compra_det` (`FacComCabCod`,`FacComDetCod`,`ClaProCod`,`SubClaProCod`,`ProCod`,`FacComDetCan`,`FacComDetValUni`) VALUES ('001-000005',21,'05','01','BarrCereInteg','224','6'),('001-000005',22,'02','03','TrucAhuma200Gr','449','10'),('001-000005',23,'09','02','LaCale100','180','1.5'),('001-000005',24,'01','01','ChuletaCerdo','226','15.5'),('001-000005',25,'04','03','EnsaTomaMal1kg','181','6'),('001-000005',26,'03','02','ManzaGold240gr','242','6'),('001-000005',27,'03','02','PeBlanca1kg','370','6'),('001-000005',28,'04','02','BrocoPieza500gr','440','6'),('001-000005',29,'02','01','Furel','129','10'),('001-000005',30,'05','02','CerealKellog','257','6');
INSERT INTO `en_p4t_factura_compra_det` (`FacComCabCod`,`FacComDetCod`,`ClaProCod`,`SubClaProCod`,`ProCod`,`FacComDetCan`,`FacComDetValUni`) VALUES ('001-000005',31,'04','02','BrocoPieza500gr','440','6'),('001-000005',32,'04','02','BrocoPieza500gr','440','6'),('001-000005',33,'09','02','LaCale100','180','1.5'),('001-000005',34,'08','02','MermeFan500','448','6'),('001-000005',35,'09','02','SFernan100','200','1.5'),('001-000005',36,'01','02','CarnePavo1kg','261','15.5'),('001-000005',37,'01','01','CerdoRollos','444','11.5'),('001-000005',38,'02','03','TrucAhuma200Gr','449','10'),('001-000005',39,'01','01','Cerdo1kg','181','15.5'),('001-000005',40,'02','01','Bonito','293','10');
INSERT INTO `en_p4t_factura_compra_det` (`FacComCabCod`,`FacComDetCod`,`ClaProCod`,`SubClaProCod`,`ProCod`,`FacComDetCan`,`FacComDetValUni`) VALUES ('001-000005',41,'04','03','EnsaTomaMal1kg','181','6'),('001-000005',42,'05','03','MiCereKellogs','217','6'),('001-000005',43,'02','02','KrisSuriFreRaya','412','10'),('001-000005',44,'05','01','BarrCereChoco','495','6'),('001-000005',45,'08','02','MermeGlo500','108','5.5'),('001-000005',46,'05','02','CerealCoFlake','133','6'),('001-000005',47,'01','02','CarnePavo1/2kg','441','7.5'),('001-000005',48,'01','01','Cerdo1kg','181','15.5'),('001-000005',49,'04','01','AMorado1kg','337','6'),('001-000005',50,'03','02','PeBlanca1kg','370','6');
INSERT INTO `en_p4t_factura_compra_det` (`FacComCabCod`,`FacComDetCod`,`ClaProCod`,`SubClaProCod`,`ProCod`,`FacComDetCan`,`FacComDetValUni`) VALUES ('001-000005',51,'01','02','CarnePavo1kg','261','15.5'),('001-000005',52,'12','04','Mecano','132','1'),('001-000005',53,'01','02','PaPaCeNavid','263','15.5'),('001-000005',54,'03','01','Mandarinas1kg','413','5'),('001-000005',55,'12','04','Mecano','132','1'),('001-000005',56,'03','01','Limones1kg','366','5'),('001-000005',57,'02','02','KrisSuriFreRaya','412','10'),('001-000005',58,'05','03','MiCereCoFlake','274','6'),('001-000005',59,'01','03','PiernasPollo','315','7.5'),('001-000005',60,'02','02','PaliSuri300Gr','163','10');
INSERT INTO `en_p4t_factura_compra_det` (`FacComCabCod`,`FacComDetCod`,`ClaProCod`,`SubClaProCod`,`ProCod`,`FacComDetCan`,`FacComDetValUni`) VALUES ('001-000005',61,'02','02','GulaNorte','474','10'),('001-000005',62,'12','04','Nikolo','102','0.7'),('001-000005',63,'01','03','AlasPollo','172','6.5'),('001-000005',64,'01','01','CerdoRollos','444','11.5'),('001-000005',65,'03','02','ManzaGold240gr','242','6'),('001-000005',66,'04','02','BrocoPieza500gr','440','6'),('001-000005',67,'04','01','AMoliFras55gr','215','6'),('001-000005',68,'02','03','TrucAhuma200Gr','449','10'),('001-000005',69,'01','03','PiernasPollo','315','7.5'),('001-000005',70,'04','01','SazonadorA43gr','179','6');
INSERT INTO `en_p4t_factura_compra_det` (`FacComCabCod`,`FacComDetCod`,`ClaProCod`,`SubClaProCod`,`ProCod`,`FacComDetCan`,`FacComDetValUni`) VALUES ('001-000005',71,'01','02','CarnePavo1/2kg','441','7.5'),('001-000005',72,'04','03','EnsaTomaMal1kg','181','6'),('001-000005',73,'02','03','PimeAhuma100Gr','282','8'),('001-000005',74,'08','03','AconcDura250','439','5.5'),('001-000005',75,'08','02','MermeGlo500','108','5.5'),('001-000005',76,'03','01','NaraZumoMalla','157','5'),('001-000005',77,'02','03','PimeAhuma100Gr','282','8'),('001-000005',78,'01','03','PechugaPollo','354','7.5'),('001-000005',79,'01','02','CarnePavo1kg','261','15.5'),('001-000005',80,'05','01','BarrCereInteg','224','6');
INSERT INTO `en_p4t_factura_compra_det` (`FacComCabCod`,`FacComDetCod`,`ClaProCod`,`SubClaProCod`,`ProCod`,`FacComDetCan`,`FacComDetValUni`) VALUES ('001-000005',81,'05','03','MiCereCoFlake','274','6'),('001-000005',82,'04','02','BrocoPieza500gr','440','6'),('001-000005',83,'01','02','CarnePavo1/2kg','441','7.5'),('001-000005',84,'04','01','AMorado1kg','337','6'),('001-000005',85,'01','02','CarnePavo1kg','261','15.5'),('001-000005',86,'12','01','ChiclMenta','353','0.2'),('001-000005',87,'02','03','PimeAhuma100Gr','282','8'),('001-000005',88,'12','04','Nikolo','102','0.7'),('001-000005',89,'09','02','LaCale100','180','1.5'),('001-000005',90,'05','01','BarrCereInteg','224','6');
INSERT INTO `en_p4t_factura_compra_det` (`FacComCabCod`,`FacComDetCod`,`ClaProCod`,`SubClaProCod`,`ProCod`,`FacComDetCan`,`FacComDetValUni`) VALUES ('001-000005',91,'03','01','Limones1kg','366','5'),('001-000005',92,'04','01','AMoliFras55gr','215','6'),('001-000005',93,'01','01','Cerdo1kg','181','15.5'),('001-000005',94,'01','01','Cerdo1kg','181','15.5'),('001-000005',95,'01','01','Cerdo1kg','181','15.5'),('001-000005',96,'04','03','TomFitofra500gr','224','6'),('001-000005',97,'03','02','ManzaGold240gr','242','6'),('001-000005',98,'05','02','CerealKellog','257','6'),('001-000005',99,'02','01','Corvina','301','8'),('001-000005',100,'03','01','Limones1kg','366','5');

INSERT INTO `en_p4t_factura_compra_det` (`FacComCabCod`,`FacComDetCod`,`ClaProCod`,`SubClaProCod`,`ProCod`,`FacComDetCan`,`FacComDetValUni`) VALUES ('001-000006',1,'01','03','PechugaPollo','354','7.5'),('001-000006',2,'03','02','ManzaGold240gr','242','6'),('001-000006',3,'02','01','Furel','129','10'),('001-000006',4,'08','03','AconcPiña250','306','5.5'),('001-000006',5,'04','02','Repollo1kg','236','6'),('001-000006',6,'04','01','AMorado1kg','337','6'),('001-000006',7,'01','01','CerdoRollos','444','11.5'),('001-000006',8,'12','04','Nikolo','102','0.7'),('001-000006',9,'09','02','LaCale100','180','1.5'),('001-000006',10,'01','03','AlasPollo','172','6.5');
INSERT INTO `en_p4t_factura_compra_det` (`FacComCabCod`,`FacComDetCod`,`ClaProCod`,`SubClaProCod`,`ProCod`,`FacComDetCan`,`FacComDetValUni`) VALUES ('001-000006',11,'05','01','BarrCereChoco','495','6'),('001-000006',12,'04','02','Repollo1kg','236','6'),('001-000006',13,'04','02','ColiflBolsa1kg','470','6'),('001-000006',14,'12','01','ChiclMenta','353','0.2'),('001-000006',15,'02','01','Corvina','301','8'),('001-000006',16,'05','01','BarrCereChoco','495','6'),('001-000006',17,'08','03','AconcDura250','439','5.5'),('001-000006',18,'01','01','ChuletaCerdo','226','15.5'),('001-000006',19,'01','02','CarnePavo1kg','261','15.5'),('001-000006',20,'02','01','Corvina','301','8');
INSERT INTO `en_p4t_factura_compra_det` (`FacComCabCod`,`FacComDetCod`,`ClaProCod`,`SubClaProCod`,`ProCod`,`FacComDetCan`,`FacComDetValUni`) VALUES ('001-000006',21,'05','01','BarrCereChoco','495','6'),('001-000006',22,'12','04','Mecano','132','1'),('001-000006',23,'03','02','ManzaRo290gr','232','6'),('001-000006',24,'05','01','BarrCereNesqu','118','6'),('001-000006',25,'04','02','BrocoPieza500gr','440','6'),('001-000006',26,'04','01','SazonadorA43gr','179','6'),('001-000006',27,'08','03','AconcDura250','439','5.5'),('001-000006',28,'05','01','BarrCereNesqu','118','6'),('001-000006',29,'05','01','BarrCereChoco','495','6'),('001-000006',30,'01','02','CarnePavo1/2kg','441','7.5');
INSERT INTO `en_p4t_factura_compra_det` (`FacComCabCod`,`FacComDetCod`,`ClaProCod`,`SubClaProCod`,`ProCod`,`FacComDetCan`,`FacComDetValUni`) VALUES ('001-000006',31,'12','04','Nikolo','102','0.7'),('001-000006',32,'01','02','PaPaCeNavid','263','15.5'),('001-000006',33,'04','03','TomFriCase500gr','336','6'),('001-000006',34,'12','01','ChiclMenta','353','0.2'),('001-000006',35,'02','01','Bonito','293','10'),('001-000006',36,'02','02','KrisSuriFreRaya','412','10'),('001-000006',37,'05','03','MiCereNestLio','100','6'),('001-000006',38,'03','01','Mandarinas1kg','413','5'),('001-000006',39,'12','01','TrideMenta','159','0.2'),('001-000006',40,'05','03','MiCereKellogs','217','6');
INSERT INTO `en_p4t_factura_compra_det` (`FacComCabCod`,`FacComDetCod`,`ClaProCod`,`SubClaProCod`,`ProCod`,`FacComDetCan`,`FacComDetValUni`) VALUES ('001-000006',41,'03','01','NaraZumoMalla','157','5'),('001-000006',42,'04','01','AMorado1kg','337','6'),('001-000006',43,'01','02','PaPaCeNavid','263','15.5'),('001-000006',44,'05','01','BarrCereNesqu','118','6'),('001-000006',45,'03','02','ManzaRo290gr','232','6'),('001-000006',46,'03','02','ManzaGold240gr','242','6'),('001-000006',47,'05','02','CerealCoFlake','133','6'),('001-000006',48,'12','01','ChiclMenta','353','0.2'),('001-000006',49,'01','02','CarnePavo1kg','261','15.5'),('001-000006',50,'03','02','PeBlanca1kg','370','6');
INSERT INTO `en_p4t_factura_compra_det` (`FacComCabCod`,`FacComDetCod`,`ClaProCod`,`SubClaProCod`,`ProCod`,`FacComDetCan`,`FacComDetValUni`) VALUES ('001-000006',51,'02','03','SalmAhuma200Gr','348','10'),('001-000006',52,'08','02','MermeFan500','448','6'),('001-000006',53,'08','02','MermeFan500','448','6'),('001-000006',54,'08','02','MermeGlo500','108','5.5'),('001-000006',55,'02','02','KrisSuriFreRaya','412','10'),('001-000006',56,'04','01','AMoliFras55gr','215','6'),('001-000006',57,'01','01','Cerdo1kg','181','15.5'),('001-000006',58,'05','02','CerealNestle','196','6'),('001-000006',59,'05','02','CerealNestle','196','6'),('001-000006',60,'08','03','AconcDura250','439','5.5');
INSERT INTO `en_p4t_factura_compra_det` (`FacComCabCod`,`FacComDetCod`,`ClaProCod`,`SubClaProCod`,`ProCod`,`FacComDetCan`,`FacComDetValUni`) VALUES ('001-000006',61,'09','02','SFernan100','200','1.5'),('001-000006',62,'03','01','NaraZumoMalla','157','5'),('001-000006',63,'08','03','AconcDura250','439','5.5'),('001-000006',64,'03','02','PeBlanca1kg','370','6'),('001-000006',65,'01','02','PaPaCeNavid','263','15.5'),('001-000006',66,'12','01','TrideMenta','159','0.2'),('001-000006',67,'12','04','Nikolo','102','0.7'),('001-000006',68,'02','02','KrisSuriFreRaya','412','10'),('001-000006',69,'08','03','AconcPiña250','306','5.5'),('001-000006',70,'01','02','PaPaCeNavid','263','15.5');
INSERT INTO `en_p4t_factura_compra_det` (`FacComCabCod`,`FacComDetCod`,`ClaProCod`,`SubClaProCod`,`ProCod`,`FacComDetCan`,`FacComDetValUni`) VALUES ('001-000006',71,'03','02','PeBlanca1kg','370','6'),('001-000006',72,'04','02','Repollo1kg','236','6'),('001-000006',73,'05','02','CerealCoFlake','133','6'),('001-000006',74,'05','01','BarrCereInteg','224','6'),('001-000006',75,'05','01','BarrCereNesqu','118','6'),('001-000006',76,'01','03','PiernasPollo','315','7.5'),('001-000006',77,'04','01','SazonadorA43gr','179','6'),('001-000006',78,'04','02','ColiflBolsa1kg','470','6'),('001-000006',79,'05','01','BarrCereChoco','495','6'),('001-000006',80,'02','01','Corvina','301','8');
INSERT INTO `en_p4t_factura_compra_det` (`FacComCabCod`,`FacComDetCod`,`ClaProCod`,`SubClaProCod`,`ProCod`,`FacComDetCan`,`FacComDetValUni`) VALUES ('001-000006',81,'12','01','TrideMenta','159','0.2'),('001-000006',82,'08','02','MermeFan500','448','6'),('001-000006',83,'03','02','ManzaRo290gr','232','6'),('001-000006',84,'01','03','PiernasPollo','315','7.5'),('001-000006',85,'02','03','TrucAhuma200Gr','449','10'),('001-000006',86,'03','01','Mandarinas1kg','413','5'),('001-000006',87,'04','01','AMorado1kg','337','6'),('001-000006',88,'02','01','Bonito','293','10'),('001-000006',89,'04','03','TomFitofra500gr','224','6'),('001-000006',90,'01','02','CarnePavo1/2kg','441','7.5');
INSERT INTO `en_p4t_factura_compra_det` (`FacComCabCod`,`FacComDetCod`,`ClaProCod`,`SubClaProCod`,`ProCod`,`FacComDetCan`,`FacComDetValUni`) VALUES ('001-000006',91,'05','01','BarrCereChoco','495','6'),('001-000006',92,'02','03','PimeAhuma100Gr','282','8'),('001-000006',93,'01','03','PiernasPollo','315','7.5'),('001-000006',94,'04','02','BrocoPieza500gr','440','6'),('001-000006',95,'04','02','Repollo1kg','236','6'),('001-000006',96,'03','01','Limones1kg','366','5'),('001-000006',97,'02','03','TrucAhuma200Gr','449','10'),('001-000006',98,'03','02','ManzaRo290gr','232','6'),('001-000006',99,'05','02','CerealCoFlake','133','6'),('001-000006',100,'04','01','AMoliFras55gr','215','6');

INSERT INTO `en_p4t_factura_compra_det` (`FacComCabCod`,`FacComDetCod`,`ClaProCod`,`SubClaProCod`,`ProCod`,`FacComDetCan`,`FacComDetValUni`) VALUES ('001-000007',1,'05','03','MiCereCoFlake','274','6'),('001-000007',2,'01','02','CarnePavo1kg','261','15.5'),('001-000007',3,'05','01','BarrCereNesqu','118','6'),('001-000007',4,'03','01','NaraZumoMalla','157','5'),('001-000007',5,'05','01','BarrCereNesqu','118','6'),('001-000007',6,'01','01','Cerdo1kg','181','15.5'),('001-000007',7,'01','03','PiernasPollo','315','7.5'),('001-000007',8,'02','01','Bonito','293','10'),('001-000007',9,'04','03','TomFriCase500gr','336','6'),('001-000007',10,'05','03','MiCereKellogs','217','6');
INSERT INTO `en_p4t_factura_compra_det` (`FacComCabCod`,`FacComDetCod`,`ClaProCod`,`SubClaProCod`,`ProCod`,`FacComDetCan`,`FacComDetValUni`) VALUES ('001-000007',11,'02','01','Corvina','301','8'),('001-000007',12,'01','02','CarnePavo1/2kg','441','7.5'),('001-000007',13,'05','01','BarrCereNesqu','118','6'),('001-000007',14,'04','01','AMoliFras55gr','215','6'),('001-000007',15,'08','02','MermeGlo500','108','5.5'),('001-000007',16,'05','03','MiCereNestLio','100','6'),('001-000007',17,'12','01','TrideMenta','159','0.2'),('001-000007',18,'04','01','SazonadorA43gr','179','6'),('001-000007',19,'08','03','AconcPiña250','306','5.5'),('001-000007',20,'01','02','PaPaCeNavid','263','15.5');
INSERT INTO `en_p4t_factura_compra_det` (`FacComCabCod`,`FacComDetCod`,`ClaProCod`,`SubClaProCod`,`ProCod`,`FacComDetCan`,`FacComDetValUni`) VALUES ('001-000007',21,'04','01','SazonadorA43gr','179','6'),('001-000007',22,'05','02','CerealNestle','196','6'),('001-000007',23,'02','01','Furel','129','10'),('001-000007',24,'02','03','TrucAhuma200Gr','449','10'),('001-000007',25,'01','01','ChuletaCerdo','226','15.5'),('001-000007',26,'02','02','PaliSuri300Gr','163','10'),('001-000007',27,'04','02','Repollo1kg','236','6'),('001-000007',28,'05','03','MiCereCoFlake','274','6'),('001-000007',29,'04','01','AMorado1kg','337','6'),('001-000007',30,'04','01','SazonadorA43gr','179','6');
INSERT INTO `en_p4t_factura_compra_det` (`FacComCabCod`,`FacComDetCod`,`ClaProCod`,`SubClaProCod`,`ProCod`,`FacComDetCan`,`FacComDetValUni`) VALUES ('001-000007',31,'03','01','Limones1kg','366','5'),('001-000007',32,'08','02','MermeFan500','448','6'),('001-000007',33,'05','01','BarrCereChoco','495','6'),('001-000007',34,'03','02','ManzaGold240gr','242','6'),('001-000007',35,'05','02','CerealKellog','257','6'),('001-000007',36,'01','02','PaPaCeNavid','263','15.5'),('001-000007',37,'08','03','AconcDura250','439','5.5'),('001-000007',38,'04','03','TomFitofra500gr','224','6'),('001-000007',39,'05','02','CerealCoFlake','133','6'),('001-000007',40,'02','02','PaliSuri300Gr','163','10');
INSERT INTO `en_p4t_factura_compra_det` (`FacComCabCod`,`FacComDetCod`,`ClaProCod`,`SubClaProCod`,`ProCod`,`FacComDetCan`,`FacComDetValUni`) VALUES ('001-000007',41,'08','03','AconcDura250','439','5.5'),('001-000007',42,'01','02','CarnePavo1/2kg','441','7.5'),('001-000007',43,'04','03','TomFriCase500gr','336','6'),('001-000007',44,'08','02','MermeFan500','448','6'),('001-000007',45,'04','02','ColiflBolsa1kg','470','6'),('001-000007',46,'08','02','MermeFan500','448','6'),('001-000007',47,'04','03','TomFriCase500gr','336','6'),('001-000007',48,'12','04','Mecano','132','1'),('001-000007',49,'04','03','TomFitofra500gr','224','6'),('001-000007',50,'12','01','ChiclMenta','353','0.2');
INSERT INTO `en_p4t_factura_compra_det` (`FacComCabCod`,`FacComDetCod`,`ClaProCod`,`SubClaProCod`,`ProCod`,`FacComDetCan`,`FacComDetValUni`) VALUES ('001-000007',51,'04','03','TomFitofra500gr','224','6'),('001-000007',52,'03','01','NaraZumoMalla','157','5'),('001-000007',53,'05','02','CerealKellog','257','6'),('001-000007',54,'12','04','Nikolo','102','0.7'),('001-000007',55,'01','02','CarnePavo1/2kg','441','7.5'),('001-000007',56,'02','01','Furel','129','10'),('001-000007',57,'03','01','Limones1kg','366','5'),('001-000007',58,'08','03','AconcPiña250','306','5.5'),('001-000007',59,'05','03','MiCereNestLio','100','6'),('001-000007',60,'02','02','PaliSuri300Gr','163','10');
INSERT INTO `en_p4t_factura_compra_det` (`FacComCabCod`,`FacComDetCod`,`ClaProCod`,`SubClaProCod`,`ProCod`,`FacComDetCan`,`FacComDetValUni`) VALUES ('001-000007',61,'04','01','AMoliFras55gr','215','6'),('001-000007',62,'02','03','TrucAhuma200Gr','449','10'),('001-000007',63,'02','02','PaliSuri300Gr','163','10'),('001-000007',64,'05','02','CerealNestle','196','6'),('001-000007',65,'05','03','MiCereNestLio','100','6'),('001-000007',66,'01','01','CerdoRollos','444','11.5'),('001-000007',67,'03','01','Mandarinas1kg','413','5'),('001-000007',68,'05','03','MiCereCoFlake','274','6'),('001-000007',69,'12','01','ChiclMenta','353','0.2'),('001-000007',70,'01','02','CarnePavo1kg','261','15.5');
INSERT INTO `en_p4t_factura_compra_det` (`FacComCabCod`,`FacComDetCod`,`ClaProCod`,`SubClaProCod`,`ProCod`,`FacComDetCan`,`FacComDetValUni`) VALUES ('001-000007',71,'08','03','AconcDura250','439','5.5'),('001-000007',72,'02','03','PimeAhuma100Gr','282','8'),('001-000007',73,'01','02','CarnePavo1kg','261','15.5'),('001-000007',74,'12','01','ChiclMenta','353','0.2'),('001-000007',75,'01','02','CarnePavo1kg','261','15.5'),('001-000007',76,'03','02','ManzaGold240gr','242','6'),('001-000007',77,'12','01','TrideMenta','159','0.2'),('001-000007',78,'01','01','CerdoRollos','444','11.5'),('001-000007',79,'05','02','CerealKellog','257','6'),('001-000007',80,'02','02','KrisSuriFreRaya','412','10');
INSERT INTO `en_p4t_factura_compra_det` (`FacComCabCod`,`FacComDetCod`,`ClaProCod`,`SubClaProCod`,`ProCod`,`FacComDetCan`,`FacComDetValUni`) VALUES ('001-000007',81,'02','01','Bonito','293','10'),('001-000007',82,'05','01','BarrCereChoco','495','6'),('001-000007',83,'05','03','MiCereNestLio','100','6'),('001-000007',84,'05','02','CerealNestle','196','6'),('001-000007',85,'12','01','TrideMenta','159','0.2'),('001-000007',86,'08','02','MermeFan500','448','6'),('001-000007',87,'12','01','ChiclMenta','353','0.2'),('001-000007',88,'04','01','SazonadorA43gr','179','6'),('001-000007',89,'05','03','MiCereNestLio','100','6'),('001-000007',90,'01','01','ChuletaCerdo','226','15.5');
INSERT INTO `en_p4t_factura_compra_det` (`FacComCabCod`,`FacComDetCod`,`ClaProCod`,`SubClaProCod`,`ProCod`,`FacComDetCan`,`FacComDetValUni`) VALUES ('001-000007',91,'08','02','MermeGlo500','108','5.5'),('001-000007',92,'08','02','MermeFan500','448','6'),('001-000007',93,'04','01','SazonadorA43gr','179','6'),('001-000007',94,'04','01','AMoliFras55gr','215','6'),('001-000007',95,'04','03','TomFitofra500gr','224','6'),('001-000007',96,'01','01','CerdoRollos','444','11.5'),('001-000007',97,'01','03','AlasPollo','172','6.5'),('001-000007',98,'02','03','TrucAhuma200Gr','449','10'),('001-000007',99,'03','02','ManzaGold240gr','242','6'),('001-000007',100,'08','02','MermeFan500','448','6');

INSERT INTO `en_p4t_factura_compra_det` (`FacComCabCod`,`FacComDetCod`,`ClaProCod`,`SubClaProCod`,`ProCod`,`FacComDetCan`,`FacComDetValUni`) VALUES ('001-000008',1,'02','01','Corvina','301','8'),('001-000008',2,'05','01','BarrCereNesqu','118','6'),('001-000008',3,'04','03','TomFitofra500gr','224','6'),('001-000008',4,'01','03','PechugaPollo','354','7.5'),('001-000008',5,'01','03','PechugaPollo','354','7.5'),('001-000008',6,'04','02','ColiflBolsa1kg','470','6'),('001-000008',7,'05','02','CerealCoFlake','133','6'),('001-000008',8,'04','01','SazonadorA43gr','179','6'),('001-000008',9,'02','01','Bonito','293','10'),('001-000008',10,'04','02','Repollo1kg','236','6');
INSERT INTO `en_p4t_factura_compra_det` (`FacComCabCod`,`FacComDetCod`,`ClaProCod`,`SubClaProCod`,`ProCod`,`FacComDetCan`,`FacComDetValUni`) VALUES ('001-000008',11,'05','03','MiCereCoFlake','274','6'),('001-000008',12,'02','02','PaliSuri300Gr','163','10'),('001-000008',13,'04','01','AMoliFras55gr','215','6'),('001-000008',14,'04','02','BrocoPieza500gr','440','6'),('001-000008',15,'02','03','SalmAhuma200Gr','348','10'),('001-000008',16,'01','02','CarnePavo1kg','261','15.5'),('001-000008',17,'04','02','BrocoPieza500gr','440','6'),('001-000008',18,'02','02','PaliSuri300Gr','163','10'),('001-000008',19,'04','01','SazonadorA43gr','179','6'),('001-000008',20,'03','01','NaraZumoMalla','157','5');
INSERT INTO `en_p4t_factura_compra_det` (`FacComCabCod`,`FacComDetCod`,`ClaProCod`,`SubClaProCod`,`ProCod`,`FacComDetCan`,`FacComDetValUni`) VALUES ('001-000008',21,'01','02','CarnePavo1/2kg','441','7.5'),('001-000008',22,'02','03','PimeAhuma100Gr','282','8'),('001-000008',23,'03','01','Limones1kg','366','5'),('001-000008',24,'02','03','TrucAhuma200Gr','449','10'),('001-000008',25,'02','01','Bonito','293','10'),('001-000008',26,'02','02','GulaNorte','474','10'),('001-000008',27,'04','03','EnsaTomaMal1kg','181','6'),('001-000008',28,'04','01','AMorado1kg','337','6'),('001-000008',29,'01','01','ChuletaCerdo','226','15.5'),('001-000008',30,'02','02','PaliSuri300Gr','163','10');
INSERT INTO `en_p4t_factura_compra_det` (`FacComCabCod`,`FacComDetCod`,`ClaProCod`,`SubClaProCod`,`ProCod`,`FacComDetCan`,`FacComDetValUni`) VALUES ('001-000008',31,'09','02','LaCale100','180','1.5'),('001-000008',32,'08','02','MermeGlo500','108','5.5'),('001-000008',33,'05','01','BarrCereNesqu','118','6'),('001-000008',34,'02','01','Corvina','301','8'),('001-000008',35,'04','02','BrocoPieza500gr','440','6'),('001-000008',36,'02','03','SalmAhuma200Gr','348','10'),('001-000008',37,'01','03','PiernasPollo','315','7.5'),('001-000008',38,'01','01','Cerdo1kg','181','15.5'),('001-000008',39,'05','01','BarrCereInteg','224','6'),('001-000008',40,'08','03','AconcDura250','439','5.5');
INSERT INTO `en_p4t_factura_compra_det` (`FacComCabCod`,`FacComDetCod`,`ClaProCod`,`SubClaProCod`,`ProCod`,`FacComDetCan`,`FacComDetValUni`) VALUES ('001-000008',41,'01','01','CerdoRollos','444','11.5'),('001-000008',42,'04','01','SazonadorA43gr','179','6'),('001-000008',43,'03','02','ManzaGold240gr','242','6'),('001-000008',44,'05','03','MiCereKellogs','217','6'),('001-000008',45,'12','04','Nikolo','102','0.7'),('001-000008',46,'09','02','SFernan100','200','1.5'),('001-000008',47,'03','01','Mandarinas1kg','413','5'),('001-000008',48,'01','01','CerdoRollos','444','11.5'),('001-000008',49,'04','01','SazonadorA43gr','179','6'),('001-000008',50,'05','03','MiCereKellogs','217','6');
INSERT INTO `en_p4t_factura_compra_det` (`FacComCabCod`,`FacComDetCod`,`ClaProCod`,`SubClaProCod`,`ProCod`,`FacComDetCan`,`FacComDetValUni`) VALUES ('001-000008',51,'01','03','PiernasPollo','315','7.5'),('001-000008',52,'02','01','Furel','129','10'),('001-000008',53,'02','03','TrucAhuma200Gr','449','10'),('001-000008',54,'05','02','CerealCoFlake','133','6'),('001-000008',55,'05','01','BarrCereInteg','224','6'),('001-000008',56,'09','02','SFernan100','200','1.5'),('001-000008',57,'04','02','ColiflBolsa1kg','470','6'),('001-000008',58,'02','03','SalmAhuma200Gr','348','10'),('001-000008',59,'04','01','SazonadorA43gr','179','6'),('001-000008',60,'04','02','Repollo1kg','236','6');
INSERT INTO `en_p4t_factura_compra_det` (`FacComCabCod`,`FacComDetCod`,`ClaProCod`,`SubClaProCod`,`ProCod`,`FacComDetCan`,`FacComDetValUni`) VALUES ('001-000008',61,'03','01','NaraZumoMalla','157','5'),('001-000008',62,'05','03','MiCereKellogs','217','6'),('001-000008',63,'04','03','EnsaTomaMal1kg','181','6'),('001-000008',64,'03','02','ManzaRo290gr','232','6'),('001-000008',65,'01','03','PechugaPollo','354','7.5'),('001-000008',66,'02','02','KrisSuriFreRaya','412','10'),('001-000008',67,'03','01','Limones1kg','366','5'),('001-000008',68,'05','03','MiCereCoFlake','274','6'),('001-000008',69,'01','03','PiernasPollo','315','7.5'),('001-000008',70,'08','03','AconcDura250','439','5.5');
INSERT INTO `en_p4t_factura_compra_det` (`FacComCabCod`,`FacComDetCod`,`ClaProCod`,`SubClaProCod`,`ProCod`,`FacComDetCan`,`FacComDetValUni`) VALUES ('001-000008',71,'03','02','ManzaRo290gr','232','6'),('001-000008',72,'12','01','TrideMenta','159','0.2'),('001-000008',73,'03','02','ManzaRo290gr','232','6'),('001-000008',74,'02','03','SalmAhuma200Gr','348','10'),('001-000008',75,'01','03','AlasPollo','172','6.5'),('001-000008',76,'05','03','MiCereCoFlake','274','6'),('001-000008',77,'01','01','Cerdo1kg','181','15.5'),('001-000008',78,'01','03','PiernasPollo','315','7.5'),('001-000008',79,'03','01','NaraZumoMalla','157','5'),('001-000008',80,'05','01','BarrCereInteg','224','6');
INSERT INTO `en_p4t_factura_compra_det` (`FacComCabCod`,`FacComDetCod`,`ClaProCod`,`SubClaProCod`,`ProCod`,`FacComDetCan`,`FacComDetValUni`) VALUES ('001-000008',81,'01','02','CarnePavo1kg','261','15.5'),('001-000008',82,'05','02','CerealKellog','257','6'),('001-000008',83,'03','01','Mandarinas1kg','413','5'),('001-000008',84,'12','01','ChiclMenta','353','0.2'),('001-000008',85,'03','02','ManzaGold240gr','242','6'),('001-000008',86,'09','02','SFernan100','200','1.5'),('001-000008',87,'05','02','CerealNestle','196','6'),('001-000008',88,'02','01','Furel','129','10'),('001-000008',89,'09','02','LaCale100','180','1.5'),('001-000008',90,'02','01','Bonito','293','10');
INSERT INTO `en_p4t_factura_compra_det` (`FacComCabCod`,`FacComDetCod`,`ClaProCod`,`SubClaProCod`,`ProCod`,`FacComDetCan`,`FacComDetValUni`) VALUES ('001-000008',91,'04','03','TomFriCase500gr','336','6'),('001-000008',92,'03','02','ManzaRo290gr','232','6'),('001-000008',93,'04','02','BrocoPieza500gr','440','6'),('001-000008',94,'08','03','AconcPiña250','306','5.5'),('001-000008',95,'09','02','SFernan100','200','1.5'),('001-000008',96,'01','01','CerdoRollos','444','11.5'),('001-000008',97,'08','03','AconcPiña250','306','5.5'),('001-000008',98,'02','02','KrisSuriFreRaya','412','10'),('001-000008',99,'01','02','CarnePavo1kg','261','15.5'),('001-000008',100,'04','02','BrocoPieza500gr','440','6');

INSERT INTO `en_p4t_factura_compra_det` (`FacComCabCod`,`FacComDetCod`,`ClaProCod`,`SubClaProCod`,`ProCod`,`FacComDetCan`,`FacComDetValUni`) VALUES ('001-000009',1,'08','02','MermeFan500','448','6'),('001-000009',2,'01','02','CarnePavo1/2kg','441','7.5'),('001-000009',3,'02','01','Corvina','301','8'),('001-000009',4,'01','01','CerdoRollos','444','11.5'),('001-000009',5,'05','03','MiCereNestLio','100','6'),('001-000009',6,'05','01','BarrCereChoco','495','6'),('001-000009',7,'12','04','Nikolo','102','0.7'),('001-000009',8,'02','03','TrucAhuma200Gr','449','10'),('001-000009',9,'08','02','MermeFan500','448','6'),('001-000009',10,'05','03','MiCereCoFlake','274','6');
INSERT INTO `en_p4t_factura_compra_det` (`FacComCabCod`,`FacComDetCod`,`ClaProCod`,`SubClaProCod`,`ProCod`,`FacComDetCan`,`FacComDetValUni`) VALUES ('001-000009',11,'08','03','AconcPiña250','306','5.5'),('001-000009',12,'05','02','CerealNestle','196','6'),('001-000009',13,'05','01','BarrCereNesqu','118','6'),('001-000009',14,'01','01','ChuletaCerdo','226','15.5'),('001-000009',15,'08','02','MermeGlo500','108','5.5'),('001-000009',16,'01','01','CerdoRollos','444','11.5'),('001-000009',17,'05','02','CerealKellog','257','6'),('001-000009',18,'03','01','NaraZumoMalla','157','5'),('001-000009',19,'01','03','PechugaPollo','354','7.5'),('001-000009',20,'04','03','TomFriCase500gr','336','6');
INSERT INTO `en_p4t_factura_compra_det` (`FacComCabCod`,`FacComDetCod`,`ClaProCod`,`SubClaProCod`,`ProCod`,`FacComDetCan`,`FacComDetValUni`) VALUES ('001-000009',21,'01','03','PechugaPollo','354','7.5'),('001-000009',22,'02','01','Bonito','293','10'),('001-000009',23,'02','01','Bonito','293','10'),('001-000009',24,'01','02','PaPaCeNavid','263','15.5'),('001-000009',25,'01','02','PaPaCeNavid','263','15.5'),('001-000009',26,'02','03','SalmAhuma200Gr','348','10'),('001-000009',27,'12','04','Nikolo','102','0.7'),('001-000009',28,'04','01','AMoliFras55gr','215','6'),('001-000009',29,'12','01','TrideMenta','159','0.2'),('001-000009',30,'01','03','PechugaPollo','354','7.5');
INSERT INTO `en_p4t_factura_compra_det` (`FacComCabCod`,`FacComDetCod`,`ClaProCod`,`SubClaProCod`,`ProCod`,`FacComDetCan`,`FacComDetValUni`) VALUES ('001-000009',31,'08','03','AconcDura250','439','5.5'),('001-000009',32,'02','01','Furel','129','10'),('001-000009',33,'05','03','MiCereKellogs','217','6'),('001-000009',34,'05','03','MiCereCoFlake','274','6'),('001-000009',35,'04','03','EnsaTomaMal1kg','181','6'),('001-000009',36,'03','02','ManzaRo290gr','232','6'),('001-000009',37,'03','02','ManzaGold240gr','242','6'),('001-000009',38,'09','02','SFernan100','200','1.5'),('001-000009',39,'05','01','BarrCereInteg','224','6'),('001-000009',40,'04','03','TomFriCase500gr','336','6');
INSERT INTO `en_p4t_factura_compra_det` (`FacComCabCod`,`FacComDetCod`,`ClaProCod`,`SubClaProCod`,`ProCod`,`FacComDetCan`,`FacComDetValUni`) VALUES ('001-000009',41,'04','01','AMorado1kg','337','6'),('001-000009',42,'05','01','BarrCereNesqu','118','6'),('001-000009',43,'04','01','AMoliFras55gr','215','6'),('001-000009',44,'01','03','PiernasPollo','315','7.5'),('001-000009',45,'04','01','AMoliFras55gr','215','6'),('001-000009',46,'04','02','Repollo1kg','236','6'),('001-000009',47,'02','02','GulaNorte','474','10'),('001-000009',48,'04','02','BrocoPieza500gr','440','6'),('001-000009',49,'02','02','GulaNorte','474','10'),('001-000009',50,'04','03','EnsaTomaMal1kg','181','6');
INSERT INTO `en_p4t_factura_compra_det` (`FacComCabCod`,`FacComDetCod`,`ClaProCod`,`SubClaProCod`,`ProCod`,`FacComDetCan`,`FacComDetValUni`) VALUES ('001-000009',51,'05','02','CerealCoFlake','133','6'),('001-000009',52,'08','03','AconcDura250','439','5.5'),('001-000009',53,'02','02','GulaNorte','474','10'),('001-000009',54,'04','03','EnsaTomaMal1kg','181','6'),('001-000009',55,'12','04','Nikolo','102','0.7'),('001-000009',56,'05','03','MiCereNestLio','100','6'),('001-000009',57,'01','03','PiernasPollo','315','7.5'),('001-000009',58,'03','01','NaraZumoMalla','157','5'),('001-000009',59,'08','02','MermeGlo500','108','5.5'),('001-000009',60,'05','01','BarrCereInteg','224','6');
INSERT INTO `en_p4t_factura_compra_det` (`FacComCabCod`,`FacComDetCod`,`ClaProCod`,`SubClaProCod`,`ProCod`,`FacComDetCan`,`FacComDetValUni`) VALUES ('001-000009',61,'09','02','SFernan100','200','1.5'),('001-000009',62,'02','02','GulaNorte','474','10'),('001-000009',63,'05','03','MiCereNestLio','100','6'),('001-000009',64,'02','03','TrucAhuma200Gr','449','10'),('001-000009',65,'08','03','AconcPiña250','306','5.5'),('001-000009',66,'02','02','KrisSuriFreRaya','412','10'),('001-000009',67,'05','03','MiCereCoFlake','274','6'),('001-000009',68,'03','01','NaraZumoMalla','157','5'),('001-000009',69,'12','01','TrideMenta','159','0.2'),('001-000009',70,'04','03','EnsaTomaMal1kg','181','6');
INSERT INTO `en_p4t_factura_compra_det` (`FacComCabCod`,`FacComDetCod`,`ClaProCod`,`SubClaProCod`,`ProCod`,`FacComDetCan`,`FacComDetValUni`) VALUES ('001-000009',71,'02','03','TrucAhuma200Gr','449','10'),('001-000009',72,'05','01','BarrCereInteg','224','6'),('001-000009',73,'03','02','ManzaGold240gr','242','6'),('001-000009',74,'03','02','ManzaRo290gr','232','6'),('001-000009',75,'03','02','PeBlanca1kg','370','6'),('001-000009',76,'08','02','MermeFan500','448','6'),('001-000009',77,'04','01','AMorado1kg','337','6'),('001-000009',78,'05','01','BarrCereInteg','224','6'),('001-000009',79,'03','02','ManzaRo290gr','232','6'),('001-000009',80,'04','01','SazonadorA43gr','179','6');
INSERT INTO `en_p4t_factura_compra_det` (`FacComCabCod`,`FacComDetCod`,`ClaProCod`,`SubClaProCod`,`ProCod`,`FacComDetCan`,`FacComDetValUni`) VALUES ('001-000009',81,'04','02','ColiflBolsa1kg','470','6'),('001-000009',82,'02','01','Bonito','293','10'),('001-000009',83,'02','02','PaliSuri300Gr','163','10'),('001-000009',84,'02','01','Furel','129','10'),('001-000009',85,'03','01','Limones1kg','366','5'),('001-000009',86,'02','01','Furel','129','10'),('001-000009',87,'04','02','Repollo1kg','236','6'),('001-000009',88,'05','03','MiCereNestLio','100','6'),('001-000009',89,'02','03','SalmAhuma200Gr','348','10'),('001-000009',90,'05','02','CerealNestle','196','6');
INSERT INTO `en_p4t_factura_compra_det` (`FacComCabCod`,`FacComDetCod`,`ClaProCod`,`SubClaProCod`,`ProCod`,`FacComDetCan`,`FacComDetValUni`) VALUES ('001-000009',91,'05','01','BarrCereInteg','224','6'),('001-000009',92,'02','03','TrucAhuma200Gr','449','10'),('001-000009',93,'04','03','TomFitofra500gr','224','6'),('001-000009',94,'05','02','CerealKellog','257','6'),('001-000009',95,'05','02','CerealNestle','196','6'),('001-000009',96,'04','01','SazonadorA43gr','179','6'),('001-000009',97,'02','02','GulaNorte','474','10'),('001-000009',98,'01','02','PaPaCeNavid','263','15.5'),('001-000009',99,'04','01','AMoliFras55gr','215','6'),('001-000009',100,'12','04','Mecano','132','1');

INSERT INTO `en_p4t_factura_compra_det` (`FacComCabCod`,`FacComDetCod`,`ClaProCod`,`SubClaProCod`,`ProCod`,`FacComDetCan`,`FacComDetValUni`) VALUES ('001-000010',1,'02','02','PaliSuri300Gr','163','10'),('001-000010',2,'04','03','TomFitofra500gr','224','6'),('001-000010',3,'08','02','MermeFan500','448','6'),('001-000010',4,'02','03','PimeAhuma100Gr','282','8'),('001-000010',5,'04','02','BrocoPieza500gr','440','6'),('001-000010',6,'04','02','BrocoPieza500gr','440','6'),('001-000010',7,'04','03','EnsaTomaMal1kg','181','6'),('001-000010',8,'02','01','Bonito','293','10'),('001-000010',9,'02','03','PimeAhuma100Gr','282','8'),('001-000010',10,'04','03','TomFitofra500gr','224','6');
INSERT INTO `en_p4t_factura_compra_det` (`FacComCabCod`,`FacComDetCod`,`ClaProCod`,`SubClaProCod`,`ProCod`,`FacComDetCan`,`FacComDetValUni`) VALUES ('001-000010',11,'02','03','SalmAhuma200Gr','348','10'),('001-000010',12,'02','02','GulaNorte','474','10'),('001-000010',13,'05','02','CerealCoFlake','133','6'),('001-000010',14,'05','02','CerealCoFlake','133','6'),('001-000010',15,'01','03','PiernasPollo','315','7.5'),('001-000010',16,'03','01','Mandarinas1kg','413','5'),('001-000010',17,'04','03','EnsaTomaMal1kg','181','6'),('001-000010',18,'01','03','PechugaPollo','354','7.5'),('001-000010',19,'05','01','BarrCereInteg','224','6'),('001-000010',20,'03','01','Limones1kg','366','5');
INSERT INTO `en_p4t_factura_compra_det` (`FacComCabCod`,`FacComDetCod`,`ClaProCod`,`SubClaProCod`,`ProCod`,`FacComDetCan`,`FacComDetValUni`) VALUES ('001-000010',21,'05','03','MiCereCoFlake','274','6'),('001-000010',22,'12','04','Nikolo','102','0.7'),('001-000010',23,'01','01','CerdoRollos','444','11.5'),('001-000010',24,'04','01','AMorado1kg','337','6'),('001-000010',25,'01','03','PechugaPollo','354','7.5'),('001-000010',26,'04','03','EnsaTomaMal1kg','181','6'),('001-000010',27,'02','01','Bonito','293','10'),('001-000010',28,'03','02','PeBlanca1kg','370','6'),('001-000010',29,'04','03','TomFriCase500gr','336','6'),('001-000010',30,'05','03','MiCereNestLio','100','6');
INSERT INTO `en_p4t_factura_compra_det` (`FacComCabCod`,`FacComDetCod`,`ClaProCod`,`SubClaProCod`,`ProCod`,`FacComDetCan`,`FacComDetValUni`) VALUES ('001-000010',31,'04','03','TomFitofra500gr','224','6'),('001-000010',32,'04','03','EnsaTomaMal1kg','181','6'),('001-000010',33,'01','01','ChuletaCerdo','226','15.5'),('001-000010',34,'01','03','PiernasPollo','315','7.5'),('001-000010',35,'04','01','AMoliFras55gr','215','6'),('001-000010',36,'04','01','AMoliFras55gr','215','6'),('001-000010',37,'04','03','TomFitofra500gr','224','6'),('001-000010',38,'05','01','BarrCereNesqu','118','6'),('001-000010',39,'12','01','ChiclMenta','353','0.2'),('001-000010',40,'01','02','CarnePavo1kg','261','15.5');
INSERT INTO `en_p4t_factura_compra_det` (`FacComCabCod`,`FacComDetCod`,`ClaProCod`,`SubClaProCod`,`ProCod`,`FacComDetCan`,`FacComDetValUni`) VALUES ('001-000010',41,'12','01','ChiclMenta','353','0.2'),('001-000010',42,'02','02','KrisSuriFreRaya','412','10'),('001-000010',43,'02','02','GulaNorte','474','10'),('001-000010',44,'08','03','AconcPiña250','306','5.5'),('001-000010',45,'09','02','SFernan100','200','1.5'),('001-000010',46,'03','02','PeBlanca1kg','370','6'),('001-000010',47,'03','02','ManzaRo290gr','232','6'),('001-000010',48,'05','01','BarrCereChoco','495','6'),('001-000010',49,'08','03','AconcDura250','439','5.5'),('001-000010',50,'05','02','CerealCoFlake','133','6');
INSERT INTO `en_p4t_factura_compra_det` (`FacComCabCod`,`FacComDetCod`,`ClaProCod`,`SubClaProCod`,`ProCod`,`FacComDetCan`,`FacComDetValUni`) VALUES ('001-000010',51,'08','02','MermeGlo500','108','5.5'),('001-000010',52,'02','03','SalmAhuma200Gr','348','10'),('001-000010',53,'05','01','BarrCereInteg','224','6'),('001-000010',54,'12','01','TrideMenta','159','0.2'),('001-000010',55,'08','03','AconcDura250','439','5.5'),('001-000010',56,'05','03','MiCereNestLio','100','6'),('001-000010',57,'01','01','CerdoRollos','444','11.5'),('001-000010',58,'02','01','Corvina','301','8'),('001-000010',59,'02','03','TrucAhuma200Gr','449','10'),('001-000010',60,'03','02','ManzaRo290gr','232','6');
INSERT INTO `en_p4t_factura_compra_det` (`FacComCabCod`,`FacComDetCod`,`ClaProCod`,`SubClaProCod`,`ProCod`,`FacComDetCan`,`FacComDetValUni`) VALUES ('001-000010',61,'04','02','BrocoPieza500gr','440','6'),('001-000010',62,'01','01','ChuletaCerdo','226','15.5'),('001-000010',63,'03','02','ManzaRo290gr','232','6'),('001-000010',64,'08','03','AconcPiña250','306','5.5'),('001-000010',65,'03','01','NaraZumoMalla','157','5'),('001-000010',66,'03','02','ManzaRo290gr','232','6'),('001-000010',67,'05','01','BarrCereInteg','224','6'),('001-000010',68,'01','02','CarnePavo1/2kg','441','7.5'),('001-000010',69,'02','01','Corvina','301','8'),('001-000010',70,'08','03','AconcPiña250','306','5.5');
INSERT INTO `en_p4t_factura_compra_det` (`FacComCabCod`,`FacComDetCod`,`ClaProCod`,`SubClaProCod`,`ProCod`,`FacComDetCan`,`FacComDetValUni`) VALUES ('001-000010',71,'02','01','Furel','129','10'),('001-000010',72,'05','02','CerealCoFlake','133','6'),('001-000010',73,'09','02','SFernan100','200','1.5'),('001-000010',74,'04','01','AMorado1kg','337','6'),('001-000010',75,'03','02','ManzaGold240gr','242','6'),('001-000010',76,'09','02','SFernan100','200','1.5'),('001-000010',77,'12','01','TrideMenta','159','0.2'),('001-000010',78,'02','03','TrucAhuma200Gr','449','10'),('001-000010',79,'12','04','Mecano','132','1'),('001-000010',80,'01','02','PaPaCeNavid','263','15.5');
INSERT INTO `en_p4t_factura_compra_det` (`FacComCabCod`,`FacComDetCod`,`ClaProCod`,`SubClaProCod`,`ProCod`,`FacComDetCan`,`FacComDetValUni`) VALUES ('001-000010',81,'04','02','BrocoPieza500gr','440','6'),('001-000010',82,'01','01','CerdoRollos','444','11.5'),('001-000010',83,'02','02','KrisSuriFreRaya','412','10'),('001-000010',84,'05','03','MiCereCoFlake','274','6'),('001-000010',85,'05','03','MiCereNestLio','100','6'),('001-000010',86,'02','02','PaliSuri300Gr','163','10'),('001-000010',87,'12','01','ChiclMenta','353','0.2'),('001-000010',88,'02','02','PaliSuri300Gr','163','10'),('001-000010',89,'01','02','CarnePavo1/2kg','441','7.5'),('001-000010',90,'12','01','ChiclMenta','353','0.2');
INSERT INTO `en_p4t_factura_compra_det` (`FacComCabCod`,`FacComDetCod`,`ClaProCod`,`SubClaProCod`,`ProCod`,`FacComDetCan`,`FacComDetValUni`) VALUES ('001-000010',91,'04','01','AMoliFras55gr','215','6'),('001-000010',92,'08','02','MermeFan500','448','6'),('001-000010',93,'04','03','TomFitofra500gr','224','6'),('001-000010',94,'03','02','ManzaGold240gr','242','6'),('001-000010',95,'01','03','AlasPollo','172','6.5'),('001-000010',96,'04','02','ColiflBolsa1kg','470','6'),('001-000010',97,'01','03','PechugaPollo','354','7.5'),('001-000010',98,'02','02','GulaNorte','474','10'),('001-000010',99,'03','01','Mandarinas1kg','413','5'),('001-000010',100,'08','03','AconcPiña250','306','5.5');

COMMIT;



-- -----------------------------------------------------
-- Data for table `episerp`.`en_p1c_devolucion_ventas`
-- -----------------------------------------------------
START TRANSACTION;
USE `episerp`;
INSERT INTO `episerp`.`en_p1c_devolucion_ventas` (`FacVenCabCod`, `DevVenNewFac`, `DevVenDet`, `DevVenFec`, `TipDevCod`, `DevVenMon`) VALUES ('001-000001','001-000021','FiePat','2016-10-09','2','39500.38');
INSERT INTO `episerp`.`en_p1c_devolucion_ventas` (`FacVenCabCod`, `DevVenNewFac`, `DevVenDet`, `DevVenFec`, `TipDevCod`, `DevVenMon`) VALUES ('001-000002','001-000022','Nav','2016-10-09','4','40375.63');
INSERT INTO `episerp`.`en_p1c_devolucion_ventas` (`FacVenCabCod`, `DevVenNewFac`, `DevVenDet`, `DevVenFec`, `TipDevCod`, `DevVenMon`) VALUES ('001-000003','001-000023','CampEsc','2016-10-09','2','34271.64');
INSERT INTO `episerp`.`en_p1c_devolucion_ventas` (`FacVenCabCod`, `DevVenNewFac`, `DevVenDet`, `DevVenFec`, `TipDevCod`, `DevVenMon`) VALUES ('001-000004','001-000024','FiePat','2016-10-09','7','42412.91');
INSERT INTO `episerp`.`en_p1c_devolucion_ventas` (`FacVenCabCod`, `DevVenNewFac`, `DevVenDet`, `DevVenFec`, `TipDevCod`, `DevVenMon`) VALUES ('001-000005','001-000025','Nav','2016-10-09','4','45269.39');
INSERT INTO `episerp`.`en_p1c_devolucion_ventas` (`FacVenCabCod`, `DevVenNewFac`, `DevVenDet`, `DevVenFec`, `TipDevCod`, `DevVenMon`) VALUES ('001-000006','001-000026','Cuar','2016-10-09','7','46019.44');
INSERT INTO `episerp`.`en_p1c_devolucion_ventas` (`FacVenCabCod`, `DevVenNewFac`, `DevVenDet`, `DevVenFec`, `TipDevCod`, `DevVenMon`) VALUES ('001-000007','001-000027','Cuar','2016-10-09','1','44679.26');
INSERT INTO `episerp`.`en_p1c_devolucion_ventas` (`FacVenCabCod`, `DevVenNewFac`, `DevVenDet`, `DevVenFec`, `TipDevCod`, `DevVenMon`) VALUES ('001-000008','001-000028','DiaEst','2016-10-09','4','49996.78');
INSERT INTO `episerp`.`en_p1c_devolucion_ventas` (`FacVenCabCod`, `DevVenNewFac`, `DevVenDet`, `DevVenFec`, `TipDevCod`, `DevVenMon`) VALUES ('001-000009','001-000029','DiaMad','2016-10-09','4','42349.36');
INSERT INTO `episerp`.`en_p1c_devolucion_ventas` (`FacVenCabCod`, `DevVenNewFac`, `DevVenDet`, `DevVenFec`, `TipDevCod`, `DevVenMon`) VALUES ('001-000010','001-000030','DiaPat','2016-10-09','8','40843.42');
INSERT INTO `episerp`.`en_p1c_devolucion_ventas` (`FacVenCabCod`, `DevVenNewFac`, `DevVenDet`, `DevVenFec`, `TipDevCod`, `DevVenMon`) VALUES ('001-000011','001-000031','ArbVid','2016-10-09','7','37138.47');
INSERT INTO `episerp`.`en_p1c_devolucion_ventas` (`FacVenCabCod`, `DevVenNewFac`, `DevVenDet`, `DevVenFec`, `TipDevCod`, `DevVenMon`) VALUES ('001-000012','001-000032','CampEsc','2016-10-09','7','34258.91');
INSERT INTO `episerp`.`en_p1c_devolucion_ventas` (`FacVenCabCod`, `DevVenNewFac`, `DevVenDet`, `DevVenFec`, `TipDevCod`, `DevVenMon`) VALUES ('001-000013','001-000033','Nav','2016-10-09','2','48040.06');
INSERT INTO `episerp`.`en_p1c_devolucion_ventas` (`FacVenCabCod`, `DevVenNewFac`, `DevVenDet`, `DevVenFec`, `TipDevCod`, `DevVenMon`) VALUES ('001-000014','001-000034','Cuar','2016-10-09','8','41020.73');
INSERT INTO `episerp`.`en_p1c_devolucion_ventas` (`FacVenCabCod`, `DevVenNewFac`, `DevVenDet`, `DevVenFec`, `TipDevCod`, `DevVenMon`) VALUES ('001-000015','001-000035','Cuar','2016-10-09','1','45401.83');
INSERT INTO `episerp`.`en_p1c_devolucion_ventas` (`FacVenCabCod`, `DevVenNewFac`, `DevVenDet`, `DevVenFec`, `TipDevCod`, `DevVenMon`) VALUES ('001-000016','001-000036','DiaEst','2016-10-09','5','37291.86');
INSERT INTO `episerp`.`en_p1c_devolucion_ventas` (`FacVenCabCod`, `DevVenNewFac`, `DevVenDet`, `DevVenFec`, `TipDevCod`, `DevVenMon`) VALUES ('001-000017','001-000037','DiaPat','2016-10-09','4','39952.46');
INSERT INTO `episerp`.`en_p1c_devolucion_ventas` (`FacVenCabCod`, `DevVenNewFac`, `DevVenDet`, `DevVenFec`, `TipDevCod`, `DevVenMon`) VALUES ('001-000018','001-000038','Cuar','2016-10-09','3','38830.29');
INSERT INTO `episerp`.`en_p1c_devolucion_ventas` (`FacVenCabCod`, `DevVenNewFac`, `DevVenDet`, `DevVenFec`, `TipDevCod`, `DevVenMon`) VALUES ('001-000019','001-000039','Cuar','2016-10-09','1','45910.79');
INSERT INTO `episerp`.`en_p1c_devolucion_ventas` (`FacVenCabCod`, `DevVenNewFac`, `DevVenDet`, `DevVenFec`, `TipDevCod`, `DevVenMon`) VALUES ('001-000020','001-000040','Cuar','2016-10-09','6','43919.69');

COMMIT;


/* CLEAR TRIGGERS */



/* DROP TRIGGER TRIG_PREVENTA */

DROP TRIGGER IF EXISTS `TRIG_PREVENTA`;

/* DROP TRIGGER TRIG_FACTURA_VENTA */

DROP TRIGGER IF EXISTS `TRIG_FACTURA_VENTA`;

/* DROP TRIGGER TRIG_FACTURA_COMPRA*/

DROP TRIGGER IF EXISTS `TRIG_FACTURA_COMPRA`;