-- -----------------------------------------------------
-- Data for table `episerp`.`en_p1m_sucursal`
-- -----------------------------------------------------
START TRANSACTION;
USE `episerp`;
INSERT INTO `en_p1m_sucursal` (`SucCod`, `SucDes`, `SucDir`, `EstRegCod`) VALUES ('00101', 'Cercado Arequipa Sucursal ', 'Calle Portal de Flores 102 - Cercado', 'A');
INSERT INTO `en_p1m_sucursal` (`SucCod`, `SucDes`, `SucDir`, `EstRegCod`) VALUES ('00102', 'Cerro Colorado Arequipa Sucursal ', 'Ciudad Municipal Call. Los Arces 52 – Cerro Colorado', 'A');
INSERT INTO `en_p1m_sucursal` (`SucCod`, `SucDes`, `SucDir`, `EstRegCod`) VALUES ('00103', 'Cayma Arequipa Sucursal ', 'Calle La Unión Comité 25 - Cayma', 'A');
INSERT INTO `en_p1m_sucursal` (`SucCod`, `SucDes`, `SucDir`, `EstRegCod`) VALUES ('00104', ' Yanahuara Arequipa Sucursal ', 'Av. Bolognesi Nº 142 - Yanahuara', 'A');
INSERT INTO `en_p1m_sucursal` (`SucCod`, `SucDes`, `SucDir`, `EstRegCod`) VALUES ('00105', ' Hunter Arequipa Sucursal ', 'Calle los Arces Psje. 23 Lt 32', 'A');
INSERT INTO `en_p1m_sucursal` (`SucCod`, `SucDes`, `SucDir`, `EstRegCod`) VALUES ('00106', 'La Joya Sucursal ', 'El Cruce, Psje Ordoñez Lt 34', 'A');
INSERT INTO `en_p1m_sucursal` (`SucCod`, `SucDes`, `SucDir`, `EstRegCod`) VALUES ('00107', 'Pedregal Majes Sucursal ', 'Av Arequipa Mz J Lt 34', 'A');
INSERT INTO `en_p1m_sucursal` (`SucCod`, `SucDes`, `SucDir`, `EstRegCod`) VALUES ('00108', 'La Punta Camana  Sucursal ', 'La Punta Mz H2 Lt 12', 'A');
INSERT INTO `en_p1m_sucursal` (`SucCod`, `SucDes`, `SucDir`, `EstRegCod`) VALUES ('00109', 'Miraflores Lima Sucursal ', 'Urb Los Guindos Mz D Lt 15', 'A');
INSERT INTO `en_p1m_sucursal` (`SucCod`, `SucDes`, `SucDir`, `EstRegCod`) VALUES ('00110', 'Los Olivos Lima Sucursal ', 'Calle La Merced 413 Of 34 ', 'A');

COMMIT;


-- -----------------------------------------------------
-- Data for table `episerp`.`en_p1m_punto_venta`
-- -----------------------------------------------------
START TRANSACTION;
USE `episerp`;
INSERT INTO `en_p1m_punto_venta` (`PunVenCod`, `SucCod`, `PunVenDes`, `EstRegCod`) VALUES ('1', '00101', 'Punto de Venta Calle Mercaderes', 'A');
INSERT INTO `en_p1m_punto_venta` (`PunVenCod`, `SucCod`, `PunVenDes`, `EstRegCod`) VALUES ('2', '00102', 'VILLEGAS ASOCIADOS', 'A');
INSERT INTO `en_p1m_punto_venta` (`PunVenCod`, `SucCod`, `PunVenDes`, `EstRegCod`) VALUES ('3', '00108', 'ZETTA COMUNICADORES LIMITADA', 'A');
INSERT INTO `en_p1m_punto_venta` (`PunVenCod`, `SucCod`, `PunVenDes`, `EstRegCod`) VALUES ('4', '00105', 'CARTOPEL', 'A');
INSERT INTO `en_p1m_punto_venta` (`PunVenCod`, `SucCod`, `PunVenDes`, `EstRegCod`) VALUES ('5', '00101', 'YASAKI METREX', 'A');
INSERT INTO `en_p1m_punto_venta` (`PunVenCod`, `SucCod`, `PunVenDes`, `EstRegCod`) VALUES ('6', '00110', 'FEPCO ZONA FRANCA', 'A');
INSERT INTO `en_p1m_punto_venta` (`PunVenCod`, `SucCod`, `PunVenDes`, `EstRegCod`) VALUES ('7', '00105', 'RAPISCOL', 'A');
INSERT INTO `en_p1m_punto_venta` (`PunVenCod`, `SucCod`, `PunVenDes`, `EstRegCod`) VALUES ('8', '00109', 'TEXTILES WAMSUTTA LTDA.', 'A');
INSERT INTO `en_p1m_punto_venta` (`PunVenCod`, `SucCod`, `PunVenDes`, `EstRegCod`) VALUES ('9', '00109', 'DISTRIBUIDORA DE CONFECCIONES Y TEXTILES DISCONYTEX LTDA', 'A');
INSERT INTO `en_p1m_punto_venta` (`PunVenCod`, `SucCod`, `PunVenDes`, `EstRegCod`) VALUES ('10', '00103', 'SERRANO GOMEZ PRETECOR LTDA.', 'A');
INSERT INTO `en_p1m_punto_venta` (`PunVenCod`, `SucCod`, `PunVenDes`, `EstRegCod`) VALUES ('11', '00105', 'PREMOLDA LTDA', 'A');
INSERT INTO `en_p1m_punto_venta` (`PunVenCod`, `SucCod`, `PunVenDes`, `EstRegCod`) VALUES ('12', '00106', 'PRODUCTOS ESPECIALES DE CONCRETO', 'A');
INSERT INTO `en_p1m_punto_venta` (`PunVenCod`, `SucCod`, `PunVenDes`, `EstRegCod`) VALUES ('13', '00106', 'TRIMCO', 'A');
INSERT INTO `en_p1m_punto_venta` (`PunVenCod`, `SucCod`, `PunVenDes`, `EstRegCod`) VALUES ('14', '00102', 'DITE', 'A');
INSERT INTO `en_p1m_punto_venta` (`PunVenCod`, `SucCod`, `PunVenDes`, `EstRegCod`) VALUES ('15', '00108', 'GRUPO INDUCILEMAN LTDA.', 'A');
INSERT INTO `en_p1m_punto_venta` (`PunVenCod`, `SucCod`, `PunVenDes`, `EstRegCod`) VALUES ('16', '00102', 'COMPAÑIA METALICA ASOCIADA C M A LTDA', 'A');
INSERT INTO `en_p1m_punto_venta` (`PunVenCod`, `SucCod`, `PunVenDes`, `EstRegCod`) VALUES ('17', '00102', 'CONSTRUCTORA SANTA ANA', 'A');
INSERT INTO `en_p1m_punto_venta` (`PunVenCod`, `SucCod`, `PunVenDes`, `EstRegCod`) VALUES ('18', '00106', 'PRODUCTORA ANDINA DE DULCES', 'A');
INSERT INTO `en_p1m_punto_venta` (`PunVenCod`, `SucCod`, `PunVenDes`, `EstRegCod`) VALUES ('19', '00103', 'TELESENTINEL LTDA.', 'A');
INSERT INTO `en_p1m_punto_venta` (`PunVenCod`, `SucCod`, `PunVenDes`, `EstRegCod`) VALUES ('20', '00108', 'IMPULSO Y MERCADEO', 'A');
INSERT INTO `en_p1m_punto_venta` (`PunVenCod`, `SucCod`, `PunVenDes`, `EstRegCod`) VALUES ('21', '00107', 'SOMOS SOLUCIONES LABORALES', 'A');
INSERT INTO `en_p1m_punto_venta` (`PunVenCod`, `SucCod`, `PunVenDes`, `EstRegCod`) VALUES ('22', '00102', 'KORN/FERRY INTERNATIONAL COLOMBIA', 'A');
INSERT INTO `en_p1m_punto_venta` (`PunVenCod`, `SucCod`, `PunVenDes`, `EstRegCod`) VALUES ('23', '00105', 'SOCIEDAD DE COMERCIALIZACION INTERNACIONAL CICOLTA', 'A');
INSERT INTO `en_p1m_punto_venta` (`PunVenCod`, `SucCod`, `PunVenDes`, `EstRegCod`) VALUES ('24', '00103', 'ANCLA LIMITADA', 'A');
INSERT INTO `en_p1m_punto_venta` (`PunVenCod`, `SucCod`, `PunVenDes`, `EstRegCod`) VALUES ('25', '00104', 'CONSULTORES UNIDOS', 'A');
INSERT INTO `en_p1m_punto_venta` (`PunVenCod`, `SucCod`, `PunVenDes`, `EstRegCod`) VALUES ('26', '00103', 'TECNICONTROL', 'A');
INSERT INTO `en_p1m_punto_venta` (`PunVenCod`, `SucCod`, `PunVenDes`, `EstRegCod`) VALUES ('27', '00103', 'GARCIA WERNHER Y CIA S EN C.', 'A');
INSERT INTO `en_p1m_punto_venta` (`PunVenCod`, `SucCod`, `PunVenDes`, `EstRegCod`) VALUES ('28', '00102', 'VENTAS Y SERVICIOS', 'A');
INSERT INTO `en_p1m_punto_venta` (`PunVenCod`, `SucCod`, `PunVenDes`, `EstRegCod`) VALUES ('29', '00107', 'LISTOS', 'A');
INSERT INTO `en_p1m_punto_venta` (`PunVenCod`, `SucCod`, `PunVenDes`, `EstRegCod`) VALUES ('30', '00109', 'LABORALES MEDELLIN', 'A');
INSERT INTO `en_p1m_punto_venta` (`PunVenCod`, `SucCod`, `PunVenDes`, `EstRegCod`) VALUES ('31', '00106', 'COMPAÑIA MANUFACTURERA ONIX', 'A');
INSERT INTO `en_p1m_punto_venta` (`PunVenCod`, `SucCod`, `PunVenDes`, `EstRegCod`) VALUES ('32', '00108', 'INDUSTRIA DE MUEBLES DEL VALLE LTDA INVAL', 'A');
INSERT INTO `en_p1m_punto_venta` (`PunVenCod`, `SucCod`, `PunVenDes`, `EstRegCod`) VALUES ('33', '00107', 'INDUSTRIAS ZABRA', 'A');
INSERT INTO `en_p1m_punto_venta` (`PunVenCod`, `SucCod`, `PunVenDes`, `EstRegCod`) VALUES ('34', '00102', 'ALUMINIO DEL PACIFICO', 'A');
INSERT INTO `en_p1m_punto_venta` (`PunVenCod`, `SucCod`, `PunVenDes`, `EstRegCod`) VALUES ('35', '00109', 'AGROPECUARIA BERGINIE', 'A');
INSERT INTO `en_p1m_punto_venta` (`PunVenCod`, `SucCod`, `PunVenDes`, `EstRegCod`) VALUES ('36', '00110', 'COMERCIALIZADORA INTERNACIONAL MOBILER', 'A');
INSERT INTO `en_p1m_punto_venta` (`PunVenCod`, `SucCod`, `PunVenDes`, `EstRegCod`) VALUES ('37', '00103', 'COMPAÑIA ATUNERA DEL PACIFICO', 'A');
INSERT INTO `en_p1m_punto_venta` (`PunVenCod`, `SucCod`, `PunVenDes`, `EstRegCod`) VALUES ('38', '00108', 'SOCIEDAD AGROMARINA TUMACO LTDA', 'A');
INSERT INTO `en_p1m_punto_venta` (`PunVenCod`, `SucCod`, `PunVenDes`, `EstRegCod`) VALUES ('39', '00110', 'ESPUMAS SANTANDER LTDA', 'A');
INSERT INTO `en_p1m_punto_venta` (`PunVenCod`, `SucCod`, `PunVenDes`, `EstRegCod`) VALUES ('40', '00106', 'INDUSTRIAS ALBERT LTDA', 'A');
INSERT INTO `en_p1m_punto_venta` (`PunVenCod`, `SucCod`, `PunVenDes`, `EstRegCod`) VALUES ('41', '00105', 'INDUSTRIAL DE POLIETILENO LTDA', 'A');
INSERT INTO `en_p1m_punto_venta` (`PunVenCod`, `SucCod`, `PunVenDes`, `EstRegCod`) VALUES ('42', '00104', 'NOVAMED', 'A');
INSERT INTO `en_p1m_punto_venta` (`PunVenCod`, `SucCod`, `PunVenDes`, `EstRegCod`) VALUES ('43', '00102', 'COMERCIALIZADORA INTERNACIONAL DE COLORANTES', 'A');
INSERT INTO `en_p1m_punto_venta` (`PunVenCod`, `SucCod`, `PunVenDes`, `EstRegCod`) VALUES ('44', '00103', 'SIMONIZ', 'A');
INSERT INTO `en_p1m_punto_venta` (`PunVenCod`, `SucCod`, `PunVenDes`, `EstRegCod`) VALUES ('45', '00104', 'VICAR DE COLOMBIA', 'A');
INSERT INTO `en_p1m_punto_venta` (`PunVenCod`, `SucCod`, `PunVenDes`, `EstRegCod`) VALUES ('46', '00104', 'FIAMME', 'A');
INSERT INTO `en_p1m_punto_venta` (`PunVenCod`, `SucCod`, `PunVenDes`, `EstRegCod`) VALUES ('47', '00105', 'PROMOTORA DE PUBLICIDAD RADIAL', 'A');
INSERT INTO `en_p1m_punto_venta` (`PunVenCod`, `SucCod`, `PunVenDes`, `EstRegCod`) VALUES ('48', '00102', 'MARITIMA PROVIDENCIA LTDA', 'A');
INSERT INTO `en_p1m_punto_venta` (`PunVenCod`, `SucCod`, `PunVenDes`, `EstRegCod`) VALUES ('49', '00102', 'COCO COMPAÑIA DE CONSTRUCCIONES LTDA', 'A');
INSERT INTO `en_p1m_punto_venta` (`PunVenCod`, `SucCod`, `PunVenDes`, `EstRegCod`) VALUES ('50', '00104', 'INDUSTRIAL DE MEZCLAS ASFALTICA LTDA', 'A');
INSERT INTO `en_p1m_punto_venta` (`PunVenCod`, `SucCod`, `PunVenDes`, `EstRegCod`) VALUES ('51', '00109', 'INGENIEROS CONTRATISTAS CONSTRUCTORES', 'A');
INSERT INTO `en_p1m_punto_venta` (`PunVenCod`, `SucCod`, `PunVenDes`, `EstRegCod`) VALUES ('52', '001', 'Punto de Venta Principal', 'A');

COMMIT;


-- -----------------------------------------------------
-- Data for table `episerp`.`en_p1m_usuario`
-- -----------------------------------------------------
START TRANSACTION;
USE `episerp`;
INSERT INTO `episerp`.`en_p1m_usuario` (`UsuCod`, `UsuNom`, `UsuApePat`, `UsuApeMat`, `UsuLog`, `UsuPas`, `TipUsuCod`, `SucCod`, `UsuFecNac`, `EstCivCod`, `UsuSex`, `EstRegCod`) VALUES ('2', 'Christian', 'Incalla', 'Nina', 'vendedor', 'e8827f3c0bcc90509b7d6841d446b163a671cac807a5f1bf41218667546ce80b', 2, 1, '1990-11-20', 1, 'M', 'A');
INSERT INTO `episerp`.`en_p1m_usuario` (`UsuCod`, `UsuNom`, `UsuApePat`, `UsuApeMat`, `UsuLog`, `UsuPas`, `TipUsuCod`, `SucCod`, `UsuFecNac`, `EstCivCod`, `UsuSex`, `EstRegCod`) VALUES ('3', 'Kevin', 'Fernández', 'Nieto', 'comprador', '17f77242a319cd8bf5fac8fd615115a09af269b8d7ec43e84e1ba7005b5c5383', 3, 1,  '1992-05-24', 1, 'M', 'A');
INSERT INTO `episerp`.`en_p1m_usuario` (`UsuCod`, `UsuNom`, `UsuApePat`, `UsuApeMat`, `UsuLog`, `UsuPas`, `TipUsuCod`, `SucCod`, `UsuFecNac`, `EstCivCod`, `UsuSex`, `EstRegCod`) VALUES ('4', 'Gladys', 'Calle', 'Condori', 'contador', '145e0447253dba54dce5e527e28bcc0f7c160332bfcb7cf5cf4f5b4692aebead', 4, 1, '1995-01-11', 1, 'F', 'A');

INSERT INTO `episerp`.`en_p1m_usuario` (`UsuCod`, `UsuNom`, `UsuApePat`, `UsuApeMat`, `UsuLog`, `UsuPas`, `TipUsuCod`, `SucCod`, `UsuFecNac`, `EstCivCod`, `UsuSex`, `EstRegCod`) VALUES ('5', 'Mohamed', 'Carbajal', 'Mota', 'Mohamed', '71fd1eba032bb0ba51d4dcd6be1e9799ef98da9e06eb75e98d0dd78331233a25', 2, 101, '1995-01-20', 1, 'M', 'A');
INSERT INTO `episerp`.`en_p1m_usuario` (`UsuCod`, `UsuNom`, `UsuApePat`, `UsuApeMat`, `UsuLog`, `UsuPas`, `TipUsuCod`, `SucCod`, `UsuFecNac`, `EstCivCod`, `UsuSex`, `EstRegCod`) VALUES ('6', 'Urtzi', 'Horruitiner', 'Perez', 'Urtzi', 'df8dda963d44a0da33fd4401d1b26e8fa9d5d72ad7145818d437c08a911516c2', 3, 101,  '1995-06-24', 1, 'M', 'A');
INSERT INTO `episerp`.`en_p1m_usuario` (`UsuCod`, `UsuNom`, `UsuApePat`, `UsuApeMat`, `UsuLog`, `UsuPas`, `TipUsuCod`, `SucCod`, `UsuFecNac`, `EstCivCod`, `UsuSex`, `EstRegCod`) VALUES ('7', 'Yeray', 'Martinez', 'Posada', 'Yeray', '1c0bd4810282f9de2aa9855a814ee6f76ad3cc4db09079e93f77c2e9bbe2581c', 4, 101, '1995-01-11', 1, 'F', 'A');

INSERT INTO `episerp`.`en_p1m_usuario` (`UsuCod`, `UsuNom`, `UsuApePat`, `UsuApeMat`, `UsuLog`, `UsuPas`, `TipUsuCod`, `SucCod`, `UsuFecNac`, `EstCivCod`, `UsuSex`, `EstRegCod`) VALUES ('8', 'Roger', 'Benavidez', 'Flores', 'Roger', '893b1f8fc0fcc0587bb2f02fa8df1ca3039b9c8deae23935b6b3243e97e857a0', 2, 102, '1995-01-20', 1, 'M', 'A');
INSERT INTO `episerp`.`en_p1m_usuario` (`UsuCod`, `UsuNom`, `UsuApePat`, `UsuApeMat`, `UsuLog`, `UsuPas`, `TipUsuCod`, `SucCod`, `UsuFecNac`, `EstCivCod`, `UsuSex`, `EstRegCod`) VALUES ('9', 'Lourent', 'Sol', 'Quispe', 'Lourent', '7bebb31ed4dfad622b99f853c935419d8433208d9a901f179820bee409f28818', 3, 102,  '1995-06-24', 1, 'M', 'A');
INSERT INTO `episerp`.`en_p1m_usuario` (`UsuCod`, `UsuNom`, `UsuApePat`, `UsuApeMat`, `UsuLog`, `UsuPas`, `TipUsuCod`, `SucCod`, `UsuFecNac`, `EstCivCod`, `UsuSex`, `EstRegCod`) VALUES ('10', 'Gabriel', 'Gonzalez', 'Quiroa', 'Gabriel', '0c030df5a4e7477d218012c0121ebce6d61bb8dc46e0a6c4f8e1cc8091b946a5', 4, 102, '1995-01-11', 1, 'M', 'A');

INSERT INTO `episerp`.`en_p1m_usuario` (`UsuCod`, `UsuNom`, `UsuApePat`, `UsuApeMat`, `UsuLog`, `UsuPas`, `TipUsuCod`, `SucCod`, `UsuFecNac`, `EstCivCod`, `UsuSex`, `EstRegCod`) VALUES ('11', 'Maria', 'Acevedo', 'Burgos', 'Maria', '9ff18ebe7449349f358e3af0b57cf7a032c1c6b2272cb2656ff85eb112232f16', 2, 103, '1995-01-20', 1, 'M', 'A');
INSERT INTO `episerp`.`en_p1m_usuario` (`UsuCod`, `UsuNom`, `UsuApePat`, `UsuApeMat`, `UsuLog`, `UsuPas`, `TipUsuCod`, `SucCod`, `UsuFecNac`, `EstCivCod`, `UsuSex`, `EstRegCod`) VALUES ('12', 'Margot', 'Villegas', 'Agurto', 'Margot', '69f67bd5929e6ddc06b38136029d22d27badafc7f631d892e935e9c6eb19d475', 3, 103,  '1995-06-24', 1, 'F', 'A');
INSERT INTO `episerp`.`en_p1m_usuario` (`UsuCod`, `UsuNom`, `UsuApePat`, `UsuApeMat`, `UsuLog`, `UsuPas`, `TipUsuCod`, `SucCod`, `UsuFecNac`, `EstCivCod`, `UsuSex`, `EstRegCod`) VALUES ('13', 'Aron', 'Rondoy', 'Ramirez', 'Aron', '10ca40162fba796a53892e5a762f08f083fbec419882582e303b793dc9d06201', 4, 103, '1995-01-11', 1, 'M', 'A');

INSERT INTO `episerp`.`en_p1m_usuario` (`UsuCod`, `UsuNom`, `UsuApePat`, `UsuApeMat`, `UsuLog`, `UsuPas`, `TipUsuCod`, `SucCod`, `UsuFecNac`, `EstCivCod`, `UsuSex`, `EstRegCod`) VALUES ('14', 'Ander', 'Espinoza', 'Peláez', 'Ander', '954913091983db96094fcad32f2264ce420964016d0527bec799adf8da7eb522', 2, 104, '1995-01-20', 1, 'M', 'A');
INSERT INTO `episerp`.`en_p1m_usuario` (`UsuCod`, `UsuNom`, `UsuApePat`, `UsuApeMat`, `UsuLog`, `UsuPas`, `TipUsuCod`, `SucCod`, `UsuFecNac`, `EstCivCod`, `UsuSex`, `EstRegCod`) VALUES ('15', 'Mario', 'Arana', 'Quispe', 'Mario', '61c8e16ad90d4e6da317180fa445e262e9313bbf21fd4d30b3b9b4425886b2f5', 3, 104,  '1995-06-24', 1, 'M', 'A');
INSERT INTO `episerp`.`en_p1m_usuario` (`UsuCod`, `UsuNom`, `UsuApePat`, `UsuApeMat`, `UsuLog`, `UsuPas`, `TipUsuCod`, `SucCod`, `UsuFecNac`, `EstCivCod`, `UsuSex`, `EstRegCod`) VALUES ('16', 'Oinatz', 'Fernandez', 'Quiroa', 'Oinatz', '8abeca4b5e4c95dca0d14da6c2839605ad80df725192b5aaf1d884a9413489bc', 4, 104, '1995-01-11', 1, 'M', 'A');

INSERT INTO `episerp`.`en_p1m_usuario` (`UsuCod`, `UsuNom`, `UsuApePat`, `UsuApeMat`, `UsuLog`, `UsuPas`, `TipUsuCod`, `SucCod`, `UsuFecNac`, `EstCivCod`, `UsuSex`, `EstRegCod`) VALUES ('17', 'Ugaitz', 'Ferro', 'Rico', 'Ugaitz', '6e189ff7297fd3ff4daf4e30c5c0931b923ea74ad05b8f0e5912f227bbabb4b0', 2, 105, '1995-01-20', 1, 'M', 'A');
INSERT INTO `episerp`.`en_p1m_usuario` (`UsuCod`, `UsuNom`, `UsuApePat`, `UsuApeMat`, `UsuLog`, `UsuPas`, `TipUsuCod`, `SucCod`, `UsuFecNac`, `EstCivCod`, `UsuSex`, `EstRegCod`) VALUES ('18', 'Marco', 'Salas', 'Mendez', 'Marco', '669017e1461557903e78eff1b6264313025627cf9fd2aa02236ddd221701523d', 3, 105,  '1995-06-24', 1, 'M', 'A');
INSERT INTO `episerp`.`en_p1m_usuario` (`UsuCod`, `UsuNom`, `UsuApePat`, `UsuApeMat`, `UsuLog`, `UsuPas`, `TipUsuCod`, `SucCod`, `UsuFecNac`, `EstCivCod`, `UsuSex`, `EstRegCod`) VALUES ('19', 'Adei', 'Flores', 'Jimenez', 'Adei', '2de4e1298e7b60b6e754dfce8b9b5a0b0c437671919b73bde09f0e2dfe8aac8d', 4, 105, '1995-01-11', 1, 'F', 'A');

INSERT INTO `episerp`.`en_p1m_usuario` (`UsuCod`, `UsuNom`, `UsuApePat`, `UsuApeMat`, `UsuLog`, `UsuPas`, `TipUsuCod`, `SucCod`, `UsuFecNac`, `EstCivCod`, `UsuSex`, `EstRegCod`) VALUES ('20', 'Endika', 'Astete', 'Gomez', 'Endika', '3414bff943ad3ae11270453dc807af4db06ab3795c86cec2bf5c5ebaf3517164', 2, 106, '1995-01-20', 1, 'F', 'A');
INSERT INTO `episerp`.`en_p1m_usuario` (`UsuCod`, `UsuNom`, `UsuApePat`, `UsuApeMat`, `UsuLog`, `UsuPas`, `TipUsuCod`, `SucCod`, `UsuFecNac`, `EstCivCod`, `UsuSex`, `EstRegCod`) VALUES ('21', 'Imanol', 'Gamio', 'Gracía', 'Imanol', '7b370061228e572a43efd59228203e70a2195e92110b00efdcc592ad3e347353', 3, 106,  '1995-06-24', 1, 'M', 'A');
INSERT INTO `episerp`.`en_p1m_usuario` (`UsuCod`, `UsuNom`, `UsuApePat`, `UsuApeMat`, `UsuLog`, `UsuPas`, `TipUsuCod`, `SucCod`, `UsuFecNac`, `EstCivCod`, `UsuSex`, `EstRegCod`) VALUES ('22', 'Adam', 'Lozano', 'Castro', 'Adam', '3f0c9b03e8e39b03773c7ea7621035cb6fc947cd41ca7c44056d7e7bbaebb3d4', 4, 106, '1995-01-11', 1, 'M', 'A');

INSERT INTO `episerp`.`en_p1m_usuario` (`UsuCod`, `UsuNom`, `UsuApePat`, `UsuApeMat`, `UsuLog`, `UsuPas`, `TipUsuCod`, `SucCod`, `UsuFecNac`, `EstCivCod`, `UsuSex`, `EstRegCod`) VALUES ('23', 'Ian', 'García', 'Uribe', 'Ian', '5dfaaebff3e8ec0b796b47c7c674652150d92a16837946220d7efea32b8a854d', 2, 107, '1995-01-20', 1, 'M', 'A');
INSERT INTO `episerp`.`en_p1m_usuario` (`UsuCod`, `UsuNom`, `UsuApePat`, `UsuApeMat`, `UsuLog`, `UsuPas`, `TipUsuCod`, `SucCod`, `UsuFecNac`, `EstCivCod`, `UsuSex`, `EstRegCod`) VALUES ('24', 'Inhar', 'Peralta', 'Florez', 'Inhar', '11383d5e3dbcef5aa997cc1e1b92d2ab5693abcfc264abe382e0a4c34d676eaf', 3, 107,  '1995-06-24', 1, 'M', 'A');
INSERT INTO `episerp`.`en_p1m_usuario` (`UsuCod`, `UsuNom`, `UsuApePat`, `UsuApeMat`, `UsuLog`, `UsuPas`, `TipUsuCod`, `SucCod`, `UsuFecNac`, `EstCivCod`, `UsuSex`, `EstRegCod`) VALUES ('25', 'Igor', 'Gutierrez', 'Gonzales', 'Igor', '773079ad807a9694223d69ea5c9a05b0e98a74044a0e5d72ad0fcfcd0b72f20b', 4, 107, '1995-01-11', 1, 'M', 'A');

INSERT INTO `episerp`.`en_p1m_usuario` (`UsuCod`, `UsuNom`, `UsuApePat`, `UsuApeMat`, `UsuLog`, `UsuPas`, `TipUsuCod`, `SucCod`, `UsuFecNac`, `EstCivCod`, `UsuSex`, `EstRegCod`) VALUES ('26', 'Guillermo', 'Gonzales', 'Marquez', 'Guillermo', '418e0211da76c3e1c2c10a01a39786cd56641a009129d76f9bb76aadbe1e6c43', 2, 108, '1995-01-20', 1, 'M', 'A');
INSERT INTO `episerp`.`en_p1m_usuario` (`UsuCod`, `UsuNom`, `UsuApePat`, `UsuApeMat`, `UsuLog`, `UsuPas`, `TipUsuCod`, `SucCod`, `UsuFecNac`, `EstCivCod`, `UsuSex`, `EstRegCod`) VALUES ('27', 'Aiert', 'Marlene', 'Molina', 'Aiert', 'd59331efc6229620d0fb55f93ef66e036428aa7b6352145b5504cf5a343c3047', 3, 108,  '1995-06-24', 1, 'F', 'A');
INSERT INTO `episerp`.`en_p1m_usuario` (`UsuCod`, `UsuNom`, `UsuApePat`, `UsuApeMat`, `UsuLog`, `UsuPas`, `TipUsuCod`, `SucCod`, `UsuFecNac`, `EstCivCod`, `UsuSex`, `EstRegCod`) VALUES ('28', 'Hegoi', 'Rodriguez', 'Victoria', 'Hegoi', '8106b02b1043b9056c9ef7f19cae213e27c51352f899ce517322c8bb095163d1', 4, 108, '1995-01-11', 1, 'M', 'A');

INSERT INTO `episerp`.`en_p1m_usuario` (`UsuCod`, `UsuNom`, `UsuApePat`, `UsuApeMat`, `UsuLog`, `UsuPas`, `TipUsuCod`, `SucCod`, `UsuFecNac`, `EstCivCod`, `UsuSex`, `EstRegCod`) VALUES ('29', 'Javier', 'Medina', 'Rojas', 'Javier', '0e1e847b6d1dfa0382c082a9850febd05bebad869f61e8c39e12992f9b87c0ff', 2, 109, '1995-01-20', 1, 'M', 'A');
INSERT INTO `episerp`.`en_p1m_usuario` (`UsuCod`, `UsuNom`, `UsuApePat`, `UsuApeMat`, `UsuLog`, `UsuPas`, `TipUsuCod`, `SucCod`, `UsuFecNac`, `EstCivCod`, `UsuSex`, `EstRegCod`) VALUES ('30', 'Joel', 'Gutierrez', 'Serna', 'Joel', '0ec3a5c3a2226141d76557641569a5f01cefeb56a0be9dd2b5bd5ecc8b7194b7', 3, 109,  '1995-06-24', 1, 'M', 'A');
INSERT INTO `episerp`.`en_p1m_usuario` (`UsuCod`, `UsuNom`, `UsuApePat`, `UsuApeMat`, `UsuLog`, `UsuPas`, `TipUsuCod`, `SucCod`, `UsuFecNac`, `EstCivCod`, `UsuSex`, `EstRegCod`) VALUES ('31', 'Rayan', 'Velez', 'Zapata', 'Rayan', 'e2f5ab0d9cf0057b7a18086c9062892e4088ec6235b6a22a701f52e7dbd99df1', 4, 109, '1995-01-11', 1, 'M', 'A');

INSERT INTO `episerp`.`en_p1m_usuario` (`UsuCod`, `UsuNom`, `UsuApePat`, `UsuApeMat`, `UsuLog`, `UsuPas`, `TipUsuCod`, `SucCod`, `UsuFecNac`, `EstCivCod`, `UsuSex`, `EstRegCod`) VALUES ('32', 'Ekai', 'Guzman', 'Toro', 'Ekai', 'c7b63e9b27c4a1c2b2b773309c87c0b2139c9bb28a59833b580f5c0afb36f672', 2, 110, '1995-01-20', 1, 'M', 'A');
INSERT INTO `episerp`.`en_p1m_usuario` (`UsuCod`, `UsuNom`, `UsuApePat`, `UsuApeMat`, `UsuLog`, `UsuPas`, `TipUsuCod`, `SucCod`, `UsuFecNac`, `EstCivCod`, `UsuSex`, `EstRegCod`) VALUES ('33', 'Eki', 'Chinag', 'Henao', 'Eki', '8a46a31fd50df52e6167ec9573f2e2eb7817d276fcc9b8cd982e41eaa63afa67', 3, 110,  '1995-06-24', 1, 'F', 'A');
INSERT INTO `episerp`.`en_p1m_usuario` (`UsuCod`, `UsuNom`, `UsuApePat`, `UsuApeMat`, `UsuLog`, `UsuPas`, `TipUsuCod`, `SucCod`, `UsuFecNac`, `EstCivCod`, `UsuSex`, `EstRegCod`) VALUES ('34', 'Ignacio', 'Guzman', 'Vasquez', 'Ignacio', '64e975e8d7118a89d98852264b5f42ee4402b4b44e984a701720ad15ff1de8f4', 4, 110, '1995-01-11', 1, 'M', 'A');


COMMIT;


-- -----------------------------------------------------
-- Data for table `episerp`.`en_p1m_documento_usuario`
-- -----------------------------------------------------
START TRANSACTION;
USE `episerp`;
INSERT INTO `en_p1m_documento_usuario` (`UsuCod`, `TipDocUsuCod`, `DocUsuNum`, `EstRegCod`) VALUES ('2', 1, '72743604', 'A');
INSERT INTO `en_p1m_documento_usuario` (`UsuCod`, `TipDocUsuCod`, `DocUsuNum`, `EstRegCod`) VALUES ('3', 1, '76308492', 'A');
INSERT INTO `en_p1m_documento_usuario` (`UsuCod`, `TipDocUsuCod`, `DocUsuNum`, `EstRegCod`) VALUES ('4', 1, '70299350', 'A');

INSERT INTO `en_p1m_documento_usuario` (`UsuCod`, `TipDocUsuCod`, `DocUsuNum`, `EstRegCod`) VALUES ('5', 1, '09133603', 'A');
INSERT INTO `en_p1m_documento_usuario` (`UsuCod`, `TipDocUsuCod`, `DocUsuNum`, `EstRegCod`) VALUES ('6', 1, '09133603', 'A');
INSERT INTO `en_p1m_documento_usuario` (`UsuCod`, `TipDocUsuCod`, `DocUsuNum`, `EstRegCod`) VALUES ('7', 1, '09440802', 'A');

INSERT INTO `en_p1m_documento_usuario` (`UsuCod`, `TipDocUsuCod`, `DocUsuNum`, `EstRegCod`) VALUES ('8', 1, '07645842', 'A');
INSERT INTO `en_p1m_documento_usuario` (`UsuCod`, `TipDocUsuCod`, `DocUsuNum`, `EstRegCod`) VALUES ('9', 1, '08041434', 'A');
INSERT INTO `en_p1m_documento_usuario` (`UsuCod`, `TipDocUsuCod`, `DocUsuNum`, `EstRegCod`) VALUES ('10', 1, '08041434', 'A');

INSERT INTO `en_p1m_documento_usuario` (`UsuCod`, `TipDocUsuCod`, `DocUsuNum`, `EstRegCod`) VALUES ('11', 1, '16563254', 'A');
INSERT INTO `en_p1m_documento_usuario` (`UsuCod`, `TipDocUsuCod`, `DocUsuNum`, `EstRegCod`) VALUES ('12', 1, '16563254', 'A');
INSERT INTO `en_p1m_documento_usuario` (`UsuCod`, `TipDocUsuCod`, `DocUsuNum`, `EstRegCod`) VALUES ('13', 1, '08750640', 'A');

INSERT INTO `en_p1m_documento_usuario` (`UsuCod`, `TipDocUsuCod`, `DocUsuNum`, `EstRegCod`) VALUES ('14', 1, '06228803', 'A');
INSERT INTO `en_p1m_documento_usuario` (`UsuCod`, `TipDocUsuCod`, `DocUsuNum`, `EstRegCod`) VALUES ('15', 1, '06228803', 'A');
INSERT INTO `en_p1m_documento_usuario` (`UsuCod`, `TipDocUsuCod`, `DocUsuNum`, `EstRegCod`) VALUES ('16', 1, '07220467', 'A');

INSERT INTO `en_p1m_documento_usuario` (`UsuCod`, `TipDocUsuCod`, `DocUsuNum`, `EstRegCod`) VALUES ('17', 1, '08416243', 'A');
INSERT INTO `en_p1m_documento_usuario` (`UsuCod`, `TipDocUsuCod`, `DocUsuNum`, `EstRegCod`) VALUES ('18', 1, '08416243', 'A');
INSERT INTO `en_p1m_documento_usuario` (`UsuCod`, `TipDocUsuCod`, `DocUsuNum`, `EstRegCod`) VALUES ('19', 1, '07898939', 'A');

INSERT INTO `en_p1m_documento_usuario` (`UsuCod`, `TipDocUsuCod`, `DocUsuNum`, `EstRegCod`) VALUES ('20', 1, '07898939', 'A');
INSERT INTO `en_p1m_documento_usuario` (`UsuCod`, `TipDocUsuCod`, `DocUsuNum`, `EstRegCod`) VALUES ('21', 1, '07530677', 'A');
INSERT INTO `en_p1m_documento_usuario` (`UsuCod`, `TipDocUsuCod`, `DocUsuNum`, `EstRegCod`) VALUES ('22', 1, '06077366', 'A');

INSERT INTO `en_p1m_documento_usuario` (`UsuCod`, `TipDocUsuCod`, `DocUsuNum`, `EstRegCod`) VALUES ('23', 1, '06077366', 'A');
INSERT INTO `en_p1m_documento_usuario` (`UsuCod`, `TipDocUsuCod`, `DocUsuNum`, `EstRegCod`) VALUES ('24', 1, '18821017', 'A');
INSERT INTO `en_p1m_documento_usuario` (`UsuCod`, `TipDocUsuCod`, `DocUsuNum`, `EstRegCod`) VALUES ('25', 1, '06978793', 'A');

INSERT INTO `en_p1m_documento_usuario` (`UsuCod`, `TipDocUsuCod`, `DocUsuNum`, `EstRegCod`) VALUES ('26', 1, '18165640', 'A');
INSERT INTO `en_p1m_documento_usuario` (`UsuCod`, `TipDocUsuCod`, `DocUsuNum`, `EstRegCod`) VALUES ('27', 1, '09306044', 'A');
INSERT INTO `en_p1m_documento_usuario` (`UsuCod`, `TipDocUsuCod`, `DocUsuNum`, `EstRegCod`) VALUES ('28', 1, '27836254', 'A');

INSERT INTO `en_p1m_documento_usuario` (`UsuCod`, `TipDocUsuCod`, `DocUsuNum`, `EstRegCod`) VALUES ('29', 1, '00412636', 'A');
INSERT INTO `en_p1m_documento_usuario` (`UsuCod`, `TipDocUsuCod`, `DocUsuNum`, `EstRegCod`) VALUES ('30', 1, '09238948', 'A');
INSERT INTO `en_p1m_documento_usuario` (`UsuCod`, `TipDocUsuCod`, `DocUsuNum`, `EstRegCod`) VALUES ('31', 1, '09238948', 'A');

INSERT INTO `en_p1m_documento_usuario` (`UsuCod`, `TipDocUsuCod`, `DocUsuNum`, `EstRegCod`) VALUES ('32', 1, '09532012', 'A');
INSERT INTO `en_p1m_documento_usuario` (`UsuCod`, `TipDocUsuCod`, `DocUsuNum`, `EstRegCod`) VALUES ('33', 1, '09702038', 'A');
INSERT INTO `en_p1m_documento_usuario` (`UsuCod`, `TipDocUsuCod`, `DocUsuNum`, `EstRegCod`) VALUES ('34', 1, '25486147', 'A');

COMMIT;

-- -----------------------------------------------------
-- Data for table `episerp`.`ta_gzz_tipo_cliente`
-- -----------------------------------------------------
START TRANSACTION;
USE `episerp`;
INSERT INTO `episerp`.`ta_gzz_tipo_cliente` (`TipCliCod`, `TipCliDet`, `EstRegCod`) VALUES ('1', 'Persona Natural', 'A');
INSERT INTO `episerp`.`ta_gzz_tipo_cliente` (`TipCliCod`, `TipCliDet`, `EstRegCod`) VALUES ('2', 'Persona Jurídica', 'A');

COMMIT;

-- -----------------------------------------------------
-- Data for table `episerp`.`en_p1m_cliente`
-- -----------------------------------------------------
START TRANSACTION;
USE `episerp`;
INSERT INTO `en_p1m_cliente` (`CliCod`,`TipCliCod`,`CliRazSoc`,`CliNomCom`,`CliDomFis`,`CliNom`,`CliApePat`,`CliApeMat`,`CliSex`,`CliDir`,`EstCivCod`,`CliTelFij`,`CliTelCel`,`CliEmail`,`EstRegCod`) VALUES ('1',01,'',NULL,'Calle del Horno, 9','Manuel','Ramiro','Saavedra','M','Desconocido',01,'','962610568','Desconocido','A');
INSERT INTO `en_p1m_cliente` (`CliCod`,`TipCliCod`,`CliRazSoc`,`CliNomCom`,`CliDomFis`,`CliNom`,`CliApePat`,`CliApeMat`,`CliSex`,`CliDir`,`EstCivCod`,`CliTelFij`,`CliTelCel`,`CliEmail`,`EstRegCod`) VALUES ('2',01,'',NULL,'Pérez Galdós, 5','Diego','Ticona','Chavez','M','Desconocida',02,NULL,'990326927','Desconocido','A');
INSERT INTO `en_p1m_cliente` (`CliCod`,`TipCliCod`,`CliRazSoc`,`CliNomCom`,`CliDomFis`,`CliNom`,`CliApePat`,`CliApeMat`,`CliSex`,`CliDir`,`EstCivCod`,`CliTelFij`,`CliTelCel`,`CliEmail`,`EstRegCod`) VALUES ('3',01,'',NULL,'Azorín, 2','Geraldine','Choque','Pumaroles','F','Desconocida',03,'447 0057','9628-1145','Desconocido','A');
INSERT INTO `en_p1m_cliente` (`CliCod`,`TipCliCod`,`CliRazSoc`,`CliNomCom`,`CliDomFis`,`CliNom`,`CliApePat`,`CliApeMat`,`CliSex`,`CliDir`,`EstCivCod`,`CliTelFij`,`CliTelCel`,`CliEmail`,`EstRegCod`) VALUES ('4',01,'',NULL,'Princesa, 33','Alex','Flores','Neyra','M','Desconocida',01,'433-8715',' 9926-6412','Desconocido','A');
INSERT INTO `en_p1m_cliente` (`CliCod`,`TipCliCod`,`CliRazSoc`,`CliNomCom`,`CliDomFis`,`CliNom`,`CliApePat`,`CliApeMat`,`CliSex`,`CliDir`,`EstCivCod`,`CliTelFij`,`CliTelCel`,`CliEmail`,`EstRegCod`) VALUES ('5',01,'',NULL,'Paulino Caballero, 45','Juan','Quispe','Alvarado','M','Desconocida',01,'4711272','995654474','Desconocido','A');
INSERT INTO `en_p1m_cliente` (`CliCod`,`TipCliCod`,`CliRazSoc`,`CliNomCom`,`CliDomFis`,`CliNom`,`CliApePat`,`CliApeMat`,`CliSex`,`CliDir`,`EstCivCod`,`CliTelFij`,`CliTelCel`,`CliEmail`,`EstRegCod`) VALUES ('6',01,'',NULL,'Guevara, 26','Maria','Loza','Luna','F','Desconocida',02,NULL,'958956021','Desconocido','A');
INSERT INTO `en_p1m_cliente` (`CliCod`,`TipCliCod`,`CliRazSoc`,`CliNomCom`,`CliDomFis`,`CliNom`,`CliApePat`,`CliApeMat`,`CliSex`,`CliDir`,`EstCivCod`,`CliTelFij`,`CliTelCel`,`CliEmail`,`EstRegCod`) VALUES ('7',01,'',NULL,'	Avda. Francia, 6','Antonio','Barcarcel','Ruiz','M','Desconocida',01,NULL,'976369819','Desconocido','A');
INSERT INTO `en_p1m_cliente` (`CliCod`,`TipCliCod`,`CliRazSoc`,`CliNomCom`,`CliDomFis`,`CliNom`,`CliApePat`,`CliApeMat`,`CliSex`,`CliDir`,`EstCivCod`,`CliTelFij`,`CliTelCel`,`CliEmail`,`EstRegCod`) VALUES ('8',01,'',NULL,'Músico Ayllón, 39','Jose','Ortiz','Mendoza','M','Desconocida',02,NULL,'98235147','Desconocido','A');
INSERT INTO `en_p1m_cliente` (`CliCod`,`TipCliCod`,`CliRazSoc`,`CliNomCom`,`CliDomFis`,`CliNom`,`CliApePat`,`CliApeMat`,`CliSex`,`CliDir`,`EstCivCod`,`CliTelFij`,`CliTelCel`,`CliEmail`,`EstRegCod`) VALUES ('9',01,'',NULL,'	Cerrada, 11','Mario','Llanos','Valderrama','M','Desconocida',01,'368 0373','997573481','Desconocido','A');
INSERT INTO `en_p1m_cliente` (`CliCod`,`TipCliCod`,`CliRazSoc`,`CliNomCom`,`CliDomFis`,`CliNom`,`CliApePat`,`CliApeMat`,`CliSex`,`CliDir`,`EstCivCod`,`CliTelFij`,`CliTelCel`,`CliEmail`,`EstRegCod`) VALUES ('10',01,'',NULL,'Bruch, 131','Max','Zarate','Zegarra','M','Desconocida',02,NULL,'956280695','Desconocido','A');

INSERT INTO `en_p1m_cliente` (`CliCod`,`TipCliCod`,`CliRazSoc`,`CliNomCom`,`CliDomFis`,`CliNom`,`CliApePat`,`CliApeMat`,`CliSex`,`CliDir`,`EstCivCod`,`CliTelFij`,`CliTelCel`,`CliEmail`,`EstRegCod`) VALUES ('11',02,'LCTR SAC LOGICENTER','LOGICENTER','Edif. Don Mateo I Of. 303 Cayma (PERU/AREQUIPA/AREQUIPA/CAYMA)',NULL,NULL,NULL,'N','Desconocida',01,'054-484646','997573485','maria.vignes@logicenter.com.pe','A');
INSERT INTO `en_p1m_cliente` (`CliCod`,`TipCliCod`,`CliRazSoc`,`CliNomCom`,`CliDomFis`,`CliNom`,`CliApePat`,`CliApeMat`,`CliSex`,`CliDir`,`EstCivCod`,`CliTelFij`,`CliTelCel`,`CliEmail`,`EstRegCod`) VALUES ('12',02,'ALEXMAR MUSIC S.R.L','ALEXMAR','Av. porongoche 500 Tienda 2062 (PERU/AREQUIPA/AREQUIPA/AREQUIPA)',NULL,NULL,NULL,'N','Desconocida',01,'448 2458','958956029','aventuraplaza@alexmarmusic.com.pe','A');
INSERT INTO `en_p1m_cliente` (`CliCod`,`TipCliCod`,`CliRazSoc`,`CliNomCom`,`CliDomFis`,`CliNom`,`CliApePat`,`CliApeMat`,`CliSex`,`CliDir`,`EstCivCod`,`CliTelFij`,`CliTelCel`,`CliEmail`,`EstRegCod`) VALUES ('13',02,'GRUPO UPGRADE S.A.C','GRUPO UPGRADE','Urb. Magisterial II B-4',NULL,NULL,NULL,'N','Desconocida',01,'054 - 614738','959477586','yosimar.alata@upgrade.com.pe','A');
INSERT INTO `en_p1m_cliente` (`CliCod`,`TipCliCod`,`CliRazSoc`,`CliNomCom`,`CliDomFis`,`CliNom`,`CliApePat`,`CliApeMat`,`CliSex`,`CliDir`,`EstCivCod`,`CliTelFij`,`CliTelCel`,`CliEmail`,`EstRegCod`) VALUES ('14',02,'GENACK SRL','GENACK','Urb. Mariscal Caceres Mz. I Lt. 7 (PERU/AYACUCHO/HUAMANGA/AYACUCHO)',NULL,NULL,NULL,'N','Desconocida',01,'(054)628535','959504262','genack.team@gmail.com','A');
INSERT INTO `en_p1m_cliente` (`CliCod`,`TipCliCod`,`CliRazSoc`,`CliNomCom`,`CliDomFis`,`CliNom`,`CliApePat`,`CliApeMat`,`CliSex`,`CliDir`,`EstCivCod`,`CliTelFij`,`CliTelCel`,`CliEmail`,`EstRegCod`) VALUES ('15',02,'CLIC SERVICE','CLIC','Av. Salaverry 1910 Jesús María',NULL,NULL,NULL,'N','Desconocida',01,'310655','999747894','clicservice@yahoo.com','A');
INSERT INTO `en_p1m_cliente` (`CliCod`,`TipCliCod`,`CliRazSoc`,`CliNomCom`,`CliDomFis`,`CliNom`,`CliApePat`,`CliApeMat`,`CliSex`,`CliDir`,`EstCivCod`,`CliTelFij`,`CliTelCel`,`CliEmail`,`EstRegCod`) VALUES ('16',02,'DESYTEC PERU EIRL','DESYTEC PERU','AV. HIPOLITO UNANUE N° 300 (PERU/CALLAO/CALLAO/CALLAO)',NULL,NULL,NULL,'N','Desconocida',01,'076341792','996688680','ventas@desytecperu.com,pe','A');
INSERT INTO `en_p1m_cliente` (`CliCod`,`TipCliCod`,`CliRazSoc`,`CliNomCom`,`CliDomFis`,`CliNom`,`CliApePat`,`CliApeMat`,`CliSex`,`CliDir`,`EstCivCod`,`CliTelFij`,`CliTelCel`,`CliEmail`,`EstRegCod`) VALUES ('17',02,'ARNEBUK PERU SAC','ARNEBUK PERU','Jr. Horacio Urteaga 660 - Campo de Marte - Jesús María',NULL,NULL,NULL,'N','Desconocida',01,'	4643299','975063939','franco.padilla@arnebukperu.com','A');
INSERT INTO `en_p1m_cliente` (`CliCod`,`TipCliCod`,`CliRazSoc`,`CliNomCom`,`CliDomFis`,`CliNom`,`CliApePat`,`CliApeMat`,`CliSex`,`CliDir`,`EstCivCod`,`CliTelFij`,`CliTelCel`,`CliEmail`,`EstRegCod`) VALUES ('18',02,'MULTIMPORT S.R.L.','MULTIMPORT','Calle Aguamarina 122 (PERU/CALLAO/CALLAO/BELLAVISTA)',NULL,NULL,NULL,'N','Desconocida',01,'6527189','993022806','dayala@multimport.com.pe','A');
INSERT INTO `en_p1m_cliente` (`CliCod`,`TipCliCod`,`CliRazSoc`,`CliNomCom`,`CliDomFis`,`CliNom`,`CliApePat`,`CliApeMat`,`CliSex`,`CliDir`,`EstCivCod`,`CliTelFij`,`CliTelCel`,`CliEmail`,`EstRegCod`) VALUES ('19',02,'CONSULTORIA JYH SAC','ECOBISEC JYH SAC','Espigón 4 Circuito de Playas, Miraflores',NULL,NULL,NULL,'N','Desconocida',01,'4290000','998327377','jbejaranoi@ecobisec.com','A');
INSERT INTO `en_p1m_cliente` (`CliCod`,`TipCliCod`,`CliRazSoc`,`CliNomCom`,`CliDomFis`,`CliNom`,`CliApePat`,`CliApeMat`,`CliSex`,`CliDir`,`EstCivCod`,`CliTelFij`,`CliTelCel`,`CliEmail`,`EstRegCod`) VALUES ('20',02,'La GREK S.R.L','LA GREK','Av. República de Chile 190 - Jesús María',NULL,NULL,NULL,'N','Desconocida',01,'4290000','998327377','la.grek@gmail.com','A');

COMMIT;


-- -----------------------------------------------------
-- Data for table `episerp`.`en_p1m_documento_cliente`
-- -----------------------------------------------------
START TRANSACTION;
USE `episerp`;
INSERT INTO `en_p1m_documento_cliente` (`CliCod`, `TipDocCliCod`, `DocCliNum`, `EstRegCod`) VALUES ('1', '01', '72748574', 'A');
INSERT INTO `en_p1m_documento_cliente` (`CliCod`, `TipDocCliCod`, `DocCliNum`, `EstRegCod`) VALUES ('2', '01', '39337484', 'A');
INSERT INTO `en_p1m_documento_cliente` (`CliCod`, `TipDocCliCod`, `DocCliNum`, `EstRegCod`) VALUES ('3', '01', '29854147', 'A');
INSERT INTO `en_p1m_documento_cliente` (`CliCod`, `TipDocCliCod`, `DocCliNum`, `EstRegCod`) VALUES ('4', '01', '19584714', 'A');
INSERT INTO `en_p1m_documento_cliente` (`CliCod`, `TipDocCliCod`, `DocCliNum`, `EstRegCod`) VALUES ('5', '01', '39286411', 'A');
INSERT INTO `en_p1m_documento_cliente` (`CliCod`, `TipDocCliCod`, `DocCliNum`, `EstRegCod`) VALUES ('6', '01', '12345874', 'A');
INSERT INTO `en_p1m_documento_cliente` (`CliCod`, `TipDocCliCod`, `DocCliNum`, `EstRegCod`) VALUES ('7', '01', '98745212', 'A');
INSERT INTO `en_p1m_documento_cliente` (`CliCod`, `TipDocCliCod`, `DocCliNum`, `EstRegCod`) VALUES ('8', '01', '15987412', 'A');
INSERT INTO `en_p1m_documento_cliente` (`CliCod`, `TipDocCliCod`, `DocCliNum`, `EstRegCod`) VALUES ('9', '01', '85749632', 'A');
INSERT INTO `en_p1m_documento_cliente` (`CliCod`, `TipDocCliCod`, `DocCliNum`, `EstRegCod`) VALUES ('10', '01', '28741222', 'A');

INSERT INTO `en_p1m_documento_cliente` (`CliCod`, `TipDocCliCod`, `DocCliNum`, `EstRegCod`) VALUES ('11', '02', '20552171226', 'A');
INSERT INTO `en_p1m_documento_cliente` (`CliCod`, `TipDocCliCod`, `DocCliNum`, `EstRegCod`) VALUES ('12', '02', '20558318318', 'A');
INSERT INTO `en_p1m_documento_cliente` (`CliCod`, `TipDocCliCod`, `DocCliNum`, `EstRegCod`) VALUES ('13', '02', '20370435163', 'A');
INSERT INTO `en_p1m_documento_cliente` (`CliCod`, `TipDocCliCod`, `DocCliNum`, `EstRegCod`) VALUES ('14', '02', '20454043660', 'A');
INSERT INTO `en_p1m_documento_cliente` (`CliCod`, `TipDocCliCod`, `DocCliNum`, `EstRegCod`) VALUES ('15', '02', '20534760150', 'A');
INSERT INTO `en_p1m_documento_cliente` (`CliCod`, `TipDocCliCod`, `DocCliNum`, `EstRegCod`) VALUES ('16', '02', '20453796397', 'A');
INSERT INTO `en_p1m_documento_cliente` (`CliCod`, `TipDocCliCod`, `DocCliNum`, `EstRegCod`) VALUES ('17', '02', '20555098244', 'A');
INSERT INTO `en_p1m_documento_cliente` (`CliCod`, `TipDocCliCod`, `DocCliNum`, `EstRegCod`) VALUES ('18', '02', '20546456359', 'A');
INSERT INTO `en_p1m_documento_cliente` (`CliCod`, `TipDocCliCod`, `DocCliNum`, `EstRegCod`) VALUES ('19', '02', '20266228326', 'A');
INSERT INTO `en_p1m_documento_cliente` (`CliCod`, `TipDocCliCod`, `DocCliNum`, `EstRegCod`) VALUES ('20', '02', '20266228326', 'A');

COMMIT;


-- -----------------------------------------------------
-- Data for table `episerp`.`en_p2m_almacen`
-- -----------------------------------------------------
START TRANSACTION;
USE `episerp`;
INSERT INTO `en_p2m_almacen` (`AlmCod`, `AlmDet`, `SucCod`, `AlmVolTot`, `AlmObs`, `EstRegCod`) VALUES ('ALM01', 'Almacen Principal', 1, '1500', 'Ninguna', 'A');
INSERT INTO `en_p2m_almacen` (`AlmCod`, `AlmDet`, `SucCod`, `AlmVolTot`, `AlmObs`, `EstRegCod`) VALUES ('ALM02', 'Almacen Secundario', 1, '1000', 'Ninguna', 'A');
INSERT INTO `en_p2m_almacen` (`AlmCod`, `AlmDet`, `SucCod`, `AlmVolTot`, `AlmObs`, `EstRegCod`) VALUES ('ALM03', 'Almacen 01', 1, '50000', 'Almacen en buenas Condiciones', 'A');
INSERT INTO `en_p2m_almacen` (`AlmCod`, `AlmDet`, `SucCod`, `AlmVolTot`, `AlmObs`, `EstRegCod`) VALUES ('ALM04', 'Almacen 02', 1, 50000, 'Almacen en buenas Condiciones', 'A');
INSERT INTO `en_p2m_almacen` (`AlmCod`, `AlmDet`, `SucCod`, `AlmVolTot`, `AlmObs`, `EstRegCod`) VALUES ('ALM05', 'Almacen 03', 1, 50000, 'Almacen en buenas Condiciones', 'A');
INSERT INTO `en_p2m_almacen` (`AlmCod`, `AlmDet`, `SucCod`, `AlmVolTot`, `AlmObs`, `EstRegCod`) VALUES ('ALM06', 'Almacen 04', 1, 50000, 'Almacen en buenas Condiciones', 'A');
INSERT INTO `en_p2m_almacen` (`AlmCod`, `AlmDet`, `SucCod`, `AlmVolTot`, `AlmObs`, `EstRegCod`) VALUES ('ALM07', 'Almacen 05', 1, 50000, 'Almacen en buenas Condiciones', 'A');
INSERT INTO `en_p2m_almacen` (`AlmCod`, `AlmDet`, `SucCod`, `AlmVolTot`, `AlmObs`, `EstRegCod`) VALUES ('ALM08', 'Almacen 06', 1, 50000, 'En mantenimiento', 'I');
INSERT INTO `en_p2m_almacen` (`AlmCod`, `AlmDet`, `SucCod`, `AlmVolTot`, `AlmObs`, `EstRegCod`) VALUES ('ALM09', 'Almacen 07', 1, 50000, 'En mantenimiento', 'I');
INSERT INTO `en_p2m_almacen` (`AlmCod`, `AlmDet`, `SucCod`, `AlmVolTot`, `AlmObs`, `EstRegCod`) VALUES ('ALM10', 'Almacen 08', 1, 50000, 'Almacen en buenas Condiciones', 'A');

COMMIT;


-- -----------------------------------------------------
-- Data for table `episerp`.`en_p2m_clase_producto`
-- -----------------------------------------------------
START TRANSACTION;
USE `episerp`;
INSERT INTO `en_p2m_clase_producto` (`ClaProCod`, `ClaProDet`, `EstRegCod`) VALUES ('01', 'Carne y Aves', 'A');
INSERT INTO `en_p2m_clase_producto` (`ClaProCod`, `ClaProDet`, `EstRegCod`) VALUES ('02', 'Pescado y Mariscos', 'A');
INSERT INTO `en_p2m_clase_producto` (`ClaProCod`, `ClaProDet`, `EstRegCod`) VALUES ('03', 'Fruta', 'A');
INSERT INTO `en_p2m_clase_producto` (`ClaProCod`, `ClaProDet`, `EstRegCod`) VALUES ('04', 'Verduras y Hortalizas', 'A');
INSERT INTO `en_p2m_clase_producto` (`ClaProCod`, `ClaProDet`, `EstRegCod`) VALUES ('05', 'Cereales', 'A');
INSERT INTO `en_p2m_clase_producto` (`ClaProCod`, `ClaProDet`, `EstRegCod`) VALUES ('06', 'Bebidas','A');
INSERT INTO `en_p2m_clase_producto` (`ClaProCod`, `ClaProDet`, `EstRegCod`) VALUES ('07', 'Aceite','A');
INSERT INTO `en_p2m_clase_producto` (`ClaProCod`, `ClaProDet`, `EstRegCod`) VALUES ('08', 'Conservas','A');
INSERT INTO `en_p2m_clase_producto` (`ClaProCod`, `ClaProDet`, `EstRegCod`) VALUES ('09', 'Embutidos','A');
INSERT INTO `en_p2m_clase_producto` (`ClaProCod`, `ClaProDet`, `EstRegCod`) VALUES ('10', 'Helados','A');
INSERT INTO `en_p2m_clase_producto` (`ClaProCod`, `ClaProDet`, `EstRegCod`) VALUES ('11', 'Lacteos','A');
INSERT INTO `en_p2m_clase_producto` (`ClaProCod`, `ClaProDet`, `EstRegCod`) VALUES ('12', 'Golosinas','A');

COMMIT;


-- -----------------------------------------------------
-- Data for table `episerp`.`en_p2m_subclase_producto`
-- -----------------------------------------------------
START TRANSACTION;
USE `episerp`;
INSERT INTO `en_p2m_subclase_producto` (`ClaProCod`, `SubClaProCod`, `SubClaProDet`, `EstRegCod`) VALUES ('01', '01', 'Cerdo', 'A');
INSERT INTO `en_p2m_subclase_producto` (`ClaProCod`, `SubClaProCod`, `SubClaProDet`, `EstRegCod`) VALUES ('01', '02', 'Pavo', 'A');
INSERT INTO `en_p2m_subclase_producto` (`ClaProCod`, `SubClaProCod`, `SubClaProDet`, `EstRegCod`) VALUES ('01', '03', 'Pollo', 'A');
INSERT INTO `en_p2m_subclase_producto` (`ClaProCod`, `SubClaProCod`, `SubClaProDet`, `EstRegCod`) VALUES ('01', '04', 'Res', 'A');

INSERT INTO `en_p2m_subclase_producto` (`ClaProCod`, `SubClaProCod`, `SubClaProDet`, `EstRegCod`) VALUES ('02', '01', 'Pescado Fresco', 'A');
INSERT INTO `en_p2m_subclase_producto` (`ClaProCod`, `SubClaProCod`, `SubClaProDet`, `EstRegCod`) VALUES ('02', '02', 'Surimi, gulas y derivados', 'A');
INSERT INTO `en_p2m_subclase_producto` (`ClaProCod`, `SubClaProCod`, `SubClaProDet`, `EstRegCod`) VALUES ('02', '03', 'Ahumados', 'A');

INSERT INTO `en_p2m_subclase_producto` (`ClaProCod`, `SubClaProCod`, `SubClaProDet`, `EstRegCod`) VALUES ('03', '01', 'Citricos', 'A');
INSERT INTO `en_p2m_subclase_producto` (`ClaProCod`, `SubClaProCod`, `SubClaProDet`, `EstRegCod`) VALUES ('03', '02', 'Frutas de grano', 'A');
INSERT INTO `en_p2m_subclase_producto` (`ClaProCod`, `SubClaProCod`, `SubClaProDet`, `EstRegCod`) VALUES ('03', '03', 'Exoticas', 'A');

INSERT INTO `en_p2m_subclase_producto` (`ClaProCod`, `SubClaProCod`, `SubClaProDet`, `EstRegCod`) VALUES ('04', '01', 'Ajo y Cebolla', 'A');
INSERT INTO `en_p2m_subclase_producto` (`ClaProCod`, `SubClaProCod`, `SubClaProDet`, `EstRegCod`) VALUES ('04', '02', 'Brocoli y Coliflor', 'A');
INSERT INTO `en_p2m_subclase_producto` (`ClaProCod`, `SubClaProCod`, `SubClaProDet`, `EstRegCod`) VALUES ('04', '03', 'Tomates', 'A');

INSERT INTO `en_p2m_subclase_producto` (`ClaProCod`, `SubClaProCod`, `SubClaProDet`, `EstRegCod`) VALUES ('05', '01', 'Barritas Cereales', 'A');
INSERT INTO `en_p2m_subclase_producto` (`ClaProCod`, `SubClaProCod`, `SubClaProDet`, `EstRegCod`) VALUES ('05', '02', 'Cereales Familiares', 'A');
INSERT INTO `en_p2m_subclase_producto` (`ClaProCod`, `SubClaProCod`, `SubClaProDet`, `EstRegCod`) VALUES ('05', '03', 'Cereales infantiles', 'A');

INSERT INTO `en_p2m_subclase_producto` (`ClaProCod`, `SubClaProCod`, `SubClaProDet`, `EstRegCod`) VALUES ('06', '01', 'Gaseosas', 'A');
INSERT INTO `en_p2m_subclase_producto` (`ClaProCod`, `SubClaProCod`, `SubClaProDet`, `EstRegCod`) VALUES ('06', '02', 'Jugos', 'A');
INSERT INTO `en_p2m_subclase_producto` (`ClaProCod`, `SubClaProCod`, `SubClaProDet`, `EstRegCod`) VALUES ('06', '03', 'Bebidas Energizantes', 'A');
INSERT INTO `en_p2m_subclase_producto` (`ClaProCod`, `SubClaProCod`, `SubClaProDet`, `EstRegCod`) VALUES ('06', '04', 'Refrescos', 'A');

INSERT INTO `en_p2m_subclase_producto` (`ClaProCod`, `SubClaProCod`, `SubClaProDet`, `EstRegCod`) VALUES ('07', '01', 'Aceites Vegetales', 'A');
INSERT INTO `en_p2m_subclase_producto` (`ClaProCod`, `SubClaProCod`, `SubClaProDet`, `EstRegCod`) VALUES ('07', '02', 'Aceites Animales', 'A');
INSERT INTO `en_p2m_subclase_producto` (`ClaProCod`, `SubClaProCod`, `SubClaProDet`, `EstRegCod`) VALUES ('07', '03', 'Aceites Minerales', 'A');

INSERT INTO `en_p2m_subclase_producto` (`ClaProCod`, `SubClaProCod`, `SubClaProDet`, `EstRegCod`) VALUES ('08', '01', 'Confitura','A');
INSERT INTO `en_p2m_subclase_producto` (`ClaProCod`, `SubClaProCod`, `SubClaProDet`, `EstRegCod`) VALUES ('08', '02', 'Mermelada','A');
INSERT INTO `en_p2m_subclase_producto` (`ClaProCod`, `SubClaProCod`, `SubClaProDet`, `EstRegCod`) VALUES ('08', '03', 'Frutas en almibar', 'A');

INSERT INTO `en_p2m_subclase_producto` (`ClaProCod`, `SubClaProCod`, `SubClaProDet`, `EstRegCod`) VALUES ('09' ,'01', 'Embutidos Frescos', 'A');
INSERT INTO `en_p2m_subclase_producto` (`ClaProCod`, `SubClaProCod`, `SubClaProDet`, `EstRegCod`) VALUES ('09', '02', 'Embutidos cocidos', 'A');
INSERT INTO `en_p2m_subclase_producto` (`ClaProCod`, `SubClaProCod`, `SubClaProDet`, `EstRegCod`) VALUES ('09', '03', 'Embutidos secos o semisecos', 'A');

INSERT INTO `en_p2m_subclase_producto` (`ClaProCod`, `SubClaProCod`, `SubClaProDet`, `EstRegCod`) VALUES ('10' ,'01', 'Helados de crema', 'A');
INSERT INTO `en_p2m_subclase_producto` (`ClaProCod`, `SubClaProCod`, `SubClaProDet`, `EstRegCod`) VALUES ('10', '02', 'Helados de leche', 'A');
INSERT INTO `en_p2m_subclase_producto` (`ClaProCod`, `SubClaProCod`, `SubClaProDet`, `EstRegCod`) VALUES ('10', '03', 'Helados de leche desnatada', 'A');

INSERT INTO `en_p2m_subclase_producto` (`ClaProCod`, `SubClaProCod`, `SubClaProDet`, `EstRegCod`) VALUES ('11' ,'01', 'Leche entera', 'A');
INSERT INTO `en_p2m_subclase_producto` (`ClaProCod`, `SubClaProCod`, `SubClaProDet`, `EstRegCod`) VALUES ('11', '02', 'Leche semidescremada', 'A');
INSERT INTO `en_p2m_subclase_producto` (`ClaProCod`, `SubClaProCod`, `SubClaProDet`, `EstRegCod`) VALUES ('11', '03', 'Leche descremada', 'A');
INSERT INTO `en_p2m_subclase_producto` (`ClaProCod`, `SubClaProCod`, `SubClaProDet`, `EstRegCod`) VALUES ('11', '04', 'Leche sin lactosa', 'A');

INSERT INTO `en_p2m_subclase_producto` (`ClaProCod`, `SubClaProCod`, `SubClaProDet`, `EstRegCod`) VALUES ('12', '01', 'Caramelo', 'A');
INSERT INTO `en_p2m_subclase_producto` (`ClaProCod`, `SubClaProCod`, `SubClaProDet`, `EstRegCod`) VALUES ('12', '02', 'Chicles', 'A');
INSERT INTO `en_p2m_subclase_producto` (`ClaProCod`, `SubClaProCod`, `SubClaProDet`, `EstRegCod`) VALUES ('12', '03', 'Gomitas', 'A');
INSERT INTO `en_p2m_subclase_producto` (`ClaProCod`, `SubClaProCod`, `SubClaProDet`, `EstRegCod`) VALUES ('12', '04', 'Chocolate', 'A');
INSERT INTO `en_p2m_subclase_producto` (`ClaProCod`, `SubClaProCod`, `SubClaProDet`, `EstRegCod`) VALUES ('12', '05', 'Toffie', 'A');

COMMIT;


-- -----------------------------------------------------
-- Data for table `episerp`.`en_p2m_producto`
-- -----------------------------------------------------
START TRANSACTION;
USE `episerp`;
INSERT INTO `en_p2m_producto` (`ClaProCod`,`SubClaProCod`,`ProCod`,`ProDet`,`UniMedCod`,`ProPreUniVen`,`ProPreUniCom`,`MonCod`,`ProStk`,`ProStkRea`,`ProStkPreVen`,`VolUniAlm`,`ProStkMin`,`ProStkMax`,`ProObs`,`EstRegCod`) VALUES ('01','01','7755523010128','cerdo de 1kg',06,15.50,15.50,09,120.00,120.00,50.00,100.00,10.00,100.00,'Ninguna','A');
INSERT INTO `en_p2m_producto` (`ClaProCod`,`SubClaProCod`,`ProCod`,`ProDet`,`UniMedCod`,`ProPreUniVen`,`ProPreUniCom`,`MonCod`,`ProStk`,`ProStkRea`,`ProStkPreVen`,`VolUniAlm`,`ProStkMin`,`ProStkMax`,`ProObs`,`EstRegCod`) VALUES ('01','01','7755523010137','cerdo en rollos',06,11.50,11.50,09,100.00,100.00,50.00,100.00,10.00,100.00,'Ninguna','A');
INSERT INTO `en_p2m_producto` (`ClaProCod`,`SubClaProCod`,`ProCod`,`ProDet`,`UniMedCod`,`ProPreUniVen`,`ProPreUniCom`,`MonCod`,`ProStk`,`ProStkRea`,`ProStkPreVen`,`VolUniAlm`,`ProStkMin`,`ProStkMax`,`ProObs`,`EstRegCod`) VALUES ('01','01','7755523010146','chuleta de cerdo',06,15.50,15.50,09,120.00,120.00,50.00,100.00,10.00,100.00,'Ninguna','A');
INSERT INTO `en_p2m_producto` (`ClaProCod`,`SubClaProCod`,`ProCod`,`ProDet`,`UniMedCod`,`ProPreUniVen`,`ProPreUniCom`,`MonCod`,`ProStk`,`ProStkRea`,`ProStkPreVen`,`VolUniAlm`,`ProStkMin`,`ProStkMax`,`ProObs`,`EstRegCod`) VALUES ('01','02','7755523010216','carne de pavo 1kg',06,15.50,15.50,09,120.00,120.00,50.00,100.00,10.00,100.00,'Ninguna','A');
INSERT INTO `en_p2m_producto` (`ClaProCod`,`SubClaProCod`,`ProCod`,`ProDet`,`UniMedCod`,`ProPreUniVen`,`ProPreUniCom`,`MonCod`,`ProStk`,`ProStkRea`,`ProStkPreVen`,`VolUniAlm`,`ProStkMin`,`ProStkMax`,`ProObs`,`EstRegCod`) VALUES ('01','02','7755523010225','carne de pavo 1/2kg',06,7.50,7.50,09,120.00,120.00,50.00,100.00,10.00,100.00,'Ninguna','A');
INSERT INTO `en_p2m_producto` (`ClaProCod`,`SubClaProCod`,`ProCod`,`ProDet`,`UniMedCod`,`ProPreUniVen`,`ProPreUniCom`,`MonCod`,`ProStk`,`ProStkRea`,`ProStkPreVen`,`VolUniAlm`,`ProStkMin`,`ProStkMax`,`ProObs`,`EstRegCod`) VALUES ('01','02','7755523010234','pavo para cena navideña',06,15.50,15.50,09,120.00,120.00,50.00,100.00,10.00,100.00,'Ninguna','A');
INSERT INTO `en_p2m_producto` (`ClaProCod`,`SubClaProCod`,`ProCod`,`ProDet`,`UniMedCod`,`ProPreUniVen`,`ProPreUniCom`,`MonCod`,`ProStk`,`ProStkRea`,`ProStkPreVen`,`VolUniAlm`,`ProStkMin`,`ProStkMax`,`ProObs`,`EstRegCod`) VALUES ('01','03','7755523010313','alas de pollo',06,6.50,6.50,09,120.00,120.00,50.00,100.00,10.00,100.00,'Ninguna','A');
INSERT INTO `en_p2m_producto` (`ClaProCod`,`SubClaProCod`,`ProCod`,`ProDet`,`UniMedCod`,`ProPreUniVen`,`ProPreUniCom`,`MonCod`,`ProStk`,`ProStkRea`,`ProStkPreVen`,`VolUniAlm`,`ProStkMin`,`ProStkMax`,`ProObs`,`EstRegCod`) VALUES ('01','03','7755523010322','piernas de pollo',06,7.50,7.50,02,120.00,120.00,50.00,100.00,10.00,100.00,'Ninguna','A');
INSERT INTO `en_p2m_producto` (`ClaProCod`,`SubClaProCod`,`ProCod`,`ProDet`,`UniMedCod`,`ProPreUniVen`,`ProPreUniCom`,`MonCod`,`ProStk`,`ProStkRea`,`ProStkPreVen`,`VolUniAlm`,`ProStkMin`,`ProStkMax`,`ProObs`,`EstRegCod`) VALUES ('01','03','7755523010331','pechuga de pollo',06,7.50,7.50,02,120.00,120.00,50.00,100.00,10.00,100.00,'Ninguna','A');
INSERT INTO `en_p2m_producto` (`ClaProCod`,`SubClaProCod`,`ProCod`,`ProDet`,`UniMedCod`,`ProPreUniVen`,`ProPreUniCom`,`MonCod`,`ProStk`,`ProStkRea`,`ProStkPreVen`,`VolUniAlm`,`ProStkMin`,`ProStkMax`,`ProObs`,`EstRegCod`) VALUES ('02','01','7755523020116','bonito',06,10.00,10.00,02,120.00,120.00,50.00,100.00,10.00,100.00,'Ninguna','A');
INSERT INTO `en_p2m_producto` (`ClaProCod`,`SubClaProCod`,`ProCod`,`ProDet`,`UniMedCod`,`ProPreUniVen`,`ProPreUniCom`,`MonCod`,`ProStk`,`ProStkRea`,`ProStkPreVen`,`VolUniAlm`,`ProStkMin`,`ProStkMax`,`ProObs`,`EstRegCod`) VALUES ('02','01','7755523020125','corvina',06,8.00,8.00,02,120.00,120.00,50.00,100.00,10.00,100.00,'Ninguna','A');
INSERT INTO `en_p2m_producto` (`ClaProCod`,`SubClaProCod`,`ProCod`,`ProDet`,`UniMedCod`,`ProPreUniVen`,`ProPreUniCom`,`MonCod`,`ProStk`,`ProStkRea`,`ProStkPreVen`,`VolUniAlm`,`ProStkMin`,`ProStkMax`,`ProObs`,`EstRegCod`) VALUES ('02','01','7755523020134','furel',06,10.00,10.00,02,120.00,120.00,50.00,100.00,10.00,100.00,'Ninguna','A');
INSERT INTO `en_p2m_producto` (`ClaProCod`,`SubClaProCod`,`ProCod`,`ProDet`,`UniMedCod`,`ProPreUniVen`,`ProPreUniCom`,`MonCod`,`ProStk`,`ProStkRea`,`ProStkPreVen`,`VolUniAlm`,`ProStkMin`,`ProStkMax`,`ProObs`,`EstRegCod`) VALUES ('02','02','7755523020213','gula del norte',06,10.00,10.00,02,120.00,120.00,50.00,100.00,10.00,100.00,'Ninguna','A');
INSERT INTO `en_p2m_producto` (`ClaProCod`,`SubClaProCod`,`ProCod`,`ProDet`,`UniMedCod`,`ProPreUniVen`,`ProPreUniCom`,`MonCod`,`ProStk`,`ProStkRea`,`ProStkPreVen`,`VolUniAlm`,`ProStkMin`,`ProStkMax`,`ProObs`,`EstRegCod`) VALUES ('02','02','7755523020222','krisia surini fresco rayado',04,10.00,10.00,02,120.00,120.00,50.00,100.00,10.00,100.00,'Ninguna','A');
INSERT INTO `en_p2m_producto` (`ClaProCod`,`SubClaProCod`,`ProCod`,`ProDet`,`UniMedCod`,`ProPreUniVen`,`ProPreUniCom`,`MonCod`,`ProStk`,`ProStkRea`,`ProStkPreVen`,`VolUniAlm`,`ProStkMin`,`ProStkMax`,`ProObs`,`EstRegCod`) VALUES ('02','02','7755523020231','palitos de surini 300 gr',04,10.00,10.00,02,120.00,120.00,50.00,100.00,10.00,100.00,'Ninguna','A');
INSERT INTO `en_p2m_producto` (`ClaProCod`,`SubClaProCod`,`ProCod`,`ProDet`,`UniMedCod`,`ProPreUniVen`,`ProPreUniCom`,`MonCod`,`ProStk`,`ProStkRea`,`ProStkPreVen`,`VolUniAlm`,`ProStkMin`,`ProStkMax`,`ProObs`,`EstRegCod`) VALUES ('02','03','7755523020310','salmon ahumado 200 gr',04,10.00,10.00,02,120.00,120.00,50.00,100.00,10.00,100.00,'Ninguna','A');
INSERT INTO `en_p2m_producto` (`ClaProCod`,`SubClaProCod`,`ProCod`,`ProDet`,`UniMedCod`,`ProPreUniVen`,`ProPreUniCom`,`MonCod`,`ProStk`,`ProStkRea`,`ProStkPreVen`,`VolUniAlm`,`ProStkMin`,`ProStkMax`,`ProObs`,`EstRegCod`) VALUES ('02','03','7755523020329','trucha ahumada 200 gr',04,10.00,10.00,02,120.00,120.00,50.00,100.00,10.00,100.00,'Ninguna','A');
INSERT INTO `en_p2m_producto` (`ClaProCod`,`SubClaProCod`,`ProCod`,`ProDet`,`UniMedCod`,`ProPreUniVen`,`ProPreUniCom`,`MonCod`,`ProStk`,`ProStkRea`,`ProStkPreVen`,`VolUniAlm`,`ProStkMin`,`ProStkMax`,`ProObs`,`EstRegCod`) VALUES ('02','03','7755523020338','pimenton ahumado 100 gr',04,8.00,8.00,02,120.00,120.00,50.00,100.00,10.00,100.00,'Ninguna','A');
INSERT INTO `en_p2m_producto` (`ClaProCod`,`SubClaProCod`,`ProCod`,`ProDet`,`UniMedCod`,`ProPreUniVen`,`ProPreUniCom`,`MonCod`,`ProStk`,`ProStkRea`,`ProStkPreVen`,`VolUniAlm`,`ProStkMin`,`ProStkMax`,`ProObs`,`EstRegCod`) VALUES ('03','01','7755523030113','naranja zumo de malla',04,5.00,5.00,02,120.00,120.00,50.00,100.00,10.00,100.00,'Ninguna','A');
INSERT INTO `en_p2m_producto` (`ClaProCod`,`SubClaProCod`,`ProCod`,`ProDet`,`UniMedCod`,`ProPreUniVen`,`ProPreUniCom`,`MonCod`,`ProStk`,`ProStkRea`,`ProStkPreVen`,`VolUniAlm`,`ProStkMin`,`ProStkMax`,`ProObs`,`EstRegCod`) VALUES ('03','01','7755523030122','mandarinas 1kg',04,5.00,5.00,02,120.00,120.00,50.00,100.00,10.00,100.00,'Ninguna','A');
INSERT INTO `en_p2m_producto` (`ClaProCod`,`SubClaProCod`,`ProCod`,`ProDet`,`UniMedCod`,`ProPreUniVen`,`ProPreUniCom`,`MonCod`,`ProStk`,`ProStkRea`,`ProStkPreVen`,`VolUniAlm`,`ProStkMin`,`ProStkMax`,`ProObs`,`EstRegCod`) VALUES ('03','01','7755523030131','limones 1kg',04,5.00,5.00,02,120.00,120.00,50.00,100.00,10.00,100.00,'Ninguna','A');
INSERT INTO `en_p2m_producto` (`ClaProCod`,`SubClaProCod`,`ProCod`,`ProDet`,`UniMedCod`,`ProPreUniVen`,`ProPreUniCom`,`MonCod`,`ProStk`,`ProStkRea`,`ProStkPreVen`,`VolUniAlm`,`ProStkMin`,`ProStkMax`,`ProObs`,`EstRegCod`) VALUES ('03','02','7755523030210','pera blanca 1kg',04,6.00,6.00,02,120.00,120.00,50.00,100.00,10.00,100.00,'Ninguna','A');
INSERT INTO `en_p2m_producto` (`ClaProCod`,`SubClaProCod`,`ProCod`,`ProDet`,`UniMedCod`,`ProPreUniVen`,`ProPreUniCom`,`MonCod`,`ProStk`,`ProStkRea`,`ProStkPreVen`,`VolUniAlm`,`ProStkMin`,`ProStkMax`,`ProObs`,`EstRegCod`) VALUES ('03','02','7755523030229','manzana golden 240gr',04,6.00,6.00,02,120.00,120.00,50.00,100.00,10.00,100.00,'Ninguna','A');
INSERT INTO `en_p2m_producto` (`ClaProCod`,`SubClaProCod`,`ProCod`,`ProDet`,`UniMedCod`,`ProPreUniVen`,`ProPreUniCom`,`MonCod`,`ProStk`,`ProStkRea`,`ProStkPreVen`,`VolUniAlm`,`ProStkMin`,`ProStkMax`,`ProObs`,`EstRegCod`) VALUES ('03','02','7755523030238','manzana roja 290gr',04,6.00,6.00,02,120.00,120.00,50.00,100.00,10.00,100.00,'Ninguna','A');
INSERT INTO `en_p2m_producto` (`ClaProCod`,`SubClaProCod`,`ProCod`,`ProDet`,`UniMedCod`,`ProPreUniVen`,`ProPreUniCom`,`MonCod`,`ProStk`,`ProStkRea`,`ProStkPreVen`,`VolUniAlm`,`ProStkMin`,`ProStkMax`,`ProObs`,`EstRegCod`) VALUES ('04','01','7755523040110','ajo morado 1kg',04,6.00,6.00,02,120.00,120.00,50.00,100.00,10.00,100.00,'Ninguna','A');
INSERT INTO `en_p2m_producto` (`ClaProCod`,`SubClaProCod`,`ProCod`,`ProDet`,`UniMedCod`,`ProPreUniVen`,`ProPreUniCom`,`MonCod`,`ProStk`,`ProStkRea`,`ProStkPreVen`,`VolUniAlm`,`ProStkMin`,`ProStkMax`,`ProObs`,`EstRegCod`) VALUES ('04','01','7755523040129','ajo molido frasco 55gr',04,6.00,6.00,02,120.00,120.00,50.00,100.00,10.00,100.00,'Ninguna','A');
INSERT INTO `en_p2m_producto` (`ClaProCod`,`SubClaProCod`,`ProCod`,`ProDet`,`UniMedCod`,`ProPreUniVen`,`ProPreUniCom`,`MonCod`,`ProStk`,`ProStkRea`,`ProStkPreVen`,`VolUniAlm`,`ProStkMin`,`ProStkMax`,`ProObs`,`EstRegCod`) VALUES ('04','01','7755523040138','sazonador de ajo 43gr',04,6.00,6.00,02,120.00,120.00,50.00,100.00,10.00,100.00,'Ninguna','A');
INSERT INTO `en_p2m_producto` (`ClaProCod`,`SubClaProCod`,`ProCod`,`ProDet`,`UniMedCod`,`ProPreUniVen`,`ProPreUniCom`,`MonCod`,`ProStk`,`ProStkRea`,`ProStkPreVen`,`VolUniAlm`,`ProStkMin`,`ProStkMax`,`ProObs`,`EstRegCod`) VALUES ('04','02','7755523040217','brocoli pieza de 500gr',04,6.00,6.00,02,120.00,120.00,50.00,100.00,10.00,100.00,'Ninguna','A');
INSERT INTO `en_p2m_producto` (`ClaProCod`,`SubClaProCod`,`ProCod`,`ProDet`,`UniMedCod`,`ProPreUniVen`,`ProPreUniCom`,`MonCod`,`ProStk`,`ProStkRea`,`ProStkPreVen`,`VolUniAlm`,`ProStkMin`,`ProStkMax`,`ProObs`,`EstRegCod`) VALUES ('04','02','7755523040226','coliflor en bolsa de 1kg',04,6.00,6.00,02,120.00,120.00,50.00,100.00,10.00,100.00,'Ninguna','A');
INSERT INTO `en_p2m_producto` (`ClaProCod`,`SubClaProCod`,`ProCod`,`ProDet`,`UniMedCod`,`ProPreUniVen`,`ProPreUniCom`,`MonCod`,`ProStk`,`ProStkRea`,`ProStkPreVen`,`VolUniAlm`,`ProStkMin`,`ProStkMax`,`ProObs`,`EstRegCod`) VALUES ('04','02','7755523040235','repollo 1kg',04,6.00,6.00,02,120.00,120.00,50.00,100.00,10.00,100.00,'Ninguna','A');
INSERT INTO `en_p2m_producto` (`ClaProCod`,`SubClaProCod`,`ProCod`,`ProDet`,`UniMedCod`,`ProPreUniVen`,`ProPreUniCom`,`MonCod`,`ProStk`,`ProStkRea`,`ProStkPreVen`,`VolUniAlm`,`ProStkMin`,`ProStkMax`,`ProObs`,`EstRegCod`) VALUES ('04','03','7755523040314','tomate fitofrasco de 500gr',04,6.00,6.00,02,120.00,120.00,50.00,100.00,10.00,100.00,'Ninguna','A');
INSERT INTO `en_p2m_producto` (`ClaProCod`,`SubClaProCod`,`ProCod`,`ProDet`,`UniMedCod`,`ProPreUniVen`,`ProPreUniCom`,`MonCod`,`ProStk`,`ProStkRea`,`ProStkPreVen`,`VolUniAlm`,`ProStkMin`,`ProStkMax`,`ProObs`,`EstRegCod`) VALUES ('04','03','7755523040323','tomate frito casero 500gr',04,6.00,6.00,02,120.00,120.00,50.00,100.00,10.00,100.00,'Ninguna','A');
INSERT INTO `en_p2m_producto` (`ClaProCod`,`SubClaProCod`,`ProCod`,`ProDet`,`UniMedCod`,`ProPreUniVen`,`ProPreUniCom`,`MonCod`,`ProStk`,`ProStkRea`,`ProStkPreVen`,`VolUniAlm`,`ProStkMin`,`ProStkMax`,`ProObs`,`EstRegCod`) VALUES ('04','03','7755523040332','ensalada de tomate malla 1kg',04,6.00,6.00,02,120.00,120.00,50.00,100.00,10.00,100.00,'Ninguna','A');
INSERT INTO `en_p2m_producto` (`ClaProCod`,`SubClaProCod`,`ProCod`,`ProDet`,`UniMedCod`,`ProPreUniVen`,`ProPreUniCom`,`MonCod`,`ProStk`,`ProStkRea`,`ProStkPreVen`,`VolUniAlm`,`ProStkMin`,`ProStkMax`,`ProObs`,`EstRegCod`) VALUES ('05','01','7755523050117','barritas de cereales de chocolate',04,6.00,6.00,02,120.00,120.00,50.00,100.00,10.00,100.00,'Ninguna','A');
INSERT INTO `en_p2m_producto` (`ClaProCod`,`SubClaProCod`,`ProCod`,`ProDet`,`UniMedCod`,`ProPreUniVen`,`ProPreUniCom`,`MonCod`,`ProStk`,`ProStkRea`,`ProStkPreVen`,`VolUniAlm`,`ProStkMin`,`ProStkMax`,`ProObs`,`EstRegCod`) VALUES ('05','01','7755523050126','barritas de cereales nesquick',04,6.00,6.00,02,120.00,120.00,50.00,100.00,10.00,100.00,'Ninguna','A');
INSERT INTO `en_p2m_producto` (`ClaProCod`,`SubClaProCod`,`ProCod`,`ProDet`,`UniMedCod`,`ProPreUniVen`,`ProPreUniCom`,`MonCod`,`ProStk`,`ProStkRea`,`ProStkPreVen`,`VolUniAlm`,`ProStkMin`,`ProStkMax`,`ProObs`,`EstRegCod`) VALUES ('05','01','7755523050135','barritas de cereales integrales',04,6.00,6.00,02,120.00,120.00,50.00,100.00,10.00,100.00,'Ninguna','A');
INSERT INTO `en_p2m_producto` (`ClaProCod`,`SubClaProCod`,`ProCod`,`ProDet`,`UniMedCod`,`ProPreUniVen`,`ProPreUniCom`,`MonCod`,`ProStk`,`ProStkRea`,`ProStkPreVen`,`VolUniAlm`,`ProStkMin`,`ProStkMax`,`ProObs`,`EstRegCod`) VALUES ('05','02','7755523050214','cereales corn flakes',04,6.00,6.00,02,120.00,120.00,50.00,100.00,10.00,100.00,'Ninguna','A');
INSERT INTO `en_p2m_producto` (`ClaProCod`,`SubClaProCod`,`ProCod`,`ProDet`,`UniMedCod`,`ProPreUniVen`,`ProPreUniCom`,`MonCod`,`ProStk`,`ProStkRea`,`ProStkPreVen`,`VolUniAlm`,`ProStkMin`,`ProStkMax`,`ProObs`,`EstRegCod`) VALUES ('05','02','7755523050223','cereales kellogs',04,6.00,6.00,02,120.00,120.00,50.00,100.00,10.00,100.00,'Ninguna','A');
INSERT INTO `en_p2m_producto` (`ClaProCod`,`SubClaProCod`,`ProCod`,`ProDet`,`UniMedCod`,`ProPreUniVen`,`ProPreUniCom`,`MonCod`,`ProStk`,`ProStkRea`,`ProStkPreVen`,`VolUniAlm`,`ProStkMin`,`ProStkMax`,`ProObs`,`EstRegCod`) VALUES ('05','02','7755523050232','cereales nestle',04,6.00,6.00,02,120.00,120.00,50.00,100.00,10.00,100.00,'Ninguna','A');
INSERT INTO `en_p2m_producto` (`ClaProCod`,`SubClaProCod`,`ProCod`,`ProDet`,`UniMedCod`,`ProPreUniVen`,`ProPreUniCom`,`MonCod`,`ProStk`,`ProStkRea`,`ProStkPreVen`,`VolUniAlm`,`ProStkMin`,`ProStkMax`,`ProObs`,`EstRegCod`) VALUES ('05','03','7755523050311','mini cereales nestle lion',04,6.00,6.00,02,120.00,120.00,50.00,100.00,10.00,100.00,'Ninguna','A');
INSERT INTO `en_p2m_producto` (`ClaProCod`,`SubClaProCod`,`ProCod`,`ProDet`,`UniMedCod`,`ProPreUniVen`,`ProPreUniCom`,`MonCod`,`ProStk`,`ProStkRea`,`ProStkPreVen`,`VolUniAlm`,`ProStkMin`,`ProStkMax`,`ProObs`,`EstRegCod`) VALUES ('05','03','7755523050320','mini cereales kellogs',04,6.00,6.00,02,120.00,120.00,50.00,100.00,10.00,100.00,'Ninguna','A');
INSERT INTO `en_p2m_producto` (`ClaProCod`,`SubClaProCod`,`ProCod`,`ProDet`,`UniMedCod`,`ProPreUniVen`,`ProPreUniCom`,`MonCod`,`ProStk`,`ProStkRea`,`ProStkPreVen`,`VolUniAlm`,`ProStkMin`,`ProStkMax`,`ProObs`,`EstRegCod`) VALUES ('05','03','7755523050339','mini cereales corn flakes',04,6.00,6.00,02,120.00,120.00,50.00,100.00,10.00,100.00,'Ninguna','A');
INSERT INTO `en_p2m_producto` (`ClaProCod`,`SubClaProCod`,`ProCod`,`ProDet`,`UniMedCod`,`ProPreUniVen`,`ProPreUniCom`,`MonCod`,`ProStk`,`ProStkRea`,`ProStkPreVen`,`VolUniAlm`,`ProStkMin`,`ProStkMax`,`ProObs`,`EstRegCod`) VALUES ('08','02','7755523050340','Mermelada Gloria 500',03,5.50,5.50,01,50.00,50.00,10.00,100.00,10.00,20.00,'Altamente comercializado','A');
INSERT INTO `en_p2m_producto` (`ClaProCod`,`SubClaProCod`,`ProCod`,`ProDet`,`UniMedCod`,`ProPreUniVen`,`ProPreUniCom`,`MonCod`,`ProStk`,`ProStkRea`,`ProStkPreVen`,`VolUniAlm`,`ProStkMin`,`ProStkMax`,`ProObs`,`EstRegCod`) VALUES ('08','02','7755523050341','Mermelada Fanny 500',03,6.00,6.00,01,50.00,50.00,10.00,100.00,10.00,20.00,'Altamente comercializado','A');
INSERT INTO `en_p2m_producto` (`ClaProCod`,`SubClaProCod`,`ProCod`,`ProDet`,`UniMedCod`,`ProPreUniVen`,`ProPreUniCom`,`MonCod`,`ProStk`,`ProStkRea`,`ProStkPreVen`,`VolUniAlm`,`ProStkMin`,`ProStkMax`,`ProObs`,`EstRegCod`) VALUES ('08','03','7755523050342','Aconcagua Durazno 250',03,5.50,5.50,01,150.00,150.00,100.00,100.00,10.00,20.00,'Altamente comercializado','A');
INSERT INTO `en_p2m_producto` (`ClaProCod`,`SubClaProCod`,`ProCod`,`ProDet`,`UniMedCod`,`ProPreUniVen`,`ProPreUniCom`,`MonCod`,`ProStk`,`ProStkRea`,`ProStkPreVen`,`VolUniAlm`,`ProStkMin`,`ProStkMax`,`ProObs`,`EstRegCod`) VALUES ('08','03','7755523050343','Aconcagua Piña 250',03,5.50,5.50,01,90.00,90.00,10.00,100.00,10.00,20.00,'Altamente comercializado','A');
INSERT INTO `en_p2m_producto` (`ClaProCod`,`SubClaProCod`,`ProCod`,`ProDet`,`UniMedCod`,`ProPreUniVen`,`ProPreUniCom`,`MonCod`,`ProStk`,`ProStkRea`,`ProStkPreVen`,`VolUniAlm`,`ProStkMin`,`ProStkMax`,`ProObs`,`EstRegCod`) VALUES ('09','02','7755523050344','San Fernando 100',03,1.50,1.50,01,150.00,150.00,10.00,100.00,10.00,20.00,'Altamente comercializado','A');
INSERT INTO `en_p2m_producto` (`ClaProCod`,`SubClaProCod`,`ProCod`,`ProDet`,`UniMedCod`,`ProPreUniVen`,`ProPreUniCom`,`MonCod`,`ProStk`,`ProStkRea`,`ProStkPreVen`,`VolUniAlm`,`ProStkMin`,`ProStkMax`,`ProObs`,`EstRegCod`) VALUES ('09','02','7755523050345','La Calera 100',03,1.50,1.50,01,100.00,100.00,10.00,100.00,10.00,20.00,'Altamente comercializado','A');
INSERT INTO `en_p2m_producto` (`ClaProCod`,`SubClaProCod`,`ProCod`,`ProDet`,`UniMedCod`,`ProPreUniVen`,`ProPreUniCom`,`MonCod`,`ProStk`,`ProStkRea`,`ProStkPreVen`,`VolUniAlm`,`ProStkMin`,`ProStkMax`,`ProObs`,`EstRegCod`) VALUES ('12','01','7755523050346','Trident Menta',03,0.20,0.20,01,500.00,500.00,10.00,100.00,10.00,20.00,'Altamente comercializado','A');
INSERT INTO `en_p2m_producto` (`ClaProCod`,`SubClaProCod`,`ProCod`,`ProDet`,`UniMedCod`,`ProPreUniVen`,`ProPreUniCom`,`MonCod`,`ProStk`,`ProStkRea`,`ProStkPreVen`,`VolUniAlm`,`ProStkMin`,`ProStkMax`,`ProObs`,`EstRegCod`) VALUES ('12','01','7755523050347','Chiclets Menta',03,0.20,0.20,01,500.00,500.00,10.00,100.00,10.00,20.00,'Altamente comercializado','A');
INSERT INTO `en_p2m_producto` (`ClaProCod`,`SubClaProCod`,`ProCod`,`ProDet`,`UniMedCod`,`ProPreUniVen`,`ProPreUniCom`,`MonCod`,`ProStk`,`ProStkRea`,`ProStkPreVen`,`VolUniAlm`,`ProStkMin`,`ProStkMax`,`ProObs`,`EstRegCod`) VALUES ('12','04','7755523050348','Nikolo',03,0.70,0.70,01,100.00,100.00,10.00,100.00,10.00,20.00,'Altamente comercializado','A');
INSERT INTO `en_p2m_producto` (`ClaProCod`,`SubClaProCod`,`ProCod`,`ProDet`,`UniMedCod`,`ProPreUniVen`,`ProPreUniCom`,`MonCod`,`ProStk`,`ProStkRea`,`ProStkPreVen`,`VolUniAlm`,`ProStkMin`,`ProStkMax`,`ProObs`,`EstRegCod`) VALUES ('12','04','7755523050349','Mecano',03,1.00,1.00,01,100.00,100.00,10.00,100.00,10.00,20.00,'Altamente comercializado','A');

COMMIT;


-- -----------------------------------------------------
-- Data for table `episerp`.`en_p1m_factura_venta_cab`
-- -----------------------------------------------------
START TRANSACTION;
USE `episerp`;
INSERT INTO `en_p1m_factura_venta_cab` (`FacVenCabCod`, `CliCod`, `UsuCod`, `FacVenCabFec`, `FacVenCabTot`, `FacVenCabSubTot`, `FacVenCabIGV`, `FacVenCabObs`, `EstFacCod`, `MetPagCod`, `TipPagCod`, `MonCod`, `EstRegCod`) VALUES ('001-000001', '1', '2', '2016-10-09', '1500', '1215', '19', 'Ninguna', '01', '01', '01', '01', 'A');
INSERT INTO `en_p1m_factura_venta_cab` (`FacVenCabCod`, `CliCod`, `UsuCod`, `FacVenCabFec`, `FacVenCabTot`, `FacVenCabSubTot`, `FacVenCabIGV`, `FacVenCabObs`, `EstFacCod`, `MetPagCod`, `TipPagCod`, `MonCod`, `EstRegCod`) VALUES ('001-000002', '2', '2', '2016-10-09', '23424.20', '1458', '19', 'Ninguna', '01', '01', '01', '01', 'A');
INSERT INTO `en_p1m_factura_venta_cab` (`FacVenCabCod`, `CliCod`, `UsuCod`, `FacVenCabFec`, `FacVenCabTot`, `FacVenCabSubTot`, `FacVenCabIGV`, `FacVenCabObs`, `EstFacCod`, `MetPagCod`, `TipPagCod`, `MonCod`, `EstRegCod`) VALUES ('001-000003', '3', '2', '2016-10-09', '23424.20', '1620', '19', 'Ninguna', '01', '01', '01', '01', 'A');
INSERT INTO `en_p1m_factura_venta_cab` (`FacVenCabCod`, `CliCod`, `UsuCod`, `FacVenCabFec`, `FacVenCabTot`, `FacVenCabSubTot`, `FacVenCabIGV`, `FacVenCabObs`, `EstFacCod`, `MetPagCod`, `TipPagCod`, `MonCod`, `EstRegCod`) VALUES ('001-000004', '4', '2', '2016-10-09', '724', '1417.5', '19', 'Ninguna', '01', '01', '01', '01', 'A');
INSERT INTO `en_p1m_factura_venta_cab` (`FacVenCabCod`, `CliCod`, `UsuCod`, `FacVenCabFec`, `FacVenCabTot`, `FacVenCabSubTot`, `FacVenCabIGV`, `FacVenCabObs`, `EstFacCod`, `MetPagCod`, `TipPagCod`, `MonCod`, `EstRegCod`) VALUES ('001-000005', '5', '2', '2016-10-09', '961', '2025', '19', 'Ninguna', '01', '01', '01', '01', 'A');
INSERT INTO `en_p1m_factura_venta_cab` (`FacVenCabCod`, `CliCod`, `UsuCod`, `FacVenCabFec`, `FacVenCabTot`, `FacVenCabSubTot`, `FacVenCabIGV`, `FacVenCabObs`, `EstFacCod`, `MetPagCod`, `TipPagCod`, `MonCod`, `EstRegCod`) VALUES ('001-000006', '6', '2', '2016-10-09', '153', '769.5', '19', 'Ninguna', '01', '01', '01', '01', 'A');
INSERT INTO `en_p1m_factura_venta_cab` (`FacVenCabCod`, `CliCod`, `UsuCod`, `FacVenCabFec`, `FacVenCabTot`, `FacVenCabSubTot`, `FacVenCabIGV`, `FacVenCabObs`, `EstFacCod`, `MetPagCod`, `TipPagCod`, `MonCod`, `EstRegCod`) VALUES ('001-000007', '7', '2', '2016-10-09', '771', '526.5', '19', 'Ninguna', '01', '01', '01', '01', 'A');
INSERT INTO `en_p1m_factura_venta_cab` (`FacVenCabCod`, `CliCod`, `UsuCod`, `FacVenCabFec`, `FacVenCabTot`, `FacVenCabSubTot`, `FacVenCabIGV`, `FacVenCabObs`, `EstFacCod`, `MetPagCod`, `TipPagCod`, `MonCod`, `EstRegCod`) VALUES ('001-000008', '8', '2', '2016-10-09', '811', '449.55', '19', 'Ninguna', '02', '02', '02', '01', 'A');
INSERT INTO `en_p1m_factura_venta_cab` (`FacVenCabCod`, `CliCod`, `UsuCod`, `FacVenCabFec`, `FacVenCabTot`, `FacVenCabSubTot`, `FacVenCabIGV`, `FacVenCabObs`, `EstFacCod`, `MetPagCod`, `TipPagCod`, `MonCod`, `EstRegCod`) VALUES ('001-000009', '9', '2', '2016-10-09', '547', '688.5', '19', 'Ninguna', '02', '02', '02', '01', 'A');
INSERT INTO `en_p1m_factura_venta_cab` (`FacVenCabCod`, `CliCod`, `UsuCod`, `FacVenCabFec`, `FacVenCabTot`, `FacVenCabSubTot`, `FacVenCabIGV`, `FacVenCabObs`, `EstFacCod`, `MetPagCod`, `TipPagCod`, `MonCod`, `EstRegCod`) VALUES ('001-000010', '10', '2', '2016-10-09', '778', '599.4', '19', 'Ninguna', '02', '02', '02', '01', 'A');
INSERT INTO `en_p1m_factura_venta_cab` (`FacVenCabCod`, `CliCod`, `UsuCod`, `FacVenCabFec`, `FacVenCabTot`, `FacVenCabSubTot`, `FacVenCabIGV`, `FacVenCabObs`, `EstFacCod`, `MetPagCod`, `TipPagCod`, `MonCod`, `EstRegCod`) VALUES ('001-000011', '1', '2', '2016-10-09', '264', '1215', '19', 'Ninguna', '01', '01', '01', '01', 'A');
INSERT INTO `en_p1m_factura_venta_cab` (`FacVenCabCod`, `CliCod`, `UsuCod`, `FacVenCabFec`, `FacVenCabTot`, `FacVenCabSubTot`, `FacVenCabIGV`, `FacVenCabObs`, `EstFacCod`, `MetPagCod`, `TipPagCod`, `MonCod`, `EstRegCod`) VALUES ('001-000012', '2', '2', '2016-10-09', '101', '1458', '19', 'Ninguna', '01', '01', '01', '01', 'A');
INSERT INTO `en_p1m_factura_venta_cab` (`FacVenCabCod`, `CliCod`, `UsuCod`, `FacVenCabFec`, `FacVenCabTot`, `FacVenCabSubTot`, `FacVenCabIGV`, `FacVenCabObs`, `EstFacCod`, `MetPagCod`, `TipPagCod`, `MonCod`, `EstRegCod`) VALUES ('001-000013', '3', '2', '2016-10-09', '966', '1620', '19', 'Ninguna', '01', '01', '01', '01', 'A');
INSERT INTO `en_p1m_factura_venta_cab` (`FacVenCabCod`, `CliCod`, `UsuCod`, `FacVenCabFec`, `FacVenCabTot`, `FacVenCabSubTot`, `FacVenCabIGV`, `FacVenCabObs`, `EstFacCod`, `MetPagCod`, `TipPagCod`, `MonCod`, `EstRegCod`) VALUES ('001-000014', '4', '2', '2016-10-09', '538', '1417.5', '19', 'Ninguna', '01', '01', '01', '01', 'A');
INSERT INTO `en_p1m_factura_venta_cab` (`FacVenCabCod`, `CliCod`, `UsuCod`, `FacVenCabFec`, `FacVenCabTot`, `FacVenCabSubTot`, `FacVenCabIGV`, `FacVenCabObs`, `EstFacCod`, `MetPagCod`, `TipPagCod`, `MonCod`, `EstRegCod`) VALUES ('001-000015', '5', '2', '2016-10-09', '724', '2025', '19', 'Ninguna', '01', '01', '01', '01', 'A');
INSERT INTO `en_p1m_factura_venta_cab` (`FacVenCabCod`, `CliCod`, `UsuCod`, `FacVenCabFec`, `FacVenCabTot`, `FacVenCabSubTot`, `FacVenCabIGV`, `FacVenCabObs`, `EstFacCod`, `MetPagCod`, `TipPagCod`, `MonCod`, `EstRegCod`) VALUES ('001-000016', '6', '2', '2016-10-09', '961', '769.5', '19', 'Ninguna', '01', '01', '01', '01', 'A');
INSERT INTO `en_p1m_factura_venta_cab` (`FacVenCabCod`, `CliCod`, `UsuCod`, `FacVenCabFec`, `FacVenCabTot`, `FacVenCabSubTot`, `FacVenCabIGV`, `FacVenCabObs`, `EstFacCod`, `MetPagCod`, `TipPagCod`, `MonCod`, `EstRegCod`) VALUES ('001-000017', '7', '2', '2016-10-09', '153', '526.5', '19', 'Ninguna', '01', '01', '01', '01', 'A');
INSERT INTO `en_p1m_factura_venta_cab` (`FacVenCabCod`, `CliCod`, `UsuCod`, `FacVenCabFec`, `FacVenCabTot`, `FacVenCabSubTot`, `FacVenCabIGV`, `FacVenCabObs`, `EstFacCod`, `MetPagCod`, `TipPagCod`, `MonCod`, `EstRegCod`) VALUES ('001-000018', '8', '2', '2016-10-09', '771', '449.55', '19', 'Ninguna', '02', '02', '02', '01', 'A');
INSERT INTO `en_p1m_factura_venta_cab` (`FacVenCabCod`, `CliCod`, `UsuCod`, `FacVenCabFec`, `FacVenCabTot`, `FacVenCabSubTot`, `FacVenCabIGV`, `FacVenCabObs`, `EstFacCod`, `MetPagCod`, `TipPagCod`, `MonCod`, `EstRegCod`) VALUES ('001-000019', '9', '2', '2016-10-09', '724', '688.5', '19', 'Ninguna', '02', '02', '02', '01', 'A');
INSERT INTO `en_p1m_factura_venta_cab` (`FacVenCabCod`, `CliCod`, `UsuCod`, `FacVenCabFec`, `FacVenCabTot`, `FacVenCabSubTot`, `FacVenCabIGV`, `FacVenCabObs`, `EstFacCod`, `MetPagCod`, `TipPagCod`, `MonCod`, `EstRegCod`) VALUES ('001-000020', '10', '2', '2016-10-09', '961', '599.4', '19', 'Ninguna', '02', '02', '02', '01', 'A');
INSERT INTO `en_p1m_factura_venta_cab` (`FacVenCabCod`, `CliCod`, `UsuCod`, `FacVenCabFec`, `FacVenCabTot`, `FacVenCabSubTot`, `FacVenCabIGV`, `FacVenCabObs`, `EstFacCod`, `MetPagCod`, `TipPagCod`, `MonCod`, `EstRegCod`) VALUES ('001-000021', '1', '2', '2016-10-09', '153', '1215', '19', 'Ninguna', '01', '01', '01', '01', 'A');
INSERT INTO `en_p1m_factura_venta_cab` (`FacVenCabCod`, `CliCod`, `UsuCod`, `FacVenCabFec`, `FacVenCabTot`, `FacVenCabSubTot`, `FacVenCabIGV`, `FacVenCabObs`, `EstFacCod`, `MetPagCod`, `TipPagCod`, `MonCod`, `EstRegCod`) VALUES ('001-000022', '2', '2', '2016-10-09', '771', '1458', '19', 'Ninguna', '01', '01', '01', '01', 'A');
INSERT INTO `en_p1m_factura_venta_cab` (`FacVenCabCod`, `CliCod`, `UsuCod`, `FacVenCabFec`, `FacVenCabTot`, `FacVenCabSubTot`, `FacVenCabIGV`, `FacVenCabObs`, `EstFacCod`, `MetPagCod`, `TipPagCod`, `MonCod`, `EstRegCod`) VALUES ('001-000023', '3', '2', '2016-10-09', '811', '1620', '19', 'Ninguna', '01', '01', '01', '01', 'A');
INSERT INTO `en_p1m_factura_venta_cab` (`FacVenCabCod`, `CliCod`, `UsuCod`, `FacVenCabFec`, `FacVenCabTot`, `FacVenCabSubTot`, `FacVenCabIGV`, `FacVenCabObs`, `EstFacCod`, `MetPagCod`, `TipPagCod`, `MonCod`, `EstRegCod`) VALUES ('001-000024', '4', '2', '2016-10-09', '547', '1417.5', '19', 'Ninguna', '01', '01', '01', '01', 'A');
INSERT INTO `en_p1m_factura_venta_cab` (`FacVenCabCod`, `CliCod`, `UsuCod`, `FacVenCabFec`, `FacVenCabTot`, `FacVenCabSubTot`, `FacVenCabIGV`, `FacVenCabObs`, `EstFacCod`, `MetPagCod`, `TipPagCod`, `MonCod`, `EstRegCod`) VALUES ('001-000025', '5', '2', '2016-10-09', '778', '2025', '19', 'Ninguna', '01', '01', '01', '01', 'A');
INSERT INTO `en_p1m_factura_venta_cab` (`FacVenCabCod`, `CliCod`, `UsuCod`, `FacVenCabFec`, `FacVenCabTot`, `FacVenCabSubTot`, `FacVenCabIGV`, `FacVenCabObs`, `EstFacCod`, `MetPagCod`, `TipPagCod`, `MonCod`, `EstRegCod`) VALUES ('001-000026', '6', '2', '2016-10-09', '264', '769.5', '19', 'Ninguna', '01', '01', '01', '01', 'A');
INSERT INTO `en_p1m_factura_venta_cab` (`FacVenCabCod`, `CliCod`, `UsuCod`, `FacVenCabFec`, `FacVenCabTot`, `FacVenCabSubTot`, `FacVenCabIGV`, `FacVenCabObs`, `EstFacCod`, `MetPagCod`, `TipPagCod`, `MonCod`, `EstRegCod`) VALUES ('001-000027', '7', '2', '2016-10-09', '101', '526.5', '19', 'Ninguna', '01', '01', '01', '01', 'A');
INSERT INTO `en_p1m_factura_venta_cab` (`FacVenCabCod`, `CliCod`, `UsuCod`, `FacVenCabFec`, `FacVenCabTot`, `FacVenCabSubTot`, `FacVenCabIGV`, `FacVenCabObs`, `EstFacCod`, `MetPagCod`, `TipPagCod`, `MonCod`, `EstRegCod`) VALUES ('001-000028', '8', '2', '2016-10-09', '966', '449.55', '19', 'Ninguna', '02', '02', '02', '01', 'A');
INSERT INTO `en_p1m_factura_venta_cab` (`FacVenCabCod`, `CliCod`, `UsuCod`, `FacVenCabFec`, `FacVenCabTot`, `FacVenCabSubTot`, `FacVenCabIGV`, `FacVenCabObs`, `EstFacCod`, `MetPagCod`, `TipPagCod`, `MonCod`, `EstRegCod`) VALUES ('001-000029', '9', '2', '2016-10-09', '538', '688.5', '19', 'Ninguna', '02', '02', '02', '01', 'A');
INSERT INTO `en_p1m_factura_venta_cab` (`FacVenCabCod`, `CliCod`, `UsuCod`, `FacVenCabFec`, `FacVenCabTot`, `FacVenCabSubTot`, `FacVenCabIGV`, `FacVenCabObs`, `EstFacCod`, `MetPagCod`, `TipPagCod`, `MonCod`, `EstRegCod`) VALUES ('001-000030', '10', '2', '2016-10-09', '704', '599.4', '19', 'Ninguna', '02', '02', '02', '01', 'A');
INSERT INTO `en_p1m_factura_venta_cab` (`FacVenCabCod`, `CliCod`, `UsuCod`, `FacVenCabFec`, `FacVenCabTot`, `FacVenCabSubTot`, `FacVenCabIGV`, `FacVenCabObs`, `EstFacCod`, `MetPagCod`, `TipPagCod`, `MonCod`, `EstRegCod`) VALUES ('001-000031', '1', '2', '2016-10-09', '72', '1215', '19', 'Ninguna', '01', '01', '01', '01', 'A');
INSERT INTO `en_p1m_factura_venta_cab` (`FacVenCabCod`, `CliCod`, `UsuCod`, `FacVenCabFec`, `FacVenCabTot`, `FacVenCabSubTot`, `FacVenCabIGV`, `FacVenCabObs`, `EstFacCod`, `MetPagCod`, `TipPagCod`, `MonCod`, `EstRegCod`) VALUES ('001-000032', '2', '2', '2016-10-09', '724', '1458', '19', 'Ninguna', '01', '01', '01', '01', 'A');
INSERT INTO `en_p1m_factura_venta_cab` (`FacVenCabCod`, `CliCod`, `UsuCod`, `FacVenCabFec`, `FacVenCabTot`, `FacVenCabSubTot`, `FacVenCabIGV`, `FacVenCabObs`, `EstFacCod`, `MetPagCod`, `TipPagCod`, `MonCod`, `EstRegCod`) VALUES ('001-000033', '3', '2', '2016-10-09', '961', '1620', '19', 'Ninguna', '01', '01', '01', '01', 'A');
INSERT INTO `en_p1m_factura_venta_cab` (`FacVenCabCod`, `CliCod`, `UsuCod`, `FacVenCabFec`, `FacVenCabTot`, `FacVenCabSubTot`, `FacVenCabIGV`, `FacVenCabObs`, `EstFacCod`, `MetPagCod`, `TipPagCod`, `MonCod`, `EstRegCod`) VALUES ('001-000034', '4', '2', '2016-10-09', '153', '1417.5', '19', 'Ninguna', '01', '01', '01', '01', 'A');
INSERT INTO `en_p1m_factura_venta_cab` (`FacVenCabCod`, `CliCod`, `UsuCod`, `FacVenCabFec`, `FacVenCabTot`, `FacVenCabSubTot`, `FacVenCabIGV`, `FacVenCabObs`, `EstFacCod`, `MetPagCod`, `TipPagCod`, `MonCod`, `EstRegCod`) VALUES ('001-000035', '5', '2', '2016-10-09', '771', '2025', '19', 'Ninguna', '01', '01', '01', '01', 'A');
INSERT INTO `en_p1m_factura_venta_cab` (`FacVenCabCod`, `CliCod`, `UsuCod`, `FacVenCabFec`, `FacVenCabTot`, `FacVenCabSubTot`, `FacVenCabIGV`, `FacVenCabObs`, `EstFacCod`, `MetPagCod`, `TipPagCod`, `MonCod`, `EstRegCod`) VALUES ('001-000036', '6', '2', '2016-10-09', '811', '769.5', '19', 'Ninguna', '01', '01', '01', '01', 'A');
INSERT INTO `en_p1m_factura_venta_cab` (`FacVenCabCod`, `CliCod`, `UsuCod`, `FacVenCabFec`, `FacVenCabTot`, `FacVenCabSubTot`, `FacVenCabIGV`, `FacVenCabObs`, `EstFacCod`, `MetPagCod`, `TipPagCod`, `MonCod`, `EstRegCod`) VALUES ('001-000037', '7', '2', '2016-10-09', '547', '526.5', '19', 'Ninguna', '01', '01', '01', '01', 'A');
INSERT INTO `en_p1m_factura_venta_cab` (`FacVenCabCod`, `CliCod`, `UsuCod`, `FacVenCabFec`, `FacVenCabTot`, `FacVenCabSubTot`, `FacVenCabIGV`, `FacVenCabObs`, `EstFacCod`, `MetPagCod`, `TipPagCod`, `MonCod`, `EstRegCod`) VALUES ('001-000038', '8', '2', '2016-10-09', '778', '449.55', '19', 'Ninguna', '02', '02', '02', '01', 'A');
INSERT INTO `en_p1m_factura_venta_cab` (`FacVenCabCod`, `CliCod`, `UsuCod`, `FacVenCabFec`, `FacVenCabTot`, `FacVenCabSubTot`, `FacVenCabIGV`, `FacVenCabObs`, `EstFacCod`, `MetPagCod`, `TipPagCod`, `MonCod`, `EstRegCod`) VALUES ('001-000039', '9', '2', '2016-10-09', '101', '688.5', '19', 'Ninguna', '02', '02', '02', '01', 'A');
INSERT INTO `en_p1m_factura_venta_cab` (`FacVenCabCod`, `CliCod`, `UsuCod`, `FacVenCabFec`, `FacVenCabTot`, `FacVenCabSubTot`, `FacVenCabIGV`, `FacVenCabObs`, `EstFacCod`, `MetPagCod`, `TipPagCod`, `MonCod`, `EstRegCod`) VALUES ('001-000040', '10', '2', '2016-10-09', '966', '599.4', '19', 'Ninguna', '02', '02', '02', '01', 'A');
INSERT INTO `en_p1m_factura_venta_cab` (`FacVenCabCod`, `CliCod`, `UsuCod`, `FacVenCabFec`, `FacVenCabTot`, `FacVenCabSubTot`, `FacVenCabIGV`, `FacVenCabObs`, `EstFacCod`, `MetPagCod`, `TipPagCod`, `MonCod`, `EstRegCod`) VALUES ('001-000041', '1', '2', '2016-10-09', '538', '1215', '19', 'Ninguna', '01', '01', '01', '01', 'A');
INSERT INTO `en_p1m_factura_venta_cab` (`FacVenCabCod`, `CliCod`, `UsuCod`, `FacVenCabFec`, `FacVenCabTot`, `FacVenCabSubTot`, `FacVenCabIGV`, `FacVenCabObs`, `EstFacCod`, `MetPagCod`, `TipPagCod`, `MonCod`, `EstRegCod`) VALUES ('001-000042', '2', '2', '2016-10-09', '704', '1458', '19', 'Ninguna', '01', '01', '01', '01', 'A');
INSERT INTO `en_p1m_factura_venta_cab` (`FacVenCabCod`, `CliCod`, `UsuCod`, `FacVenCabFec`, `FacVenCabTot`, `FacVenCabSubTot`, `FacVenCabIGV`, `FacVenCabObs`, `EstFacCod`, `MetPagCod`, `TipPagCod`, `MonCod`, `EstRegCod`) VALUES ('001-000043', '3', '2', '2016-10-09', '72', '1620', '19', 'Ninguna', '01', '01', '01', '01', 'A');
INSERT INTO `en_p1m_factura_venta_cab` (`FacVenCabCod`, `CliCod`, `UsuCod`, `FacVenCabFec`, `FacVenCabTot`, `FacVenCabSubTot`, `FacVenCabIGV`, `FacVenCabObs`, `EstFacCod`, `MetPagCod`, `TipPagCod`, `MonCod`, `EstRegCod`) VALUES ('001-000044', '4', '2', '2016-10-09', '724', '1417.5', '19', 'Ninguna', '01', '01', '01', '01', 'A');
INSERT INTO `en_p1m_factura_venta_cab` (`FacVenCabCod`, `CliCod`, `UsuCod`, `FacVenCabFec`, `FacVenCabTot`, `FacVenCabSubTot`, `FacVenCabIGV`, `FacVenCabObs`, `EstFacCod`, `MetPagCod`, `TipPagCod`, `MonCod`, `EstRegCod`) VALUES ('001-000045', '5', '2', '2016-10-09', '2500',  '2025', '19', 'Ninguna', '01', '01', '01', '01', 'A');
INSERT INTO `en_p1m_factura_venta_cab` (`FacVenCabCod`, `CliCod`, `UsuCod`, `FacVenCabFec`, `FacVenCabTot`, `FacVenCabSubTot`, `FacVenCabIGV`, `FacVenCabObs`, `EstFacCod`, `MetPagCod`, `TipPagCod`, `MonCod`, `EstRegCod`) VALUES ('001-000046', '6', '2', '2016-10-09', '961', '769.5', '19', 'Ninguna', '01', '01', '01', '01', 'A');
INSERT INTO `en_p1m_factura_venta_cab` (`FacVenCabCod`, `CliCod`, `UsuCod`, `FacVenCabFec`, `FacVenCabTot`, `FacVenCabSubTot`, `FacVenCabIGV`, `FacVenCabObs`, `EstFacCod`, `MetPagCod`, `TipPagCod`, `MonCod`, `EstRegCod`) VALUES ('001-000047', '7', '2', '2016-10-09', '153', '526.5', '19', 'Ninguna', '01', '01', '01', '01', 'A');
INSERT INTO `en_p1m_factura_venta_cab` (`FacVenCabCod`, `CliCod`, `UsuCod`, `FacVenCabFec`, `FacVenCabTot`, `FacVenCabSubTot`, `FacVenCabIGV`, `FacVenCabObs`, `EstFacCod`, `MetPagCod`, `TipPagCod`, `MonCod`, `EstRegCod`) VALUES ('001-000048', '8', '2', '2016-10-09', '771', '449.55', '19', 'Ninguna', '02', '02', '02', '01', 'A');
INSERT INTO `en_p1m_factura_venta_cab` (`FacVenCabCod`, `CliCod`, `UsuCod`, `FacVenCabFec`, `FacVenCabTot`, `FacVenCabSubTot`, `FacVenCabIGV`, `FacVenCabObs`, `EstFacCod`, `MetPagCod`, `TipPagCod`, `MonCod`, `EstRegCod`) VALUES ('001-000049', '9', '2', '2016-10-09', '811', '688.5', '19', 'Ninguna', '02', '02', '02', '01', 'A');
INSERT INTO `en_p1m_factura_venta_cab` (`FacVenCabCod`, `CliCod`, `UsuCod`, `FacVenCabFec`, `FacVenCabTot`, `FacVenCabSubTot`, `FacVenCabIGV`, `FacVenCabObs`, `EstFacCod`, `MetPagCod`, `TipPagCod`, `MonCod`, `EstRegCod`) VALUES ('001-000050', '10', '2', '2016-10-09', '547', '599.4', '19', 'Ninguna', '02', '02', '02', '01', 'A');
INSERT INTO `en_p1m_factura_venta_cab` (`FacVenCabCod`, `CliCod`, `UsuCod`, `FacVenCabFec`, `FacVenCabTot`, `FacVenCabSubTot`, `FacVenCabIGV`, `FacVenCabObs`, `EstFacCod`, `MetPagCod`, `TipPagCod`, `MonCod`, `EstRegCod`) VALUES ('001-000051', '1', '2', '2016-10-09', '778', '1215', '19', 'Ninguna', '01', '01', '01', '01', 'A');
INSERT INTO `en_p1m_factura_venta_cab` (`FacVenCabCod`, `CliCod`, `UsuCod`, `FacVenCabFec`, `FacVenCabTot`, `FacVenCabSubTot`, `FacVenCabIGV`, `FacVenCabObs`, `EstFacCod`, `MetPagCod`, `TipPagCod`, `MonCod`, `EstRegCod`) VALUES ('001-000052', '2', '2', '2016-10-09', '264', '1458', '19', 'Ninguna', '01', '01', '01', '01', 'A');
INSERT INTO `en_p1m_factura_venta_cab` (`FacVenCabCod`, `CliCod`, `UsuCod`, `FacVenCabFec`, `FacVenCabTot`, `FacVenCabSubTot`, `FacVenCabIGV`, `FacVenCabObs`, `EstFacCod`, `MetPagCod`, `TipPagCod`, `MonCod`, `EstRegCod`) VALUES ('001-000053', '3', '2', '2016-10-09', '101', '1620', '19', 'Ninguna', '01', '01', '01', '01', 'A');
INSERT INTO `en_p1m_factura_venta_cab` (`FacVenCabCod`, `CliCod`, `UsuCod`, `FacVenCabFec`, `FacVenCabTot`, `FacVenCabSubTot`, `FacVenCabIGV`, `FacVenCabObs`, `EstFacCod`, `MetPagCod`, `TipPagCod`, `MonCod`, `EstRegCod`) VALUES ('001-000054', '4', '2', '2016-10-09', '966', '1417.5', '19', 'Ninguna', '01', '01', '01', '01', 'A');
INSERT INTO `en_p1m_factura_venta_cab` (`FacVenCabCod`, `CliCod`, `UsuCod`, `FacVenCabFec`, `FacVenCabTot`, `FacVenCabSubTot`, `FacVenCabIGV`, `FacVenCabObs`, `EstFacCod`, `MetPagCod`, `TipPagCod`, `MonCod`, `EstRegCod`) VALUES ('001-000055', '5', '2', '2016-10-09', '538', '2025', '19', 'Ninguna', '01', '01', '01', '01', 'A');
INSERT INTO `en_p1m_factura_venta_cab` (`FacVenCabCod`, `CliCod`, `UsuCod`, `FacVenCabFec`, `FacVenCabTot`, `FacVenCabSubTot`, `FacVenCabIGV`, `FacVenCabObs`, `EstFacCod`, `MetPagCod`, `TipPagCod`, `MonCod`, `EstRegCod`) VALUES ('001-000056', '6', '2', '2016-10-09', '704', '769.5', '19', 'Ninguna', '01', '01', '01', '01', 'A');
INSERT INTO `en_p1m_factura_venta_cab` (`FacVenCabCod`, `CliCod`, `UsuCod`, `FacVenCabFec`, `FacVenCabTot`, `FacVenCabSubTot`, `FacVenCabIGV`, `FacVenCabObs`, `EstFacCod`, `MetPagCod`, `TipPagCod`, `MonCod`, `EstRegCod`) VALUES ('001-000057', '7', '2', '2016-10-09', '72', '526.5', '19', 'Ninguna', '01', '01', '01', '01', 'A');
INSERT INTO `en_p1m_factura_venta_cab` (`FacVenCabCod`, `CliCod`, `UsuCod`, `FacVenCabFec`, `FacVenCabTot`, `FacVenCabSubTot`, `FacVenCabIGV`, `FacVenCabObs`, `EstFacCod`, `MetPagCod`, `TipPagCod`, `MonCod`, `EstRegCod`) VALUES ('001-000058', '8', '2', '2016-10-09', '724', '449.55', '19', 'Ninguna', '02', '02', '02', '01', 'A');
INSERT INTO `en_p1m_factura_venta_cab` (`FacVenCabCod`, `CliCod`, `UsuCod`, `FacVenCabFec`, `FacVenCabTot`, `FacVenCabSubTot`, `FacVenCabIGV`, `FacVenCabObs`, `EstFacCod`, `MetPagCod`, `TipPagCod`, `MonCod`, `EstRegCod`) VALUES ('001-000059', '9', '2', '2016-10-09', '961', '688.5', '19', 'Ninguna', '02', '02', '02', '01', 'A');
INSERT INTO `en_p1m_factura_venta_cab` (`FacVenCabCod`, `CliCod`, `UsuCod`, `FacVenCabFec`, `FacVenCabTot`, `FacVenCabSubTot`, `FacVenCabIGV`, `FacVenCabObs`, `EstFacCod`, `MetPagCod`, `TipPagCod`, `MonCod`, `EstRegCod`) VALUES ('001-000060', '10', '2', '2016-10-09', '153', '599.4', '19', 'Ninguna', '02', '02', '02', '01', 'A');
INSERT INTO `en_p1m_factura_venta_cab` (`FacVenCabCod`, `CliCod`, `UsuCod`, `FacVenCabFec`, `FacVenCabTot`, `FacVenCabSubTot`, `FacVenCabIGV`, `FacVenCabObs`, `EstFacCod`, `MetPagCod`, `TipPagCod`, `MonCod`, `EstRegCod`) VALUES ('001-000061', '1', '2', '2016-10-09', '771', '1215', '19', 'Ninguna', '01', '01', '01', '01', 'A');
INSERT INTO `en_p1m_factura_venta_cab` (`FacVenCabCod`, `CliCod`, `UsuCod`, `FacVenCabFec`, `FacVenCabTot`, `FacVenCabSubTot`, `FacVenCabIGV`, `FacVenCabObs`, `EstFacCod`, `MetPagCod`, `TipPagCod`, `MonCod`, `EstRegCod`) VALUES ('001-000062', '2', '2', '2016-10-09', '811', '1458', '19', 'Ninguna', '01', '01', '01', '01', 'A');
INSERT INTO `en_p1m_factura_venta_cab` (`FacVenCabCod`, `CliCod`, `UsuCod`, `FacVenCabFec`, `FacVenCabTot`, `FacVenCabSubTot`, `FacVenCabIGV`, `FacVenCabObs`, `EstFacCod`, `MetPagCod`, `TipPagCod`, `MonCod`, `EstRegCod`) VALUES ('001-000063', '3', '2', '2016-10-09', '547', '1620', '19', 'Ninguna', '01', '01', '01', '01', 'A');
INSERT INTO `en_p1m_factura_venta_cab` (`FacVenCabCod`, `CliCod`, `UsuCod`, `FacVenCabFec`, `FacVenCabTot`, `FacVenCabSubTot`, `FacVenCabIGV`, `FacVenCabObs`, `EstFacCod`, `MetPagCod`, `TipPagCod`, `MonCod`, `EstRegCod`) VALUES ('001-000064', '4', '2', '2016-10-09', '778', '1417.5', '19', 'Ninguna', '01', '01', '01', '01', 'A');
INSERT INTO `en_p1m_factura_venta_cab` (`FacVenCabCod`, `CliCod`, `UsuCod`, `FacVenCabFec`, `FacVenCabTot`, `FacVenCabSubTot`, `FacVenCabIGV`, `FacVenCabObs`, `EstFacCod`, `MetPagCod`, `TipPagCod`, `MonCod`, `EstRegCod`) VALUES ('001-000065', '5', '2', '2016-10-09', '264', '2025', '19', 'Ninguna', '01', '01', '01', '01', 'A');
INSERT INTO `en_p1m_factura_venta_cab` (`FacVenCabCod`, `CliCod`, `UsuCod`, `FacVenCabFec`, `FacVenCabTot`, `FacVenCabSubTot`, `FacVenCabIGV`, `FacVenCabObs`, `EstFacCod`, `MetPagCod`, `TipPagCod`, `MonCod`, `EstRegCod`) VALUES ('001-000066', '6', '2', '2016-10-09', '101', '769.5', '19', 'Ninguna', '01', '01', '01', '01', 'A');
INSERT INTO `en_p1m_factura_venta_cab` (`FacVenCabCod`, `CliCod`, `UsuCod`, `FacVenCabFec`, `FacVenCabTot`, `FacVenCabSubTot`, `FacVenCabIGV`, `FacVenCabObs`, `EstFacCod`, `MetPagCod`, `TipPagCod`, `MonCod`, `EstRegCod`) VALUES ('001-000067', '7', '2', '2016-10-09', '966', '526.5', '19', 'Ninguna', '01', '01', '01', '01', 'A');
INSERT INTO `en_p1m_factura_venta_cab` (`FacVenCabCod`, `CliCod`, `UsuCod`, `FacVenCabFec`, `FacVenCabTot`, `FacVenCabSubTot`, `FacVenCabIGV`, `FacVenCabObs`, `EstFacCod`, `MetPagCod`, `TipPagCod`, `MonCod`, `EstRegCod`) VALUES ('001-000068', '8', '2', '2016-10-09', '538', '449.55', '19', 'Ninguna', '02', '02', '02', '01', 'A');
INSERT INTO `en_p1m_factura_venta_cab` (`FacVenCabCod`, `CliCod`, `UsuCod`, `FacVenCabFec`, `FacVenCabTot`, `FacVenCabSubTot`, `FacVenCabIGV`, `FacVenCabObs`, `EstFacCod`, `MetPagCod`, `TipPagCod`, `MonCod`, `EstRegCod`) VALUES ('001-000069', '9', '2', '2016-10-09', '704', '688.5', '19', 'Ninguna', '02', '02', '02', '01', 'A');
INSERT INTO `en_p1m_factura_venta_cab` (`FacVenCabCod`, `CliCod`, `UsuCod`, `FacVenCabFec`, `FacVenCabTot`, `FacVenCabSubTot`, `FacVenCabIGV`, `FacVenCabObs`, `EstFacCod`, `MetPagCod`, `TipPagCod`, `MonCod`, `EstRegCod`) VALUES ('001-000070', '10', '2', '2016-10-09', '72', '599.4', '19', 'Ninguna', '02', '02', '02', '01', 'A');
INSERT INTO `en_p1m_factura_venta_cab` (`FacVenCabCod`, `CliCod`, `UsuCod`, `FacVenCabFec`, `FacVenCabTot`, `FacVenCabSubTot`, `FacVenCabIGV`, `FacVenCabObs`, `EstFacCod`, `MetPagCod`, `TipPagCod`, `MonCod`, `EstRegCod`) VALUES ('001-000071', '1', '2', '2016-10-09', '161', '1215', '19', 'Ninguna', '01', '01', '01', '01', 'A');
INSERT INTO `en_p1m_factura_venta_cab` (`FacVenCabCod`, `CliCod`, `UsuCod`, `FacVenCabFec`, `FacVenCabTot`, `FacVenCabSubTot`, `FacVenCabIGV`, `FacVenCabObs`, `EstFacCod`, `MetPagCod`, `TipPagCod`, `MonCod`, `EstRegCod`) VALUES ('001-000072', '2', '2', '2016-10-09', '150', '1458', '19', 'Ninguna', '01', '01', '01', '01', 'A');
INSERT INTO `en_p1m_factura_venta_cab` (`FacVenCabCod`, `CliCod`, `UsuCod`, `FacVenCabFec`, `FacVenCabTot`, `FacVenCabSubTot`, `FacVenCabIGV`, `FacVenCabObs`, `EstFacCod`, `MetPagCod`, `TipPagCod`, `MonCod`, `EstRegCod`) VALUES ('001-000073', '3', '2', '2016-10-09', '457', '1620', '19', 'Ninguna', '01', '01', '01', '01', 'A');
INSERT INTO `en_p1m_factura_venta_cab` (`FacVenCabCod`, `CliCod`, `UsuCod`, `FacVenCabFec`, `FacVenCabTot`, `FacVenCabSubTot`, `FacVenCabIGV`, `FacVenCabObs`, `EstFacCod`, `MetPagCod`, `TipPagCod`, `MonCod`, `EstRegCod`) VALUES ('001-000074', '4', '2', '2016-10-09', '589', '1417.5', '19', 'Ninguna', '01', '01', '01', '01', 'A');
INSERT INTO `en_p1m_factura_venta_cab` (`FacVenCabCod`, `CliCod`, `UsuCod`, `FacVenCabFec`, `FacVenCabTot`, `FacVenCabSubTot`, `FacVenCabIGV`, `FacVenCabObs`, `EstFacCod`, `MetPagCod`, `TipPagCod`, `MonCod`, `EstRegCod`) VALUES ('001-000075', '5', '2', '2016-10-09', '762', '2025', '19', 'Ninguna', '01', '01', '01', '01', 'A');
INSERT INTO `en_p1m_factura_venta_cab` (`FacVenCabCod`, `CliCod`, `UsuCod`, `FacVenCabFec`, `FacVenCabTot`, `FacVenCabSubTot`, `FacVenCabIGV`, `FacVenCabObs`, `EstFacCod`, `MetPagCod`, `TipPagCod`, `MonCod`, `EstRegCod`) VALUES ('001-000076', '6', '2', '2016-10-09', '41', '769.5', '19', 'Ninguna', '01', '01', '01', '01', 'A');
INSERT INTO `en_p1m_factura_venta_cab` (`FacVenCabCod`, `CliCod`, `UsuCod`, `FacVenCabFec`, `FacVenCabTot`, `FacVenCabSubTot`, `FacVenCabIGV`, `FacVenCabObs`, `EstFacCod`, `MetPagCod`, `TipPagCod`, `MonCod`, `EstRegCod`) VALUES ('001-000077', '7', '2', '2016-10-09', '348', '526.5', '19', 'Ninguna', '01', '01', '01', '01', 'A');
INSERT INTO `en_p1m_factura_venta_cab` (`FacVenCabCod`, `CliCod`, `UsuCod`, `FacVenCabFec`, `FacVenCabTot`, `FacVenCabSubTot`, `FacVenCabIGV`, `FacVenCabObs`, `EstFacCod`, `MetPagCod`, `TipPagCod`, `MonCod`, `EstRegCod`) VALUES ('001-000078', '8', '2', '2016-10-09', '938', '449.55', '19', 'Ninguna', '02', '02', '02', '01', 'A');
INSERT INTO `en_p1m_factura_venta_cab` (`FacVenCabCod`, `CliCod`, `UsuCod`, `FacVenCabFec`, `FacVenCabTot`, `FacVenCabSubTot`, `FacVenCabIGV`, `FacVenCabObs`, `EstFacCod`, `MetPagCod`, `TipPagCod`, `MonCod`, `EstRegCod`) VALUES ('001-000079', '9', '2', '2016-10-09', '807', '688.5', '19', 'Ninguna', '02', '02', '02', '01', 'A');
INSERT INTO `en_p1m_factura_venta_cab` (`FacVenCabCod`, `CliCod`, `UsuCod`, `FacVenCabFec`, `FacVenCabTot`, `FacVenCabSubTot`, `FacVenCabIGV`, `FacVenCabObs`, `EstFacCod`, `MetPagCod`, `TipPagCod`, `MonCod`, `EstRegCod`) VALUES ('001-000080', '10', '2', '2016-10-09', '451', '599.4', '19', 'Ninguna', '02', '02', '02', '01', 'A');
INSERT INTO `en_p1m_factura_venta_cab` (`FacVenCabCod`, `CliCod`, `UsuCod`, `FacVenCabFec`, `FacVenCabTot`, `FacVenCabSubTot`, `FacVenCabIGV`, `FacVenCabObs`, `EstFacCod`, `MetPagCod`, `TipPagCod`, `MonCod`, `EstRegCod`) VALUES ('001-000081', '1', '2', '2016-10-09', '844', '1215', '19', 'Ninguna', '01', '01', '01', '01', 'A');
INSERT INTO `en_p1m_factura_venta_cab` (`FacVenCabCod`, `CliCod`, `UsuCod`, `FacVenCabFec`, `FacVenCabTot`, `FacVenCabSubTot`, `FacVenCabIGV`, `FacVenCabObs`, `EstFacCod`, `MetPagCod`, `TipPagCod`, `MonCod`, `EstRegCod`) VALUES ('001-000082', '2', '2', '2016-10-09', '587', '1458', '19', 'Ninguna', '01', '01', '01', '01', 'A');
INSERT INTO `en_p1m_factura_venta_cab` (`FacVenCabCod`, `CliCod`, `UsuCod`, `FacVenCabFec`, `FacVenCabTot`, `FacVenCabSubTot`, `FacVenCabIGV`, `FacVenCabObs`, `EstFacCod`, `MetPagCod`, `TipPagCod`, `MonCod`, `EstRegCod`) VALUES ('001-000083', '3', '2', '2016-10-09', '798', '1620', '19', 'Ninguna', '01', '01', '01', '01', 'A');
INSERT INTO `en_p1m_factura_venta_cab` (`FacVenCabCod`, `CliCod`, `UsuCod`, `FacVenCabFec`, `FacVenCabTot`, `FacVenCabSubTot`, `FacVenCabIGV`, `FacVenCabObs`, `EstFacCod`, `MetPagCod`, `TipPagCod`, `MonCod`, `EstRegCod`) VALUES ('001-000084', '4', '2', '2016-10-09', '292', '1417.5', '19', 'Ninguna', '01', '01', '01', '01', 'A');
INSERT INTO `en_p1m_factura_venta_cab` (`FacVenCabCod`, `CliCod`, `UsuCod`, `FacVenCabFec`, `FacVenCabTot`, `FacVenCabSubTot`, `FacVenCabIGV`, `FacVenCabObs`, `EstFacCod`, `MetPagCod`, `TipPagCod`, `MonCod`, `EstRegCod`) VALUES ('001-000085', '5', '2', '2016-10-09', '156', '2025', '19', 'Ninguna', '01', '01', '01', '01', 'A');
INSERT INTO `en_p1m_factura_venta_cab` (`FacVenCabCod`, `CliCod`, `UsuCod`, `FacVenCabFec`, `FacVenCabTot`, `FacVenCabSubTot`, `FacVenCabIGV`, `FacVenCabObs`, `EstFacCod`, `MetPagCod`, `TipPagCod`, `MonCod`, `EstRegCod`) VALUES ('001-000086', '6', '2', '2016-10-09', '886', '769.5', '19', 'Ninguna', '01', '01', '01', '01', 'A');
INSERT INTO `en_p1m_factura_venta_cab` (`FacVenCabCod`, `CliCod`, `UsuCod`, `FacVenCabFec`, `FacVenCabTot`, `FacVenCabSubTot`, `FacVenCabIGV`, `FacVenCabObs`, `EstFacCod`, `MetPagCod`, `TipPagCod`, `MonCod`, `EstRegCod`) VALUES ('001-000087', '7', '2', '2016-10-09', '322', '526.5', '19', 'Ninguna', '01', '01', '01', '01', 'A');
INSERT INTO `en_p1m_factura_venta_cab` (`FacVenCabCod`, `CliCod`, `UsuCod`, `FacVenCabFec`, `FacVenCabTot`, `FacVenCabSubTot`, `FacVenCabIGV`, `FacVenCabObs`, `EstFacCod`, `MetPagCod`, `TipPagCod`, `MonCod`, `EstRegCod`) VALUES ('001-000088', '8', '2', '2016-10-09', '712', '449.55', '19', 'Ninguna', '02', '02', '02', '01', 'A');
INSERT INTO `en_p1m_factura_venta_cab` (`FacVenCabCod`, `CliCod`, `UsuCod`, `FacVenCabFec`, `FacVenCabTot`, `FacVenCabSubTot`, `FacVenCabIGV`, `FacVenCabObs`, `EstFacCod`, `MetPagCod`, `TipPagCod`, `MonCod`, `EstRegCod`) VALUES ('001-000089', '9', '2', '2016-10-09', '255', '688.5', '19', 'Ninguna', '02', '02', '02', '01', 'A');
INSERT INTO `en_p1m_factura_venta_cab` (`FacVenCabCod`, `CliCod`, `UsuCod`, `FacVenCabFec`, `FacVenCabTot`, `FacVenCabSubTot`, `FacVenCabIGV`, `FacVenCabObs`, `EstFacCod`, `MetPagCod`, `TipPagCod`, `MonCod`, `EstRegCod`) VALUES ('001-000090', '10', '2', '2016-10-09', '757', '599.4', '19', 'Ninguna', '02', '02', '02', '01', 'A');
INSERT INTO `en_p1m_factura_venta_cab` (`FacVenCabCod`, `CliCod`, `UsuCod`, `FacVenCabFec`, `FacVenCabTot`, `FacVenCabSubTot`, `FacVenCabIGV`, `FacVenCabObs`, `EstFacCod`, `MetPagCod`, `TipPagCod`, `MonCod`, `EstRegCod`) VALUES ('001-000091', '1', '2', '2016-10-09', '368', '1215', '19', 'Ninguna', '01', '01', '01', '01', 'A');
INSERT INTO `en_p1m_factura_venta_cab` (`FacVenCabCod`, `CliCod`, `UsuCod`, `FacVenCabFec`, `FacVenCabTot`, `FacVenCabSubTot`, `FacVenCabIGV`, `FacVenCabObs`, `EstFacCod`, `MetPagCod`, `TipPagCod`, `MonCod`, `EstRegCod`) VALUES ('001-000092', '2', '2', '2016-10-09', '60', '1458', '19', 'Ninguna', '01', '01', '01', '01', 'A');
INSERT INTO `en_p1m_factura_venta_cab` (`FacVenCabCod`, `CliCod`, `UsuCod`, `FacVenCabFec`, `FacVenCabTot`, `FacVenCabSubTot`, `FacVenCabIGV`, `FacVenCabObs`, `EstFacCod`, `MetPagCod`, `TipPagCod`, `MonCod`, `EstRegCod`) VALUES ('001-000093', '3', '2', '2016-10-09', '549', '1620', '19', 'Ninguna', '01', '01', '01', '01', 'A');
INSERT INTO `en_p1m_factura_venta_cab` (`FacVenCabCod`, `CliCod`, `UsuCod`, `FacVenCabFec`, `FacVenCabTot`, `FacVenCabSubTot`, `FacVenCabIGV`, `FacVenCabObs`, `EstFacCod`, `MetPagCod`, `TipPagCod`, `MonCod`, `EstRegCod`) VALUES ('001-000094', '4', '2', '2016-10-09', '105', '1417.5', '19', 'Ninguna', '01', '01', '01', '01', 'A');
INSERT INTO `en_p1m_factura_venta_cab` (`FacVenCabCod`, `CliCod`, `UsuCod`, `FacVenCabFec`, `FacVenCabTot`, `FacVenCabSubTot`, `FacVenCabIGV`, `FacVenCabObs`, `EstFacCod`, `MetPagCod`, `TipPagCod`, `MonCod`, `EstRegCod`) VALUES ('001-000095', '5', '2', '2016-10-09', '786', '2025', '19', 'Ninguna', '01', '01', '01', '01', 'A');
INSERT INTO `en_p1m_factura_venta_cab` (`FacVenCabCod`, `CliCod`, `UsuCod`, `FacVenCabFec`, `FacVenCabTot`, `FacVenCabSubTot`, `FacVenCabIGV`, `FacVenCabObs`, `EstFacCod`, `MetPagCod`, `TipPagCod`, `MonCod`, `EstRegCod`) VALUES ('001-000096', '6', '2', '2016-10-09', '945', '769.5', '19', 'Ninguna', '01', '01', '01', '01', 'A');
INSERT INTO `en_p1m_factura_venta_cab` (`FacVenCabCod`, `CliCod`, `UsuCod`, `FacVenCabFec`, `FacVenCabTot`, `FacVenCabSubTot`, `FacVenCabIGV`, `FacVenCabObs`, `EstFacCod`, `MetPagCod`, `TipPagCod`, `MonCod`, `EstRegCod`) VALUES ('001-000097', '7', '2', '2016-10-09', '196', '526.5', '19', 'Ninguna', '01', '01', '01', '01', 'A');
INSERT INTO `en_p1m_factura_venta_cab` (`FacVenCabCod`, `CliCod`, `UsuCod`, `FacVenCabFec`, `FacVenCabTot`, `FacVenCabSubTot`, `FacVenCabIGV`, `FacVenCabObs`, `EstFacCod`, `MetPagCod`, `TipPagCod`, `MonCod`, `EstRegCod`) VALUES ('001-000098', '8', '2', '2016-10-09', '659', '449.55', '19', 'Ninguna', '02', '02', '02', '01', 'A');
INSERT INTO `en_p1m_factura_venta_cab` (`FacVenCabCod`, `CliCod`, `UsuCod`, `FacVenCabFec`, `FacVenCabTot`, `FacVenCabSubTot`, `FacVenCabIGV`, `FacVenCabObs`, `EstFacCod`, `MetPagCod`, `TipPagCod`, `MonCod`, `EstRegCod`) VALUES ('001-000099', '9', '2', '2016-10-09', '186', '688.5', '19', 'Ninguna', '02', '02', '02', '01', 'A');
INSERT INTO `en_p1m_factura_venta_cab` (`FacVenCabCod`, `CliCod`, `UsuCod`, `FacVenCabFec`, `FacVenCabTot`, `FacVenCabSubTot`, `FacVenCabIGV`, `FacVenCabObs`, `EstFacCod`, `MetPagCod`, `TipPagCod`, `MonCod`, `EstRegCod`) VALUES ('001-000100', '10', '2', '2016-10-09', '391', '599.4', '19', 'Ninguna', '02', '02', '02', '01', 'A');
INSERT INTO `en_p1m_factura_venta_cab` (`FacVenCabCod`, `CliCod`, `UsuCod`, `FacVenCabFec`, `FacVenCabTot`, `FacVenCabSubTot`, `FacVenCabIGV`, `FacVenCabObs`, `EstFacCod`, `MetPagCod`, `TipPagCod`, `MonCod`, `EstRegCod`) VALUES ('001-000101', '1', '2', '2016-10-09', '372', '1215', '19', 'Ninguna', '01', '01', '01', '01', 'A');
INSERT INTO `en_p1m_factura_venta_cab` (`FacVenCabCod`, `CliCod`, `UsuCod`, `FacVenCabFec`, `FacVenCabTot`, `FacVenCabSubTot`, `FacVenCabIGV`, `FacVenCabObs`, `EstFacCod`, `MetPagCod`, `TipPagCod`, `MonCod`, `EstRegCod`) VALUES ('001-000102', '2', '2', '2016-10-09', '270', '1458', '19', 'Ninguna', '01', '01', '01', '01', 'A');
INSERT INTO `en_p1m_factura_venta_cab` (`FacVenCabCod`, `CliCod`, `UsuCod`, `FacVenCabFec`, `FacVenCabTot`, `FacVenCabSubTot`, `FacVenCabIGV`, `FacVenCabObs`, `EstFacCod`, `MetPagCod`, `TipPagCod`, `MonCod`, `EstRegCod`) VALUES ('001-000103', '3', '2', '2016-10-09', '802', '1620', '19', 'Ninguna', '01', '01', '01', '01', 'A');
INSERT INTO `en_p1m_factura_venta_cab` (`FacVenCabCod`, `CliCod`, `UsuCod`, `FacVenCabFec`, `FacVenCabTot`, `FacVenCabSubTot`, `FacVenCabIGV`, `FacVenCabObs`, `EstFacCod`, `MetPagCod`, `TipPagCod`, `MonCod`, `EstRegCod`) VALUES ('001-000104', '4', '2', '2016-10-09', '181', '1417.5', '19', 'Ninguna', '01', '01', '01', '01', 'A');
INSERT INTO `en_p1m_factura_venta_cab` (`FacVenCabCod`, `CliCod`, `UsuCod`, `FacVenCabFec`, `FacVenCabTot`, `FacVenCabSubTot`, `FacVenCabIGV`, `FacVenCabObs`, `EstFacCod`, `MetPagCod`, `TipPagCod`, `MonCod`, `EstRegCod`) VALUES ('001-000105', '5', '2', '2016-10-09', '222', '2025', '19', 'Ninguna', '01', '01', '01', '01', 'A');
INSERT INTO `en_p1m_factura_venta_cab` (`FacVenCabCod`, `CliCod`, `UsuCod`, `FacVenCabFec`, `FacVenCabTot`, `FacVenCabSubTot`, `FacVenCabIGV`, `FacVenCabObs`, `EstFacCod`, `MetPagCod`, `TipPagCod`, `MonCod`, `EstRegCod`) VALUES ('001-000106', '6', '2', '2016-10-09', '170', '769.5', '19', 'Ninguna', '01', '01', '01', '01', 'A');
INSERT INTO `en_p1m_factura_venta_cab` (`FacVenCabCod`, `CliCod`, `UsuCod`, `FacVenCabFec`, `FacVenCabTot`, `FacVenCabSubTot`, `FacVenCabIGV`, `FacVenCabObs`, `EstFacCod`, `MetPagCod`, `TipPagCod`, `MonCod`, `EstRegCod`) VALUES ('001-000107', '7', '2', '2016-10-09', '140', '526.5', '19', 'Ninguna', '01', '01', '01', '01', 'A');
INSERT INTO `en_p1m_factura_venta_cab` (`FacVenCabCod`, `CliCod`, `UsuCod`, `FacVenCabFec`, `FacVenCabTot`, `FacVenCabSubTot`, `FacVenCabIGV`, `FacVenCabObs`, `EstFacCod`, `MetPagCod`, `TipPagCod`, `MonCod`, `EstRegCod`) VALUES ('001-000108', '8', '2', '2016-10-09', '302', '449.55', '19', 'Ninguna', '02', '02', '02', '01', 'A');
INSERT INTO `en_p1m_factura_venta_cab` (`FacVenCabCod`, `CliCod`, `UsuCod`, `FacVenCabFec`, `FacVenCabTot`, `FacVenCabSubTot`, `FacVenCabIGV`, `FacVenCabObs`, `EstFacCod`, `MetPagCod`, `TipPagCod`, `MonCod`, `EstRegCod`) VALUES ('001-000109', '9', '2', '2016-10-09', '119', '688.5', '19', 'Ninguna', '02', '02', '02', '01', 'A');
INSERT INTO `en_p1m_factura_venta_cab` (`FacVenCabCod`, `CliCod`, `UsuCod`, `FacVenCabFec`, `FacVenCabTot`, `FacVenCabSubTot`, `FacVenCabIGV`, `FacVenCabObs`, `EstFacCod`, `MetPagCod`, `TipPagCod`, `MonCod`, `EstRegCod`) VALUES ('001-000110', '10', '2', '2016-10-09', '315', '599.4', '19', 'Ninguna', '02', '02', '02', '01', 'A');

COMMIT;


-- -----------------------------------------------------
-- Data for table `episerp`.`en_p1t_factura_venta_det`
-- -----------------------------------------------------
START TRANSACTION;
USE `episerp`;
INSERT INTO `en_p1t_factura_venta_det` (`FacVenCabCod`, `FacVenDetCod`, `ClaProCod`, `SubClaProCod`, `ProCod`, `FacVenDetCan`, `FacVenDetValUni`) VALUES ('001-000001', '1', '01', '01', '7755523010128', '3', '15.00');
INSERT INTO `en_p1t_factura_venta_det` (`FacVenCabCod`, `FacVenDetCod`, `ClaProCod`, `SubClaProCod`, `ProCod`, `FacVenDetCan`, `FacVenDetValUni`) VALUES ('001-000001', '2', '01', '01', '7755523010137', '5', '11.00');
INSERT INTO `en_p1t_factura_venta_det` (`FacVenCabCod`, `FacVenDetCod`, `ClaProCod`, `SubClaProCod`, `ProCod`, `FacVenDetCan`, `FacVenDetValUni`) VALUES ('001-000001', '3', '01', '01', '7755523010146', '7', '15.00');
INSERT INTO `en_p1t_factura_venta_det` (`FacVenCabCod`, `FacVenDetCod`, `ClaProCod`, `SubClaProCod`, `ProCod`, `FacVenDetCan`, `FacVenDetValUni`) VALUES ('001-000002', '1', '01', '02', '7755523010216', '3', '15.00');
INSERT INTO `en_p1t_factura_venta_det` (`FacVenCabCod`, `FacVenDetCod`, `ClaProCod`, `SubClaProCod`, `ProCod`, `FacVenDetCan`, `FacVenDetValUni`) VALUES ('001-000002', '2', '01', '02', '7755523010225', '8', '7.00');
INSERT INTO `en_p1t_factura_venta_det` (`FacVenCabCod`, `FacVenDetCod`, `ClaProCod`, `SubClaProCod`, `ProCod`, `FacVenDetCan`, `FacVenDetValUni`) VALUES ('001-000002', '3', '01', '02', '7755523010234', '11', '15.00');
INSERT INTO `en_p1t_factura_venta_det` (`FacVenCabCod`, `FacVenDetCod`, `ClaProCod`, `SubClaProCod`, `ProCod`, `FacVenDetCan`, `FacVenDetValUni`) VALUES ('001-000003', '1', '01', '03', '7755523010313', '8', '6.00');
INSERT INTO `en_p1t_factura_venta_det` (`FacVenCabCod`, `FacVenDetCod`, `ClaProCod`, `SubClaProCod`, `ProCod`, `FacVenDetCan`, `FacVenDetValUni`) VALUES ('001-000003', '2', '01', '03', '7755523010322', '4', '7.00');
INSERT INTO `en_p1t_factura_venta_det` (`FacVenCabCod`, `FacVenDetCod`, `ClaProCod`, `SubClaProCod`, `ProCod`, `FacVenDetCan`, `FacVenDetValUni`) VALUES ('001-000003', '3', '01', '03', '7755523010331', '10', '7.00');
INSERT INTO `en_p1t_factura_venta_det` (`FacVenCabCod`, `FacVenDetCod`, `ClaProCod`, `SubClaProCod`, `ProCod`, `FacVenDetCan`, `FacVenDetValUni`) VALUES ('001-000004', '1', '02', '01', '7755523020116', '8', '10.00');
INSERT INTO `en_p1t_factura_venta_det` (`FacVenCabCod`, `FacVenDetCod`, `ClaProCod`, `SubClaProCod`, `ProCod`, `FacVenDetCan`, `FacVenDetValUni`) VALUES ('001-000004', '2', '02', '01', '7755523020125', '7', '8.00');
INSERT INTO `en_p1t_factura_venta_det` (`FacVenCabCod`, `FacVenDetCod`, `ClaProCod`, `SubClaProCod`, `ProCod`, `FacVenDetCan`, `FacVenDetValUni`) VALUES ('001-000004', '3', '02', '01', '7755523020134', '6', '10.00');
INSERT INTO `en_p1t_factura_venta_det` (`FacVenCabCod`, `FacVenDetCod`, `ClaProCod`, `SubClaProCod`, `ProCod`, `FacVenDetCan`, `FacVenDetValUni`) VALUES ('001-000005', '1', '02', '02', '7755523020213', '9', '10.00');
INSERT INTO `en_p1t_factura_venta_det` (`FacVenCabCod`, `FacVenDetCod`, `ClaProCod`, `SubClaProCod`, `ProCod`, `FacVenDetCan`, `FacVenDetValUni`) VALUES ('001-000005', '2', '02', '02', '7755523020222', '4', '10.00');
INSERT INTO `en_p1t_factura_venta_det` (`FacVenCabCod`, `FacVenDetCod`, `ClaProCod`, `SubClaProCod`, `ProCod`, `FacVenDetCan`, `FacVenDetValUni`) VALUES ('001-000005', '3', '02', '02', '7755523020231', '15', '10.00');
INSERT INTO `en_p1t_factura_venta_det` (`FacVenCabCod`, `FacVenDetCod`, `ClaProCod`, `SubClaProCod`, `ProCod`, `FacVenDetCan`, `FacVenDetValUni`) VALUES ('001-000006', '1', '02', '03', '7755523020310', '12', '10.00');
INSERT INTO `en_p1t_factura_venta_det` (`FacVenCabCod`, `FacVenDetCod`, `ClaProCod`, `SubClaProCod`, `ProCod`, `FacVenDetCan`, `FacVenDetValUni`) VALUES ('001-000006', '2', '02', '03', '7755523020329', '9', '10.00');
INSERT INTO `en_p1t_factura_venta_det` (`FacVenCabCod`, `FacVenDetCod`, `ClaProCod`, `SubClaProCod`, `ProCod`, `FacVenDetCan`, `FacVenDetValUni`) VALUES ('001-000006', '3', '02', '03', '7755523020338', '8', '8.00');
INSERT INTO `en_p1t_factura_venta_det` (`FacVenCabCod`, `FacVenDetCod`, `ClaProCod`, `SubClaProCod`, `ProCod`, `FacVenDetCan`, `FacVenDetValUni`) VALUES ('001-000007', '1', '03', '01', '7755523030113', '10', '5.00');
INSERT INTO `en_p1t_factura_venta_det` (`FacVenCabCod`, `FacVenDetCod`, `ClaProCod`, `SubClaProCod`, `ProCod`, `FacVenDetCan`, `FacVenDetValUni`) VALUES ('001-000007', '2', '03', '01', '7755523030122', '8', '5.00');
INSERT INTO `en_p1t_factura_venta_det` (`FacVenCabCod`, `FacVenDetCod`, `ClaProCod`, `SubClaProCod`, `ProCod`, `FacVenDetCan`, `FacVenDetValUni`) VALUES ('001-000007', '3', '03', '01', '7755523030131', '7', '5.00');
INSERT INTO `en_p1t_factura_venta_det` (`FacVenCabCod`, `FacVenDetCod`, `ClaProCod`, `SubClaProCod`, `ProCod`, `FacVenDetCan`, `FacVenDetValUni`) VALUES ('001-000008', '1', '03', '02', '7755523030210', '10', '6.00');
INSERT INTO `en_p1t_factura_venta_det` (`FacVenCabCod`, `FacVenDetCod`, `ClaProCod`, `SubClaProCod`, `ProCod`, `FacVenDetCan`, `FacVenDetValUni`) VALUES ('001-000008', '2', '03', '02', '7755523030229', '15', '6.00');
INSERT INTO `en_p1t_factura_venta_det` (`FacVenCabCod`, `FacVenDetCod`, `ClaProCod`, `SubClaProCod`, `ProCod`, `FacVenDetCan`, `FacVenDetValUni`) VALUES ('001-000008', '3', '03', '02', '7755523030238', '12', '6.00');
INSERT INTO `en_p1t_factura_venta_det` (`FacVenCabCod`, `FacVenDetCod`, `ClaProCod`, `SubClaProCod`, `ProCod`, `FacVenDetCan`, `FacVenDetValUni`) VALUES ('001-000009', '1', '05', '03', '7755523050311', '3', '6.00');
INSERT INTO `en_p1t_factura_venta_det` (`FacVenCabCod`, `FacVenDetCod`, `ClaProCod`, `SubClaProCod`, `ProCod`, `FacVenDetCan`, `FacVenDetValUni`) VALUES ('001-000009', '2', '05', '03', '7755523050320', '3', '6.00');
INSERT INTO `en_p1t_factura_venta_det` (`FacVenCabCod`, `FacVenDetCod`, `ClaProCod`, `SubClaProCod`, `ProCod`, `FacVenDetCan`, `FacVenDetValUni`) VALUES ('001-000009', '3', '05', '03', '7755523050339', '3', '6.00');
INSERT INTO `en_p1t_factura_venta_det` (`FacVenCabCod`, `FacVenDetCod`, `ClaProCod`, `SubClaProCod`, `ProCod`, `FacVenDetCan`, `FacVenDetValUni`) VALUES ('001-000010', '1', '04', '01', '7755523040110', '8', '6.00');
INSERT INTO `en_p1t_factura_venta_det` (`FacVenCabCod`, `FacVenDetCod`, `ClaProCod`, `SubClaProCod`, `ProCod`, `FacVenDetCan`, `FacVenDetValUni`) VALUES ('001-000010', '2', '04', '01', '7755523040129', '3', '6.00');
INSERT INTO `en_p1t_factura_venta_det` (`FacVenCabCod`, `FacVenDetCod`, `ClaProCod`, `SubClaProCod`, `ProCod`, `FacVenDetCan`, `FacVenDetValUni`) VALUES ('001-000010', '3', '04', '01', '7755523040138', '3', '6.00');

COMMIT;


-- -----------------------------------------------------
-- Data for table `episerp`.`en_p1m_movimiento_punto_ven`
-- -----------------------------------------------------
START TRANSACTION;
USE `episerp`;
INSERT INTO `en_p1m_movimiento_punto_ven` (`MovPunVenCod`, `SucCod`, `PunVenCod`, `TipComCod`, `MovPunVenComCod`, `UsuCod`, `MovPunVenFec`, `MovPunVenMon`, `EstRegCod`) VALUES ('1', '00101', '000005', '1', '001-000001', '2', '2016-10-09', '1500.00', 'A');
INSERT INTO `en_p1m_movimiento_punto_ven` (`MovPunVenCod`, `SucCod`, `PunVenCod`, `TipComCod`, `MovPunVenComCod`, `UsuCod`, `MovPunVenFec`, `MovPunVenMon`, `EstRegCod`) VALUES ('2', '00105', '000007', '1', '001-000002', '2', '2016-10-09', '23424.20', 'A');
INSERT INTO `en_p1m_movimiento_punto_ven` (`MovPunVenCod`, `SucCod`, `PunVenCod`, `TipComCod`, `MovPunVenComCod`, `UsuCod`, `MovPunVenFec`, `MovPunVenMon`, `EstRegCod`) VALUES ('3', '00105', '000007', '1', '001-000003', '2', '2016-10-09', '23424.20', 'A');
INSERT INTO `en_p1m_movimiento_punto_ven` (`MovPunVenCod`, `SucCod`, `PunVenCod`, `TipComCod`, `MovPunVenComCod`, `UsuCod`, `MovPunVenFec`, `MovPunVenMon`, `EstRegCod`) VALUES ('4', '00106', '000013', '1', '001-000004', '2', '2016-10-09', '724','A');
INSERT INTO `en_p1m_movimiento_punto_ven` (`MovPunVenCod`, `SucCod`, `PunVenCod`, `TipComCod`, `MovPunVenComCod`, `UsuCod`, `MovPunVenFec`, `MovPunVenMon`, `EstRegCod`) VALUES ('5', '00105', '000011', '1', '001-000005', '2', '2016-10-09', '961','A');
INSERT INTO `en_p1m_movimiento_punto_ven` (`MovPunVenCod`, `SucCod`, `PunVenCod`, `TipComCod`, `MovPunVenComCod`, `UsuCod`, `MovPunVenFec`, `MovPunVenMon`, `EstRegCod`) VALUES ('6', '00108', '000015', '1', '001-000006', '2', '2016-10-09', '153','A');
INSERT INTO `en_p1m_movimiento_punto_ven` (`MovPunVenCod`, `SucCod`, `PunVenCod`, `TipComCod`, `MovPunVenComCod`, `UsuCod`, `MovPunVenFec`, `MovPunVenMon`, `EstRegCod`) VALUES ('7', '00107', '000029', '1', '001-000007', '2', '2016-10-09', '771','A');
INSERT INTO `en_p1m_movimiento_punto_ven` (`MovPunVenCod`, `SucCod`, `PunVenCod`, `TipComCod`, `MovPunVenComCod`, `UsuCod`, `MovPunVenFec`, `MovPunVenMon`, `EstRegCod`) VALUES ('8', '00108', '000032', '1', '001-000008', '2', '2016-10-09', '811','A');
INSERT INTO `en_p1m_movimiento_punto_ven` (`MovPunVenCod`, `SucCod`, `PunVenCod`, `TipComCod`, `MovPunVenComCod`, `UsuCod`, `MovPunVenFec`, `MovPunVenMon`, `EstRegCod`) VALUES ('9', '00105', '000023', '1', '001-000009', '2', '2016-10-09', '547','A');
INSERT INTO `en_p1m_movimiento_punto_ven` (`MovPunVenCod`, `SucCod`, `PunVenCod`, `TipComCod`, `MovPunVenComCod`, `UsuCod`, `MovPunVenFec`, `MovPunVenMon`, `EstRegCod`) VALUES ('10', '00108', '000003', '1', '001-000010', '2', '2016-10-09', '778','A');
INSERT INTO `en_p1m_movimiento_punto_ven` (`MovPunVenCod`, `SucCod`, `PunVenCod`, `TipComCod`, `MovPunVenComCod`, `UsuCod`, `MovPunVenFec`, `MovPunVenMon`, `EstRegCod`) VALUES ('11', '00103', '000037', '1', '001-000011', '2', '2016-10-09', '264','A');
INSERT INTO `en_p1m_movimiento_punto_ven` (`MovPunVenCod`, `SucCod`, `PunVenCod`, `TipComCod`, `MovPunVenComCod`, `UsuCod`, `MovPunVenFec`, `MovPunVenMon`, `EstRegCod`) VALUES ('12', '00101', '000005', '1', '001-000012', '2', '2016-10-09', '101','A');
INSERT INTO `en_p1m_movimiento_punto_ven` (`MovPunVenCod`, `SucCod`, `PunVenCod`, `TipComCod`, `MovPunVenComCod`, `UsuCod`, `MovPunVenFec`, `MovPunVenMon`, `EstRegCod`) VALUES ('13', '00104', '000046', '1', '001-000013', '2', '2016-10-09', '966','A');
INSERT INTO `en_p1m_movimiento_punto_ven` (`MovPunVenCod`, `SucCod`, `PunVenCod`, `TipComCod`, `MovPunVenComCod`, `UsuCod`, `MovPunVenFec`, `MovPunVenMon`, `EstRegCod`) VALUES ('14', '00105', '000023', '1', '001-000014', '2', '2016-10-09', '538','A');
INSERT INTO `en_p1m_movimiento_punto_ven` (`MovPunVenCod`, `SucCod`, `PunVenCod`, `TipComCod`, `MovPunVenComCod`, `UsuCod`, `MovPunVenFec`, `MovPunVenMon`, `EstRegCod`) VALUES ('15', '00102', '000016', '1', '001-000015', '2', '2016-10-09', '724','A');
INSERT INTO `en_p1m_movimiento_punto_ven` (`MovPunVenCod`, `SucCod`, `PunVenCod`, `TipComCod`, `MovPunVenComCod`, `UsuCod`, `MovPunVenFec`, `MovPunVenMon`, `EstRegCod`) VALUES ('16', '00105', '000011', '1', '001-000016', '2', '2016-10-09', '961','A');
INSERT INTO `en_p1m_movimiento_punto_ven` (`MovPunVenCod`, `SucCod`, `PunVenCod`, `TipComCod`, `MovPunVenComCod`, `UsuCod`, `MovPunVenFec`, `MovPunVenMon`, `EstRegCod`) VALUES ('17', '00108', '000015', '1', '001-000017', '2', '2016-10-09', '153','A');
INSERT INTO `en_p1m_movimiento_punto_ven` (`MovPunVenCod`, `SucCod`, `PunVenCod`, `TipComCod`, `MovPunVenComCod`, `UsuCod`, `MovPunVenFec`, `MovPunVenMon`, `EstRegCod`) VALUES ('18', '00107', '000029', '1', '001-000018', '2', '2016-10-09', '771','A');
INSERT INTO `en_p1m_movimiento_punto_ven` (`MovPunVenCod`, `SucCod`, `PunVenCod`, `TipComCod`, `MovPunVenComCod`, `UsuCod`, `MovPunVenFec`, `MovPunVenMon`, `EstRegCod`) VALUES ('19', '00102', '000016', '1', '001-000019', '2', '2016-10-09', '724','A');
INSERT INTO `en_p1m_movimiento_punto_ven` (`MovPunVenCod`, `SucCod`, `PunVenCod`, `TipComCod`, `MovPunVenComCod`, `UsuCod`, `MovPunVenFec`, `MovPunVenMon`, `EstRegCod`) VALUES ('20', '00105', '000011', '1', '001-000020', '2', '2016-10-09', '961','A');
INSERT INTO `en_p1m_movimiento_punto_ven` (`MovPunVenCod`, `SucCod`, `PunVenCod`, `TipComCod`, `MovPunVenComCod`, `UsuCod`, `MovPunVenFec`, `MovPunVenMon`, `EstRegCod`) VALUES ('21', '00108', '000015', '1', '001-000021', '2', '2016-10-09', '153','A');
INSERT INTO `en_p1m_movimiento_punto_ven` (`MovPunVenCod`, `SucCod`, `PunVenCod`, `TipComCod`, `MovPunVenComCod`, `UsuCod`, `MovPunVenFec`, `MovPunVenMon`, `EstRegCod`) VALUES ('22', '00107', '000029', '1', '001-000022', '2', '2016-10-09', '771','A');
INSERT INTO `en_p1m_movimiento_punto_ven` (`MovPunVenCod`, `SucCod`, `PunVenCod`, `TipComCod`, `MovPunVenComCod`, `UsuCod`, `MovPunVenFec`, `MovPunVenMon`, `EstRegCod`) VALUES ('23', '00108', '000032', '1', '001-000023', '2', '2016-10-09', '811','A');
INSERT INTO `en_p1m_movimiento_punto_ven` (`MovPunVenCod`, `SucCod`, `PunVenCod`, `TipComCod`, `MovPunVenComCod`, `UsuCod`, `MovPunVenFec`, `MovPunVenMon`, `EstRegCod`) VALUES ('24', '00105', '000023', '1', '001-000024', '2', '2016-10-09', '547','A');
INSERT INTO `en_p1m_movimiento_punto_ven` (`MovPunVenCod`, `SucCod`, `PunVenCod`, `TipComCod`, `MovPunVenComCod`, `UsuCod`, `MovPunVenFec`, `MovPunVenMon`, `EstRegCod`) VALUES ('25', '00108', '000003', '1', '001-000025', '2', '2016-10-09', '778','A');
INSERT INTO `en_p1m_movimiento_punto_ven` (`MovPunVenCod`, `SucCod`, `PunVenCod`, `TipComCod`, `MovPunVenComCod`, `UsuCod`, `MovPunVenFec`, `MovPunVenMon`, `EstRegCod`) VALUES ('26', '00103', '000037', '1', '001-000026', '2', '2016-10-09', '264','A');
INSERT INTO `en_p1m_movimiento_punto_ven` (`MovPunVenCod`, `SucCod`, `PunVenCod`, `TipComCod`, `MovPunVenComCod`, `UsuCod`, `MovPunVenFec`, `MovPunVenMon`, `EstRegCod`) VALUES ('27', '00101', '000005', '1', '001-000027', '2', '2016-10-09', '101','A');
INSERT INTO `en_p1m_movimiento_punto_ven` (`MovPunVenCod`, `SucCod`, `PunVenCod`, `TipComCod`, `MovPunVenComCod`, `UsuCod`, `MovPunVenFec`, `MovPunVenMon`, `EstRegCod`) VALUES ('28', '00104', '000046', '1', '001-000028', '2', '2016-10-09', '966','A');
INSERT INTO `en_p1m_movimiento_punto_ven` (`MovPunVenCod`, `SucCod`, `PunVenCod`, `TipComCod`, `MovPunVenComCod`, `UsuCod`, `MovPunVenFec`, `MovPunVenMon`, `EstRegCod`) VALUES ('29', '00105', '000023', '1', '001-000029', '2', '2016-10-09', '538','A');
INSERT INTO `en_p1m_movimiento_punto_ven` (`MovPunVenCod`, `SucCod`, `PunVenCod`, `TipComCod`, `MovPunVenComCod`, `UsuCod`, `MovPunVenFec`, `MovPunVenMon`, `EstRegCod`) VALUES ('30', '00102', '000034', '1', '001-000030', '2', '2016-10-09', '704','A');
INSERT INTO `en_p1m_movimiento_punto_ven` (`MovPunVenCod`, `SucCod`, `PunVenCod`, `TipComCod`, `MovPunVenComCod`, `UsuCod`, `MovPunVenFec`, `MovPunVenMon`, `EstRegCod`) VALUES ('31', '00104', '000045', '1', '001-000031', '2', '2016-10-09', '72','A');
INSERT INTO `en_p1m_movimiento_punto_ven` (`MovPunVenCod`, `SucCod`, `PunVenCod`, `TipComCod`, `MovPunVenComCod`, `UsuCod`, `MovPunVenFec`, `MovPunVenMon`, `EstRegCod`) VALUES ('32', '00102', '000016', '1', '001-000032', '2', '2016-10-09', '724','A');
INSERT INTO `en_p1m_movimiento_punto_ven` (`MovPunVenCod`, `SucCod`, `PunVenCod`, `TipComCod`, `MovPunVenComCod`, `UsuCod`, `MovPunVenFec`, `MovPunVenMon`, `EstRegCod`) VALUES ('33', '00105', '000011', '1', '001-000033', '2', '2016-10-09', '961','A');
INSERT INTO `en_p1m_movimiento_punto_ven` (`MovPunVenCod`, `SucCod`, `PunVenCod`, `TipComCod`, `MovPunVenComCod`, `UsuCod`, `MovPunVenFec`, `MovPunVenMon`, `EstRegCod`) VALUES ('34', '00108', '000015', '1', '001-000034', '2', '2016-10-09', '153','A');
INSERT INTO `en_p1m_movimiento_punto_ven` (`MovPunVenCod`, `SucCod`, `PunVenCod`, `TipComCod`, `MovPunVenComCod`, `UsuCod`, `MovPunVenFec`, `MovPunVenMon`, `EstRegCod`) VALUES ('35', '00107', '000029', '1', '001-000035', '2', '2016-10-09', '771','A');
INSERT INTO `en_p1m_movimiento_punto_ven` (`MovPunVenCod`, `SucCod`, `PunVenCod`, `TipComCod`, `MovPunVenComCod`, `UsuCod`, `MovPunVenFec`, `MovPunVenMon`, `EstRegCod`) VALUES ('36', '00108', '000032', '1', '001-000036', '2', '2016-10-09', '811','A');
INSERT INTO `en_p1m_movimiento_punto_ven` (`MovPunVenCod`, `SucCod`, `PunVenCod`, `TipComCod`, `MovPunVenComCod`, `UsuCod`, `MovPunVenFec`, `MovPunVenMon`, `EstRegCod`) VALUES ('37', '00105', '000023', '1', '001-000037', '2', '2016-10-09', '547','A');
INSERT INTO `en_p1m_movimiento_punto_ven` (`MovPunVenCod`, `SucCod`, `PunVenCod`, `TipComCod`, `MovPunVenComCod`, `UsuCod`, `MovPunVenFec`, `MovPunVenMon`, `EstRegCod`) VALUES ('38', '00108', '000003', '1', '001-000038', '2', '2016-10-09', '778','A');
INSERT INTO `en_p1m_movimiento_punto_ven` (`MovPunVenCod`, `SucCod`, `PunVenCod`, `TipComCod`, `MovPunVenComCod`, `UsuCod`, `MovPunVenFec`, `MovPunVenMon`, `EstRegCod`) VALUES ('39', '00103', '000037', '1', '001-000039', '2', '2016-10-09', '264','A');
INSERT INTO `en_p1m_movimiento_punto_ven` (`MovPunVenCod`, `SucCod`, `PunVenCod`, `TipComCod`, `MovPunVenComCod`, `UsuCod`, `MovPunVenFec`, `MovPunVenMon`, `EstRegCod`) VALUES ('40', '00101', '000005', '1', '001-000040', '2', '2016-10-09', '101','A');
INSERT INTO `en_p1m_movimiento_punto_ven` (`MovPunVenCod`, `SucCod`, `PunVenCod`, `TipComCod`, `MovPunVenComCod`, `UsuCod`, `MovPunVenFec`, `MovPunVenMon`, `EstRegCod`) VALUES ('41', '00104', '000046', '1', '001-000041', '2', '2016-10-09', '966','A');
INSERT INTO `en_p1m_movimiento_punto_ven` (`MovPunVenCod`, `SucCod`, `PunVenCod`, `TipComCod`, `MovPunVenComCod`, `UsuCod`, `MovPunVenFec`, `MovPunVenMon`, `EstRegCod`) VALUES ('42', '00105', '000023', '1', '001-000042', '2', '2016-10-09', '538','A');
INSERT INTO `en_p1m_movimiento_punto_ven` (`MovPunVenCod`, `SucCod`, `PunVenCod`, `TipComCod`, `MovPunVenComCod`, `UsuCod`, `MovPunVenFec`, `MovPunVenMon`, `EstRegCod`) VALUES ('43', '00102', '000034', '1', '001-000043', '2', '2016-10-09', '704','A');
INSERT INTO `en_p1m_movimiento_punto_ven` (`MovPunVenCod`, `SucCod`, `PunVenCod`, `TipComCod`, `MovPunVenComCod`, `UsuCod`, `MovPunVenFec`, `MovPunVenMon`, `EstRegCod`) VALUES ('44', '00104', '000045', '1', '001-000044', '2', '2016-10-09', '72','A');
INSERT INTO `en_p1m_movimiento_punto_ven` (`MovPunVenCod`, `SucCod`, `PunVenCod`, `TipComCod`, `MovPunVenComCod`, `UsuCod`, `MovPunVenFec`, `MovPunVenMon`, `EstRegCod`) VALUES ('45', '00102', '000016', '1', '001-000045', '2', '2016-10-09', '724','A');
INSERT INTO `en_p1m_movimiento_punto_ven` (`MovPunVenCod`, `SucCod`, `PunVenCod`, `TipComCod`, `MovPunVenComCod`, `UsuCod`, `MovPunVenFec`, `MovPunVenMon`, `EstRegCod`) VALUES ('46', '00105', '000011', '1', '001-000046', '2', '2016-10-09', '961','A');
INSERT INTO `en_p1m_movimiento_punto_ven` (`MovPunVenCod`, `SucCod`, `PunVenCod`, `TipComCod`, `MovPunVenComCod`, `UsuCod`, `MovPunVenFec`, `MovPunVenMon`, `EstRegCod`) VALUES ('47', '00108', '000015', '1', '001-000047', '2', '2016-10-09', '153','A');
INSERT INTO `en_p1m_movimiento_punto_ven` (`MovPunVenCod`, `SucCod`, `PunVenCod`, `TipComCod`, `MovPunVenComCod`, `UsuCod`, `MovPunVenFec`, `MovPunVenMon`, `EstRegCod`) VALUES ('48', '00107', '000029', '1', '001-000048', '2', '2016-10-09', '771','A');
INSERT INTO `en_p1m_movimiento_punto_ven` (`MovPunVenCod`, `SucCod`, `PunVenCod`, `TipComCod`, `MovPunVenComCod`, `UsuCod`, `MovPunVenFec`, `MovPunVenMon`, `EstRegCod`) VALUES ('49', '00108', '000032', '1', '001-000049', '2', '2016-10-09', '811','A');
INSERT INTO `en_p1m_movimiento_punto_ven` (`MovPunVenCod`, `SucCod`, `PunVenCod`, `TipComCod`, `MovPunVenComCod`, `UsuCod`, `MovPunVenFec`, `MovPunVenMon`, `EstRegCod`) VALUES ('50', '00105', '000023', '1', '001-000050', '2', '2016-10-09', '547','A');
INSERT INTO `en_p1m_movimiento_punto_ven` (`MovPunVenCod`, `SucCod`, `PunVenCod`, `TipComCod`, `MovPunVenComCod`, `UsuCod`, `MovPunVenFec`, `MovPunVenMon`, `EstRegCod`) VALUES ('51', '00108', '000003', '1', '001-000051', '2', '2016-10-09', '778','A');
INSERT INTO `en_p1m_movimiento_punto_ven` (`MovPunVenCod`, `SucCod`, `PunVenCod`, `TipComCod`, `MovPunVenComCod`, `UsuCod`, `MovPunVenFec`, `MovPunVenMon`, `EstRegCod`) VALUES ('52', '00103', '000037', '1', '001-000052', '2', '2016-10-09', '264','A');
INSERT INTO `en_p1m_movimiento_punto_ven` (`MovPunVenCod`, `SucCod`, `PunVenCod`, `TipComCod`, `MovPunVenComCod`, `UsuCod`, `MovPunVenFec`, `MovPunVenMon`, `EstRegCod`) VALUES ('53', '00101', '000005', '1', '001-000053', '2', '2016-10-09', '101','A');
INSERT INTO `en_p1m_movimiento_punto_ven` (`MovPunVenCod`, `SucCod`, `PunVenCod`, `TipComCod`, `MovPunVenComCod`, `UsuCod`, `MovPunVenFec`, `MovPunVenMon`, `EstRegCod`) VALUES ('54', '00104', '000046', '1', '001-000054', '2', '2016-10-09', '966','A');
INSERT INTO `en_p1m_movimiento_punto_ven` (`MovPunVenCod`, `SucCod`, `PunVenCod`, `TipComCod`, `MovPunVenComCod`, `UsuCod`, `MovPunVenFec`, `MovPunVenMon`, `EstRegCod`) VALUES ('55', '00105', '000023', '1', '001-000055', '2', '2016-10-09', '538','A');
INSERT INTO `en_p1m_movimiento_punto_ven` (`MovPunVenCod`, `SucCod`, `PunVenCod`, `TipComCod`, `MovPunVenComCod`, `UsuCod`, `MovPunVenFec`, `MovPunVenMon`, `EstRegCod`) VALUES ('56', '00102', '000034', '1', '001-000056', '2', '2016-10-09', '704','A');
INSERT INTO `en_p1m_movimiento_punto_ven` (`MovPunVenCod`, `SucCod`, `PunVenCod`, `TipComCod`, `MovPunVenComCod`, `UsuCod`, `MovPunVenFec`, `MovPunVenMon`, `EstRegCod`) VALUES ('57', '00104', '000045', '1', '001-000057', '2', '2016-10-09', '72','A');
INSERT INTO `en_p1m_movimiento_punto_ven` (`MovPunVenCod`, `SucCod`, `PunVenCod`, `TipComCod`, `MovPunVenComCod`, `UsuCod`, `MovPunVenFec`, `MovPunVenMon`, `EstRegCod`) VALUES ('58', '00102', '000016', '1', '001-000058', '2', '2016-10-09', '724','A');
INSERT INTO `en_p1m_movimiento_punto_ven` (`MovPunVenCod`, `SucCod`, `PunVenCod`, `TipComCod`, `MovPunVenComCod`, `UsuCod`, `MovPunVenFec`, `MovPunVenMon`, `EstRegCod`) VALUES ('59', '00105', '000011', '1', '001-000059', '2', '2016-10-09', '961','A');
INSERT INTO `en_p1m_movimiento_punto_ven` (`MovPunVenCod`, `SucCod`, `PunVenCod`, `TipComCod`, `MovPunVenComCod`, `UsuCod`, `MovPunVenFec`, `MovPunVenMon`, `EstRegCod`) VALUES ('60', '00108', '000015', '1', '001-000060', '2', '2016-10-09', '153','A');
INSERT INTO `en_p1m_movimiento_punto_ven` (`MovPunVenCod`, `SucCod`, `PunVenCod`, `TipComCod`, `MovPunVenComCod`, `UsuCod`, `MovPunVenFec`, `MovPunVenMon`, `EstRegCod`) VALUES ('61', '00107', '000029', '1', '001-000061', '2', '2016-10-09', '771','A');
INSERT INTO `en_p1m_movimiento_punto_ven` (`MovPunVenCod`, `SucCod`, `PunVenCod`, `TipComCod`, `MovPunVenComCod`, `UsuCod`, `MovPunVenFec`, `MovPunVenMon`, `EstRegCod`) VALUES ('62', '00108', '000032', '1', '001-000062', '2', '2016-10-09', '811','A');
INSERT INTO `en_p1m_movimiento_punto_ven` (`MovPunVenCod`, `SucCod`, `PunVenCod`, `TipComCod`, `MovPunVenComCod`, `UsuCod`, `MovPunVenFec`, `MovPunVenMon`, `EstRegCod`) VALUES ('63', '00105', '000023', '1', '001-000063', '2', '2016-10-09', '547','A');
INSERT INTO `en_p1m_movimiento_punto_ven` (`MovPunVenCod`, `SucCod`, `PunVenCod`, `TipComCod`, `MovPunVenComCod`, `UsuCod`, `MovPunVenFec`, `MovPunVenMon`, `EstRegCod`) VALUES ('64', '00108', '000003', '1', '001-000064', '2', '2016-10-09', '778','A');
INSERT INTO `en_p1m_movimiento_punto_ven` (`MovPunVenCod`, `SucCod`, `PunVenCod`, `TipComCod`, `MovPunVenComCod`, `UsuCod`, `MovPunVenFec`, `MovPunVenMon`, `EstRegCod`) VALUES ('65', '00103', '000037', '1', '001-000065', '2', '2016-10-09', '264','A');
INSERT INTO `en_p1m_movimiento_punto_ven` (`MovPunVenCod`, `SucCod`, `PunVenCod`, `TipComCod`, `MovPunVenComCod`, `UsuCod`, `MovPunVenFec`, `MovPunVenMon`, `EstRegCod`) VALUES ('66', '00101', '000005', '1', '001-000066', '2', '2016-10-09', '101','A');
INSERT INTO `en_p1m_movimiento_punto_ven` (`MovPunVenCod`, `SucCod`, `PunVenCod`, `TipComCod`, `MovPunVenComCod`, `UsuCod`, `MovPunVenFec`, `MovPunVenMon`, `EstRegCod`) VALUES ('67', '00104', '000046', '1', '001-000067', '2', '2016-10-09', '966','A');
INSERT INTO `en_p1m_movimiento_punto_ven` (`MovPunVenCod`, `SucCod`, `PunVenCod`, `TipComCod`, `MovPunVenComCod`, `UsuCod`, `MovPunVenFec`, `MovPunVenMon`, `EstRegCod`) VALUES ('68', '00105', '000023', '1', '001-000068', '2', '2016-10-09', '538','A');
INSERT INTO `en_p1m_movimiento_punto_ven` (`MovPunVenCod`, `SucCod`, `PunVenCod`, `TipComCod`, `MovPunVenComCod`, `UsuCod`, `MovPunVenFec`, `MovPunVenMon`, `EstRegCod`) VALUES ('69', '00102', '000034', '1', '001-000069', '2', '2016-10-09', '704','A');
INSERT INTO `en_p1m_movimiento_punto_ven` (`MovPunVenCod`, `SucCod`, `PunVenCod`, `TipComCod`, `MovPunVenComCod`, `UsuCod`, `MovPunVenFec`, `MovPunVenMon`, `EstRegCod`) VALUES ('70', '00104', '000045', '1', '001-000070', '2', '2016-10-09', '72','A');
INSERT INTO `en_p1m_movimiento_punto_ven` (`MovPunVenCod`, `SucCod`, `PunVenCod`, `TipComCod`, `MovPunVenComCod`, `UsuCod`, `MovPunVenFec`, `MovPunVenMon`, `EstRegCod`) VALUES ('71', '00104', '000045', '1', '001-000071', '2', '2016-10-09', '161','A');
INSERT INTO `en_p1m_movimiento_punto_ven` (`MovPunVenCod`, `SucCod`, `PunVenCod`, `TipComCod`, `MovPunVenComCod`, `UsuCod`, `MovPunVenFec`, `MovPunVenMon`, `EstRegCod`) VALUES ('72', '00106', '000013', '1', '001-000072', '2', '2016-10-09', '150','A');
INSERT INTO `en_p1m_movimiento_punto_ven` (`MovPunVenCod`, `SucCod`, `PunVenCod`, `TipComCod`, `MovPunVenComCod`, `UsuCod`, `MovPunVenFec`, `MovPunVenMon`, `EstRegCod`) VALUES ('73', '00101', '000005', '1', '001-000073', '2', '2016-10-09', '457','A');
INSERT INTO `en_p1m_movimiento_punto_ven` (`MovPunVenCod`, `SucCod`, `PunVenCod`, `TipComCod`, `MovPunVenComCod`, `UsuCod`, `MovPunVenFec`, `MovPunVenMon`, `EstRegCod`) VALUES ('74', '00106', '000013', '1', '001-000074', '2', '2016-10-09', '589','A');
INSERT INTO `en_p1m_movimiento_punto_ven` (`MovPunVenCod`, `SucCod`, `PunVenCod`, `TipComCod`, `MovPunVenComCod`, `UsuCod`, `MovPunVenFec`, `MovPunVenMon`, `EstRegCod`) VALUES ('75', '00101', '000005', '1', '001-000075', '2', '2016-10-09', '762','A');
INSERT INTO `en_p1m_movimiento_punto_ven` (`MovPunVenCod`, `SucCod`, `PunVenCod`, `TipComCod`, `MovPunVenComCod`, `UsuCod`, `MovPunVenFec`, `MovPunVenMon`, `EstRegCod`) VALUES ('76', '00105', '000007', '1', '001-000076', '2', '2016-10-09', '41','A');
INSERT INTO `en_p1m_movimiento_punto_ven` (`MovPunVenCod`, `SucCod`, `PunVenCod`, `TipComCod`, `MovPunVenComCod`, `UsuCod`, `MovPunVenFec`, `MovPunVenMon`, `EstRegCod`) VALUES ('77', '00107', '000029', '1', '001-000077', '2', '2016-10-09', '348','A');
INSERT INTO `en_p1m_movimiento_punto_ven` (`MovPunVenCod`, `SucCod`, `PunVenCod`, `TipComCod`, `MovPunVenComCod`, `UsuCod`, `MovPunVenFec`, `MovPunVenMon`, `EstRegCod`) VALUES ('78', '00102', '000043', '1', '001-000078', '2', '2016-10-09', '938','A');
INSERT INTO `en_p1m_movimiento_punto_ven` (`MovPunVenCod`, `SucCod`, `PunVenCod`, `TipComCod`, `MovPunVenComCod`, `UsuCod`, `MovPunVenFec`, `MovPunVenMon`, `EstRegCod`) VALUES ('79', '00108', '000020', '1', '001-000079', '2', '2016-10-09', '807','A');
INSERT INTO `en_p1m_movimiento_punto_ven` (`MovPunVenCod`, `SucCod`, `PunVenCod`, `TipComCod`, `MovPunVenComCod`, `UsuCod`, `MovPunVenFec`, `MovPunVenMon`, `EstRegCod`) VALUES ('80', '00104', '000050', '1', '001-000080', '2', '2016-10-09', '451','A');
INSERT INTO `en_p1m_movimiento_punto_ven` (`MovPunVenCod`, `SucCod`, `PunVenCod`, `TipComCod`, `MovPunVenComCod`, `UsuCod`, `MovPunVenFec`, `MovPunVenMon`, `EstRegCod`) VALUES ('81', '00107', '000033', '1', '001-000081', '2', '2016-10-09', '844','A');
INSERT INTO `en_p1m_movimiento_punto_ven` (`MovPunVenCod`, `SucCod`, `PunVenCod`, `TipComCod`, `MovPunVenComCod`, `UsuCod`, `MovPunVenFec`, `MovPunVenMon`, `EstRegCod`) VALUES ('82', '00106', '000031', '1', '001-000082', '2', '2016-10-09', '587','A');
INSERT INTO `en_p1m_movimiento_punto_ven` (`MovPunVenCod`, `SucCod`, `PunVenCod`, `TipComCod`, `MovPunVenComCod`, `UsuCod`, `MovPunVenFec`, `MovPunVenMon`, `EstRegCod`) VALUES ('83', '00101', '000001', '1', '001-000083', '2', '2016-10-09', '798','A');
INSERT INTO `en_p1m_movimiento_punto_ven` (`MovPunVenCod`, `SucCod`, `PunVenCod`, `TipComCod`, `MovPunVenComCod`, `UsuCod`, `MovPunVenFec`, `MovPunVenMon`, `EstRegCod`) VALUES ('84', '00110', '000036', '1', '001-000084', '2', '2016-10-09', '292','A');
INSERT INTO `en_p1m_movimiento_punto_ven` (`MovPunVenCod`, `SucCod`, `PunVenCod`, `TipComCod`, `MovPunVenComCod`, `UsuCod`, `MovPunVenFec`, `MovPunVenMon`, `EstRegCod`) VALUES ('85', '00108', '000038', '1', '001-000085', '2', '2016-10-09', '156','A');
INSERT INTO `en_p1m_movimiento_punto_ven` (`MovPunVenCod`, `SucCod`, `PunVenCod`, `TipComCod`, `MovPunVenComCod`, `UsuCod`, `MovPunVenFec`, `MovPunVenMon`, `EstRegCod`) VALUES ('86', '00103', '000010', '1', '001-000086', '2', '2016-10-09', '886','A');
INSERT INTO `en_p1m_movimiento_punto_ven` (`MovPunVenCod`, `SucCod`, `PunVenCod`, `TipComCod`, `MovPunVenComCod`, `UsuCod`, `MovPunVenFec`, `MovPunVenMon`, `EstRegCod`) VALUES ('87', '00103', '000019', '1', '001-000087', '2', '2016-10-09', '322','A');
INSERT INTO `en_p1m_movimiento_punto_ven` (`MovPunVenCod`, `SucCod`, `PunVenCod`, `TipComCod`, `MovPunVenComCod`, `UsuCod`, `MovPunVenFec`, `MovPunVenMon`, `EstRegCod`) VALUES ('88', '00108', '000032', '1', '001-000088', '2', '2016-10-09', '712','A');
INSERT INTO `en_p1m_movimiento_punto_ven` (`MovPunVenCod`, `SucCod`, `PunVenCod`, `TipComCod`, `MovPunVenComCod`, `UsuCod`, `MovPunVenFec`, `MovPunVenMon`, `EstRegCod`) VALUES ('89', '00110', '000036', '1', '001-000089', '2', '2016-10-09', '255','A');
INSERT INTO `en_p1m_movimiento_punto_ven` (`MovPunVenCod`, `SucCod`, `PunVenCod`, `TipComCod`, `MovPunVenComCod`, `UsuCod`, `MovPunVenFec`, `MovPunVenMon`, `EstRegCod`) VALUES ('90', '00103', '000027', '1', '001-000090', '2', '2016-10-09', '757','A');
INSERT INTO `en_p1m_movimiento_punto_ven` (`MovPunVenCod`, `SucCod`, `PunVenCod`, `TipComCod`, `MovPunVenComCod`, `UsuCod`, `MovPunVenFec`, `MovPunVenMon`, `EstRegCod`) VALUES ('91', '00105', '000007', '1', '001-000091', '2', '2016-10-09', '368','A');
INSERT INTO `en_p1m_movimiento_punto_ven` (`MovPunVenCod`, `SucCod`, `PunVenCod`, `TipComCod`, `MovPunVenComCod`, `UsuCod`, `MovPunVenFec`, `MovPunVenMon`, `EstRegCod`) VALUES ('92', '00105', '000047', '1', '001-000092', '2', '2016-10-09', '60','A');
INSERT INTO `en_p1m_movimiento_punto_ven` (`MovPunVenCod`, `SucCod`, `PunVenCod`, `TipComCod`, `MovPunVenComCod`, `UsuCod`, `MovPunVenFec`, `MovPunVenMon`, `EstRegCod`) VALUES ('93', '00104', '000050', '1', '001-000093', '2', '2016-10-09', '549','A');
INSERT INTO `en_p1m_movimiento_punto_ven` (`MovPunVenCod`, `SucCod`, `PunVenCod`, `TipComCod`, `MovPunVenComCod`, `UsuCod`, `MovPunVenFec`, `MovPunVenMon`, `EstRegCod`) VALUES ('94', '00104', '000025', '1', '001-000094', '2', '2016-10-09', '105','A');
INSERT INTO `en_p1m_movimiento_punto_ven` (`MovPunVenCod`, `SucCod`, `PunVenCod`, `TipComCod`, `MovPunVenComCod`, `UsuCod`, `MovPunVenFec`, `MovPunVenMon`, `EstRegCod`) VALUES ('95', '00105', '000007', '1', '001-000095', '2', '2016-10-09', '786','A');
INSERT INTO `en_p1m_movimiento_punto_ven` (`MovPunVenCod`, `SucCod`, `PunVenCod`, `TipComCod`, `MovPunVenComCod`, `UsuCod`, `MovPunVenFec`, `MovPunVenMon`, `EstRegCod`) VALUES ('96', '00106', '000013', '1', '001-000096', '2', '2016-10-09', '945','A');
INSERT INTO `en_p1m_movimiento_punto_ven` (`MovPunVenCod`, `SucCod`, `PunVenCod`, `TipComCod`, `MovPunVenComCod`, `UsuCod`, `MovPunVenFec`, `MovPunVenMon`, `EstRegCod`) VALUES ('97', '00109', '000009', '1', '001-000097', '2', '2016-10-09', '196','A');
INSERT INTO `en_p1m_movimiento_punto_ven` (`MovPunVenCod`, `SucCod`, `PunVenCod`, `TipComCod`, `MovPunVenComCod`, `UsuCod`, `MovPunVenFec`, `MovPunVenMon`, `EstRegCod`) VALUES ('98', '00106', '000031', '1', '001-000098', '2', '2016-10-09', '659','A');
INSERT INTO `en_p1m_movimiento_punto_ven` (`MovPunVenCod`, `SucCod`, `PunVenCod`, `TipComCod`, `MovPunVenComCod`, `UsuCod`, `MovPunVenFec`, `MovPunVenMon`, `EstRegCod`) VALUES ('99', '00105', '000011', '1', '001-000099', '2', '2016-10-09', '186','A');
INSERT INTO `en_p1m_movimiento_punto_ven` (`MovPunVenCod`, `SucCod`, `PunVenCod`, `TipComCod`, `MovPunVenComCod`, `UsuCod`, `MovPunVenFec`, `MovPunVenMon`, `EstRegCod`) VALUES ('100', '00109', '000030', '1', '001-000100', '2', '2016-10-09', '391','A');
INSERT INTO `en_p1m_movimiento_punto_ven` (`MovPunVenCod`, `SucCod`, `PunVenCod`, `TipComCod`, `MovPunVenComCod`, `UsuCod`, `MovPunVenFec`, `MovPunVenMon`, `EstRegCod`) VALUES ('101', '00105', '000011', '1', '001-000101', '2', '2016-10-09', '372','A');
INSERT INTO `en_p1m_movimiento_punto_ven` (`MovPunVenCod`, `SucCod`, `PunVenCod`, `TipComCod`, `MovPunVenComCod`, `UsuCod`, `MovPunVenFec`, `MovPunVenMon`, `EstRegCod`) VALUES ('102', '00108', '000020', '1', '001-000102', '2', '2016-10-09', '270','A');
INSERT INTO `en_p1m_movimiento_punto_ven` (`MovPunVenCod`, `SucCod`, `PunVenCod`, `TipComCod`, `MovPunVenComCod`, `UsuCod`, `MovPunVenFec`, `MovPunVenMon`, `EstRegCod`) VALUES ('103', '00106', '000012', '1', '001-000103', '2', '2016-10-09', '802','A');
INSERT INTO `en_p1m_movimiento_punto_ven` (`MovPunVenCod`, `SucCod`, `PunVenCod`, `TipComCod`, `MovPunVenComCod`, `UsuCod`, `MovPunVenFec`, `MovPunVenMon`, `EstRegCod`) VALUES ('104', '00104', '000025', '1', '001-000104', '2', '2016-10-09', '181','A');
INSERT INTO `en_p1m_movimiento_punto_ven` (`MovPunVenCod`, `SucCod`, `PunVenCod`, `TipComCod`, `MovPunVenComCod`, `UsuCod`, `MovPunVenFec`, `MovPunVenMon`, `EstRegCod`) VALUES ('105', '00104', '000025', '1', '001-000105', '2', '2016-10-09', '222','A');
INSERT INTO `en_p1m_movimiento_punto_ven` (`MovPunVenCod`, `SucCod`, `PunVenCod`, `TipComCod`, `MovPunVenComCod`, `UsuCod`, `MovPunVenFec`, `MovPunVenMon`, `EstRegCod`) VALUES ('106', '00108', '000015', '1', '001-000106', '2', '2016-10-09', '170','A');
INSERT INTO `en_p1m_movimiento_punto_ven` (`MovPunVenCod`, `SucCod`, `PunVenCod`, `TipComCod`, `MovPunVenComCod`, `UsuCod`, `MovPunVenFec`, `MovPunVenMon`, `EstRegCod`) VALUES ('107', '00101', '000001', '1', '001-000107', '2', '2016-10-09', '140','A');
INSERT INTO `en_p1m_movimiento_punto_ven` (`MovPunVenCod`, `SucCod`, `PunVenCod`, `TipComCod`, `MovPunVenComCod`, `UsuCod`, `MovPunVenFec`, `MovPunVenMon`, `EstRegCod`) VALUES ('108', '00110', '000036', '1', '001-000108', '2', '2016-10-09', '302','A');
INSERT INTO `en_p1m_movimiento_punto_ven` (`MovPunVenCod`, `SucCod`, `PunVenCod`, `TipComCod`, `MovPunVenComCod`, `UsuCod`, `MovPunVenFec`, `MovPunVenMon`, `EstRegCod`) VALUES ('109', '00104', '000045', '1', '001-000109', '2', '2016-10-09', '119','A');
INSERT INTO `en_p1m_movimiento_punto_ven` (`MovPunVenCod`, `SucCod`, `PunVenCod`, `TipComCod`, `MovPunVenComCod`, `UsuCod`, `MovPunVenFec`, `MovPunVenMon`, `EstRegCod`) VALUES ('110', '00101', '000005', '1', '001-000110', '2', '2016-10-09', '315','A');

COMMIT;


-- -----------------------------------------------------
-- Data for table `episerp`.`en_p1m_preventa_cab`
-- -----------------------------------------------------
START TRANSACTION;
USE `episerp`;
INSERT INTO `en_p1m_preventa_cab` (`PreVenCabCod`, `CliCod`, `UsuCod`, `PreVenCabFec`, `PreVenCabPla`, `PreVenCabTot`, `PreVenCabSubTot`, `PreVenCabIGV`, `PreVenCabObs`, `MonCod`, `EstRegCod`) VALUES ('001-000001', '1', '2', '2016-10-09', '1', '1500', '1215', '19', 'Ninguna', '01', 'A');
INSERT INTO `en_p1m_preventa_cab` (`PreVenCabCod`, `CliCod`, `UsuCod`, `PreVenCabFec`, `PreVenCabPla`, `PreVenCabTot`, `PreVenCabSubTot`, `PreVenCabIGV`, `PreVenCabObs`, `MonCod`, `EstRegCod`) VALUES ('001-000002', '2', '2', '2016-10-09', '1', '1800', '1458', '19', 'Ninguna', '01', 'A');
INSERT INTO `en_p1m_preventa_cab` (`PreVenCabCod`, `CliCod`, `UsuCod`, `PreVenCabFec`, `PreVenCabPla`, `PreVenCabTot`, `PreVenCabSubTot`, `PreVenCabIGV`, `PreVenCabObs`, `MonCod`, `EstRegCod`) VALUES ('001-000003', '3', '2', '2016-10-09', '1', '2000', '1620', '19', 'Ninguna', '01', 'A');

COMMIT;


-- -----------------------------------------------------
-- Data for table `episerp`.`en_p1t_preventa_det`
-- -----------------------------------------------------
START TRANSACTION;
USE `episerp`;
INSERT INTO `en_p1t_preventa_det` (`PreVenCabCod`, `PreVenDetCod`, `ClaProCod`, `SubClaProCod`, `ProCod`, `PreVenDetCan`, `PreVenDetValUni`) VALUES ('001-000001', '1', '01', '01', '7755523010128', '3', '15.00');
INSERT INTO `en_p1t_preventa_det` (`PreVenCabCod`, `PreVenDetCod`, `ClaProCod`, `SubClaProCod`, `ProCod`, `PreVenDetCan`, `PreVenDetValUni`) VALUES ('001-000001', '2', '01', '01', '7755523010137', '5', '11.00');
INSERT INTO `en_p1t_preventa_det` (`PreVenCabCod`, `PreVenDetCod`, `ClaProCod`, `SubClaProCod`, `ProCod`, `PreVenDetCan`, `PreVenDetValUni`) VALUES ('001-000001', '3', '01', '01', '7755523010146', '7', '15.00');

INSERT INTO `en_p1t_preventa_det` (`PreVenCabCod`, `PreVenDetCod`, `ClaProCod`, `SubClaProCod`, `ProCod`, `PreVenDetCan`, `PreVenDetValUni`) VALUES ('001-000002', '1', '01', '02', '7755523010216', '3', '15.00');
INSERT INTO `en_p1t_preventa_det` (`PreVenCabCod`, `PreVenDetCod`, `ClaProCod`, `SubClaProCod`, `ProCod`, `PreVenDetCan`, `PreVenDetValUni`) VALUES ('001-000002', '2', '01', '02', '7755523010225', '8', '7.00');
INSERT INTO `en_p1t_preventa_det` (`PreVenCabCod`, `PreVenDetCod`, `ClaProCod`, `SubClaProCod`, `ProCod`, `PreVenDetCan`, `PreVenDetValUni`) VALUES ('001-000002', '3', '01', '02', '7755523010234', '11', '15.00');

INSERT INTO `en_p1t_preventa_det` (`PreVenCabCod`, `PreVenDetCod`, `ClaProCod`, `SubClaProCod`, `ProCod`, `PreVenDetCan`, `PreVenDetValUni`) VALUES ('001-000003', '1', '01', '03', '7755523010313', '8', '6.00');
INSERT INTO `en_p1t_preventa_det` (`PreVenCabCod`, `PreVenDetCod`, `ClaProCod`, `SubClaProCod`, `ProCod`, `PreVenDetCan`, `PreVenDetValUni`) VALUES ('001-000003', '2', '01', '03', '7755523010322', '4', '7.00');
INSERT INTO `en_p1t_preventa_det` (`PreVenCabCod`, `PreVenDetCod`, `ClaProCod`, `SubClaProCod`, `ProCod`, `PreVenDetCan`, `PreVenDetValUni`) VALUES ('001-000003', '3', '01', '03', '7755523010331', '10', '7.00');

COMMIT;


-- -----------------------------------------------------
-- Data for table `episerp`.`en_p1c_preventa_realizadas`
-- -----------------------------------------------------
START TRANSACTION;
USE `episerp`;
INSERT INTO `en_p1c_preventa_realizadas` (`PreVenCabCod`, `FacVenCabCod`, `PreVenReaFec`) VALUES ('001-000001', '001-000001', '2016-10-09');
INSERT INTO `en_p1c_preventa_realizadas` (`PreVenCabCod`, `FacVenCabCod`, `PreVenReaFec`) VALUES ('001-000002', '001-000002', '2016-10-09');
INSERT INTO `en_p1c_preventa_realizadas` (`PreVenCabCod`, `FacVenCabCod`, `PreVenReaFec`) VALUES ('001-000003', '001-000003', '2016-10-09');

COMMIT;

-- -----------------------------------------------------
-- Data for table `episerp`.`en_p3m_cuenta`
-- -----------------------------------------------------
START TRANSACTION;
USE `episerp`;
INSERT INTO `episerp`.`en_p3m_cuenta` (`CueCod`, `CuePad`, `CueNiv`, `CueNum`, `CueDes`, `EstRegCod`) VALUES (541, 434, 5, '10410', 'CENTRAL DE RESERVA DEL PERU', 'A');
INSERT INTO `episerp`.`en_p3m_cuenta` (`CueCod`, `CuePad`, `CueNiv`, `CueNum`, `CueDes`, `EstRegCod`) VALUES (542, 434, 5, '10411', 'NACION', 'A');
INSERT INTO `episerp`.`en_p3m_cuenta` (`CueCod`, `CuePad`, `CueNiv`, `CueNum`, `CueDes`, `EstRegCod`) VALUES (543, 434, 5, '10412', 'SCOTIABANK PERU', 'A');

COMMIT;


-- -----------------------------------------------------
-- Data for table `episerp`.`en_p3m_cuenta_banco`
-- -----------------------------------------------------
START TRANSACTION;
USE `episerp`;
INSERT INTO `en_p3m_cuenta_banco` VALUES (1, 01, '3001033189', 541, 'A');
INSERT INTO `en_p3m_cuenta_banco` VALUES (2, 18, '4120239490', 542, 'A');
INSERT INTO `en_p3m_cuenta_banco` VALUES (3, 09, '2003993301', 543, 'A');

COMMIT;


-- -----------------------------------------------------
-- Data for table `episerp`.`en_p4m_proveedor`
-- -----------------------------------------------------
START TRANSACTION;
USE `episerp`;
INSERT INTO `en_p4m_proveedor` (`PrvCod`,`PrvDet`,`PrvRazSoc`,`PrvNomCom`,`PrvDomFis`,`PrvCon`,`PrvDir`,`PrvTelFij`,`PrvTelCel`,`PrvEmail`,`PrvPagWeb`,`PrvObs`,`EstRegCod`) VALUES ('123456789121','ARCON','ARCON S.R.L','ARCON','Mz. C Lt.9 Las Mercedes Cerro Colorado','Milagros Aguilar Zuñiga','Mz. C Lt.9 Las Mercedes Cerro Colorado','054454908','945995506','arcon@proveedores.com','www.arcon.com','','A');
INSERT INTO `en_p4m_proveedor` (`PrvCod`,`PrvDet`,`PrvRazSoc`,`PrvNomCom`,`PrvDomFis`,`PrvCon`,`PrvDir`,`PrvTelFij`,`PrvTelCel`,`PrvEmail`,`PrvPagWeb`,`PrvObs`,`EstRegCod`) VALUES ('147258369121','IberCorte','IberCorte S.A.C.','IberCorte','Urb. Santa Cecilia A-2 Yanahuara','Erick Cruz Salinas','Urb. Santa Cecilia A-2 Yanahuara','054784512','945120346','ibercorte@proveedores.com','www.ibercorte.com','','A');
INSERT INTO `en_p4m_proveedor` (`PrvCod`,`PrvDet`,`PrvRazSoc`,`PrvNomCom`,`PrvDomFis`,`PrvCon`,`PrvDir`,`PrvTelFij`,`PrvTelCel`,`PrvEmail`,`PrvPagWeb`,`PrvObs`,`EstRegCod`) VALUES ('258147369121','EHOSA','EHOSA E.I.R.L','EHOSA','Av. San Martin 205 Miraflores','Grisseldy Arenas Orejuela','Av. San Martin 205 Miraflores','054326598','945023678','ehosa@proveedores.com','www.ehosadistribuidores.com','','A');
INSERT INTO `en_p4m_proveedor` (`PrvCod`,`PrvDet`,`PrvRazSoc`,`PrvNomCom`,`PrvDomFis`,`PrvCon`,`PrvDir`,`PrvTelFij`,`PrvTelCel`,`PrvEmail`,`PrvPagWeb`,`PrvObs`,`EstRegCod`) VALUES ('321654987121','Disconfa','Disconfa S.A.C','Disconfa','Av. La Paz 509','Sharon Bedregal Machaca','Av. La Paz 509','054368971','948152634','disconfa@proveedores.com','www.proveedoresdisconfa.com','','A');
INSERT INTO `en_p4m_proveedor` (`PrvCod`,`PrvDet`,`PrvRazSoc`,`PrvNomCom`,`PrvDomFis`,`PrvCon`,`PrvDir`,`PrvTelFij`,`PrvTelCel`,`PrvEmail`,`PrvPagWeb`,`PrvObs`,`EstRegCod`) VALUES ('369258147121','Grupo Guerra Distribuidores','Grupo Guerra Distribuidores S.A.C','Grupo Guerra Distribuidores','Calle Paz Soldan 407 Yanahuara','Walter Toledo Turpo','Calle Paz Soldan 407 Yanahuara','054968574','940784512','guerra@distribuidores.com','www.guerradistribuidores.com','','A');
INSERT INTO `en_p4m_proveedor` (`PrvCod`,`PrvDet`,`PrvRazSoc`,`PrvNomCom`,`PrvDomFis`,`PrvCon`,`PrvDir`,`PrvTelFij`,`PrvTelCel`,`PrvEmail`,`PrvPagWeb`,`PrvObs`,`EstRegCod`) VALUES ('456123789121','Dadyma','Dadyma S.A.C','Dadyma','Av. San Martin 603 Miraflores','Carlos Gershy Pinto','Av. San Martin 603 Miraflores','054789123','945781266','dadyma@proveedores.com','www.dadyma.com','','A');
INSERT INTO `en_p4m_proveedor` (`PrvCod`,`PrvDet`,`PrvRazSoc`,`PrvNomCom`,`PrvDomFis`,`PrvCon`,`PrvDir`,`PrvTelFij`,`PrvTelCel`,`PrvEmail`,`PrvPagWeb`,`PrvObs`,`EstRegCod`) VALUES ('456741852121','Alcamar','Alcamar S.A.C','Alcamar','Coorp. 19 D-10 Paucarpata','Gretel Cama Pizarro','Coorp. 19 D-10 Paucarpata','054962317','945662322','alcamar@proveedores.com','www.alcamar.com','','A');
INSERT INTO `en_p4m_proveedor` (`PrvCod`,`PrvDet`,`PrvRazSoc`,`PrvNomCom`,`PrvDomFis`,`PrvCon`,`PrvDir`,`PrvTelFij`,`PrvTelCel`,`PrvEmail`,`PrvPagWeb`,`PrvObs`,`EstRegCod`) VALUES ('654321987121','NavaRioja','NavaRioja S.A.C.','NavaRioja','Via Evitamiento Km3 Cerro Colorado','Abelardo Alvarez Martinez','Via Evitamiento Km3 Cerro Colorado','054237816','945301020','navarioja@proveedores.com','www.navarioja.com','','A');
INSERT INTO `en_p4m_proveedor` (`PrvCod`,`PrvDet`,`PrvRazSoc`,`PrvNomCom`,`PrvDomFis`,`PrvCon`,`PrvDir`,`PrvTelFij`,`PrvTelCel`,`PrvEmail`,`PrvPagWeb`,`PrvObs`,`EstRegCod`) VALUES ('789456123121','Central Hisumer','Central Hisumer S.A.C.','Central Hisumer','Calle 28 de Julio Vallecito Cercado','Melina Alvarez Obregon','Calle 28 de Julio Vallecito Cercado','054124578','94563524178','hisumer@proveedores.com','www.centralhisumer.com','','A');
INSERT INTO `en_p4m_proveedor` (`PrvCod`,`PrvDet`,`PrvRazSoc`,`PrvNomCom`,`PrvDomFis`,`PrvCon`,`PrvDir`,`PrvTelFij`,`PrvTelCel`,`PrvEmail`,`PrvPagWeb`,`PrvObs`,`EstRegCod`) VALUES ('987654321121','Import Export','Import Export S.A.C','Import Export','Centro Comercial Cayma 3er Piso','José Paiva Franco','Centro Comercial Cayma 3er Piso','054867219','945007184','importexport@proveedores.com','www.importexport.com','','A');

COMMIT;


-- -----------------------------------------------------
-- Data for table `episerp`.`en_p4m_documento_proveedor`
-- -----------------------------------------------------
START TRANSACTION;
USE `episerp`;
INSERT INTO `en_p4m_documento_proveedor` (`PrvCod`, `TipDocProCod`, `DocProNum`, `EstRegCod`) VALUES ('123456789121', 2, '123456789121', 'A');
INSERT INTO `en_p4m_documento_proveedor` (`PrvCod`, `TipDocProCod`, `DocProNum`, `EstRegCod`) VALUES ('789456123121', 2, '789456123121', 'A');
INSERT INTO `en_p4m_documento_proveedor` (`PrvCod`, `TipDocProCod`, `DocProNum`, `EstRegCod`) VALUES ('147258369121', 2, '147258369121', 'A');
INSERT INTO `en_p4m_documento_proveedor` (`PrvCod`, `TipDocProCod`, `DocProNum`, `EstRegCod`) VALUES ('369258147121', 2, '369258147121', 'A');
INSERT INTO `en_p4m_documento_proveedor` (`PrvCod`, `TipDocProCod`, `DocProNum`, `EstRegCod`) VALUES ('258147369121', 2, '258147369121', 'A');
INSERT INTO `en_p4m_documento_proveedor` (`PrvCod`, `TipDocProCod`, `DocProNum`, `EstRegCod`) VALUES ('321654987121', 2, '321654987121', 'A');
INSERT INTO `en_p4m_documento_proveedor` (`PrvCod`, `TipDocProCod`, `DocProNum`, `EstRegCod`) VALUES ('987654321121', 2, '987654321121', 'A');
INSERT INTO `en_p4m_documento_proveedor` (`PrvCod`, `TipDocProCod`, `DocProNum`, `EstRegCod`) VALUES ('654321987121', 2, '654321987121', 'A');
INSERT INTO `en_p4m_documento_proveedor` (`PrvCod`, `TipDocProCod`, `DocProNum`, `EstRegCod`) VALUES ('456123789121', 2, '456123789121', 'A');
INSERT INTO `en_p4m_documento_proveedor` (`PrvCod`, `TipDocProCod`, `DocProNum`, `EstRegCod`) VALUES ('456741852121', 2, '456741852121', 'A');

COMMIT;

-- -----------------------------------------------------
-- Data for table `episerp`.`en_p3m_libro_diario`
-- -----------------------------------------------------
START TRANSACTION;
USE `episerp`;
INSERT INTO `en_p3m_libro_diario` (`LibDiaCod`,`LibDiaPer`,`EstRegCod`) VALUES (000001,'2016-Oct','A');

COMMIT;

-- -----------------------------------------------------
-- Data for table `episerp`.`en_p3m_asiento_cab`
-- -----------------------------------------------------
START TRANSACTION;
USE `episerp`;
INSERT INTO `en_p3m_asiento_cab` (`LibDiaCod`,`AsiCabCod`,`AsiCabTip`,`AsiCabGlo`,`AsiCabFec`,`TipComCod`,`AsiCabNumCom`,`MonCod`,`EstRegCod`) VALUES (000001,0000000001,'M','factura 001-4678','2016-08-26',01,'001-4678',01,'A');
INSERT INTO `en_p3m_asiento_cab` (`LibDiaCod`,`AsiCabCod`,`AsiCabTip`,`AsiCabGlo`,`AsiCabFec`,`TipComCod`,`AsiCabNumCom`,`MonCod`,`EstRegCod`) VALUES (000001,0000000002,'M','ón en la factura 001-4678','2016-08-26',01,'001-4678',01,'A');
INSERT INTO `en_p3m_asiento_cab` (`LibDiaCod`,`AsiCabCod`,`AsiCabTip`,`AsiCabGlo`,`AsiCabFec`,`TipComCod`,`AsiCabNumCom`,`MonCod`,`EstRegCod`) VALUES (000001,0000000003,'M','la adquirida con factura 001-4678','2016-08-26',01,'001-4678',01,'A');
INSERT INTO `en_p3m_asiento_cab` (`LibDiaCod`,`AsiCabCod`,`AsiCabTip`,`AsiCabGlo`,`AsiCabFec`,`TipComCod`,`AsiCabNumCom`,`MonCod`,`EstRegCod`) VALUES (000001,0000000004,'M','la factura 002-3675','2016-08-29',01,'002-3675',01,'A');
INSERT INTO `en_p3m_asiento_cab` (`LibDiaCod`,`AsiCabCod`,`AsiCabTip`,`AsiCabGlo`,`AsiCabFec`,`TipComCod`,`AsiCabNumCom`,`MonCod`,`EstRegCod`) VALUES (000001,0000000005,'M','la factura 002-3675','2016-08-29',01,'002-3675',01,'A');
INSERT INTO `en_p3m_asiento_cab` (`LibDiaCod`,`AsiCabCod`,`AsiCabTip`,`AsiCabGlo`,`AsiCabFec`,`TipComCod`,`AsiCabNumCom`,`MonCod`,`EstRegCod`) VALUES (000001,0000000006,'M','001-3454','2016-08-30',03,'001-3454',01,'A');
INSERT INTO `en_p3m_asiento_cab` (`LibDiaCod`,`AsiCabCod`,`AsiCabTip`,`AsiCabGlo`,`AsiCabFec`,`TipComCod`,`AsiCabNumCom`,`MonCod`,`EstRegCod`) VALUES (000001,0000000007,'M','ón en la 001-3454','2016-08-30',03,'001-3454',01,'A');
INSERT INTO `en_p3m_asiento_cab` (`LibDiaCod`,`AsiCabCod`,`AsiCabTip`,`AsiCabGlo`,`AsiCabFec`,`TipComCod`,`AsiCabNumCom`,`MonCod`,`EstRegCod`) VALUES (000001,0000000008,'M','la adquirida mediante 001-3454','2016-08-30',03,'001-3454',01,'A');
INSERT INTO `en_p3m_asiento_cab` (`LibDiaCod`,`AsiCabCod`,`AsiCabTip`,`AsiCabGlo`,`AsiCabFec`,`TipComCod`,`AsiCabNumCom`,`MonCod`,`EstRegCod`) VALUES (000001,0000000009,'M','la segun 002-3326','2016-09-02',03,'002-3326',01,'A');
INSERT INTO `en_p3m_asiento_cab` (`LibDiaCod`,`AsiCabCod`,`AsiCabTip`,`AsiCabGlo`,`AsiCabFec`,`TipComCod`,`AsiCabNumCom`,`MonCod`,`EstRegCod`) VALUES (000001,0000000010,'M','la 002-3326','2016-09-02',03,'002-3326',01,'A');
INSERT INTO `en_p3m_asiento_cab` (`LibDiaCod`,`AsiCabCod`,`AsiCabTip`,`AsiCabGlo`,`AsiCabFec`,`TipComCod`,`AsiCabNumCom`,`MonCod`,`EstRegCod`) VALUES (000001,0000000011,'M','factura 003-3498','2016-09-05',01,'003-3498',01,'A');
INSERT INTO `en_p3m_asiento_cab` (`LibDiaCod`,`AsiCabCod`,`AsiCabTip`,`AsiCabGlo`,`AsiCabFec`,`TipComCod`,`AsiCabNumCom`,`MonCod`,`EstRegCod`) VALUES (000001,0000000012,'M','ón en la factura 003-3498','2016-09-05',01,'003-3498',01,'A');
INSERT INTO `en_p3m_asiento_cab` (`LibDiaCod`,`AsiCabCod`,`AsiCabTip`,`AsiCabGlo`,`AsiCabFec`,`TipComCod`,`AsiCabNumCom`,`MonCod`,`EstRegCod`) VALUES (000001,0000000013,'M','la adquirida con factura 003-3498','2016-09-05',01,'003-3498',01,'A');
INSERT INTO `en_p3m_asiento_cab` (`LibDiaCod`,`AsiCabCod`,`AsiCabTip`,`AsiCabGlo`,`AsiCabFec`,`TipComCod`,`AsiCabNumCom`,`MonCod`,`EstRegCod`) VALUES (000001,0000000014,'M','la factura 004-7437','2016-09-06',01,'004-7437',01,'A');
INSERT INTO `en_p3m_asiento_cab` (`LibDiaCod`,`AsiCabCod`,`AsiCabTip`,`AsiCabGlo`,`AsiCabFec`,`TipComCod`,`AsiCabNumCom`,`MonCod`,`EstRegCod`) VALUES (000001,0000000015,'M','la factura 004-7437','2016-09-06',01,'004-7437',01,'A');
INSERT INTO `en_p3m_asiento_cab` (`LibDiaCod`,`AsiCabCod`,`AsiCabTip`,`AsiCabGlo`,`AsiCabFec`,`TipComCod`,`AsiCabNumCom`,`MonCod`,`EstRegCod`) VALUES (000001,0000000016,'M','003-7588','2016-09-07',03,'003-7588',01,'A');
INSERT INTO `en_p3m_asiento_cab` (`LibDiaCod`,`AsiCabCod`,`AsiCabTip`,`AsiCabGlo`,`AsiCabFec`,`TipComCod`,`AsiCabNumCom`,`MonCod`,`EstRegCod`) VALUES (000001,0000000017,'M','ón en la 003-7588','2016-09-07',03,'003-7588',01,'A');
INSERT INTO `en_p3m_asiento_cab` (`LibDiaCod`,`AsiCabCod`,`AsiCabTip`,`AsiCabGlo`,`AsiCabFec`,`TipComCod`,`AsiCabNumCom`,`MonCod`,`EstRegCod`) VALUES (000001,0000000018,'M','la adquirida mediante 003-7588','2016-09-07',03,'003-7588',01,'A');
INSERT INTO `en_p3m_asiento_cab` (`LibDiaCod`,`AsiCabCod`,`AsiCabTip`,`AsiCabGlo`,`AsiCabFec`,`TipComCod`,`AsiCabNumCom`,`MonCod`,`EstRegCod`) VALUES (000001,0000000019,'M','la segun 004-4361','2016-09-08',03,'004-4361',01,'A');
INSERT INTO `en_p3m_asiento_cab` (`LibDiaCod`,`AsiCabCod`,`AsiCabTip`,`AsiCabGlo`,`AsiCabFec`,`TipComCod`,`AsiCabNumCom`,`MonCod`,`EstRegCod`) VALUES (000001,0000000020,'M','la 004-4361','2016-09-08',03,'004-4361',01,'A');
INSERT INTO `en_p3m_asiento_cab` (`LibDiaCod`,`AsiCabCod`,`AsiCabTip`,`AsiCabGlo`,`AsiCabFec`,`TipComCod`,`AsiCabNumCom`,`MonCod`,`EstRegCod`) VALUES (000001,0000000021,'A','uscripción la  a 100 acción Escritura Pública','2016-09-12',03,'004-4362',01,'A');
INSERT INTO `en_p3m_asiento_cab` (`LibDiaCod`,`AsiCabCod`,`AsiCabTip`,`AsiCabGlo`,`AsiCabFec`,`TipComCod`,`AsiCabNumCom`,`MonCod`,`EstRegCod`) VALUES (000001,0000000022,'A','aportes los socios informe los','2016-09-12',03,'004-4363',01,'A');
INSERT INTO `en_p3m_asiento_cab` (`LibDiaCod`,`AsiCabCod`,`AsiCabTip`,`AsiCabGlo`,`AsiCabFec`,`TipComCod`,`AsiCabNumCom`,`MonCod`,`EstRegCod`) VALUES (000001,0000000023,'M','provisión mes','2016-09-14',03,'004-4364',01,'A');
INSERT INTO `en_p3m_asiento_cab` (`LibDiaCod`,`AsiCabCod`,`AsiCabTip`,`AsiCabGlo`,`AsiCabFec`,`TipComCod`,`AsiCabNumCom`,`MonCod`,`EstRegCod`) VALUES (000001,0000000024,'M','destino','2016-09-14',03,'004-4365',01,'A');
INSERT INTO `en_p3m_asiento_cab` (`LibDiaCod`,`AsiCabCod`,`AsiCabTip`,`AsiCabGlo`,`AsiCabFec`,`TipComCod`,`AsiCabNumCom`,`MonCod`,`EstRegCod`) VALUES (000001,0000000025,'M','  001-503','2016-09-14',03,'001-503',01,'A');
INSERT INTO `en_p3m_asiento_cab` (`LibDiaCod`,`AsiCabCod`,`AsiCabTip`,`AsiCabGlo`,`AsiCabFec`,`TipComCod`,`AsiCabNumCom`,`MonCod`,`EstRegCod`) VALUES (000001,0000000026,'M','depósitos en corrientesrias: y/o recaudados las','2016-09-15',03,'004-4366',01,'A');
INSERT INTO `en_p3m_asiento_cab` (`LibDiaCod`,`AsiCabCod`,`AsiCabTip`,`AsiCabGlo`,`AsiCabFec`,`TipComCod`,`AsiCabNumCom`,`MonCod`,`EstRegCod`) VALUES (000001,0000000027,'M','vehiculo factura 054-012569','2016-09-22',01,'054-012569',01,'A');
INSERT INTO `en_p3m_asiento_cab` (`LibDiaCod`,`AsiCabCod`,`AsiCabTip`,`AsiCabGlo`,`AsiCabFec`,`TipComCod`,`AsiCabNumCom`,`MonCod`,`EstRegCod`) VALUES (000001,0000000028,'M','ón factura 054-012569','2016-09-22',01,'054-012569',01,'A');

COMMIT;

-- -----------------------------------------------------
-- Data for table `episerp`.`en_p3t_asiento_det`
-- -----------------------------------------------------
START TRANSACTION;
USE `episerp`;
INSERT INTO `en_p3t_asiento_det` (`LibDiaCod`,`AsiCabCod`,`AsiDetCod`,`CueCod`,`AsiDetDebHab`,`AsiDetMon`) VALUES (000001,0000000001,0000000001,0000000306,1,500.00);
INSERT INTO `en_p3t_asiento_det` (`LibDiaCod`,`AsiCabCod`,`AsiDetCod`,`CueCod`,`AsiDetDebHab`,`AsiDetMon`) VALUES (000001,0000000001,0000000002,0000000229,1,90.00);
INSERT INTO `en_p3t_asiento_det` (`LibDiaCod`,`AsiCabCod`,`AsiDetCod`,`CueCod`,`AsiDetDebHab`,`AsiDetMon`) VALUES (000001,0000000001,0000000003,0000000241,0,590.00);
INSERT INTO `en_p3t_asiento_det` (`LibDiaCod`,`AsiCabCod`,`AsiDetCod`,`CueCod`,`AsiDetDebHab`,`AsiDetMon`) VALUES (000001,0000000002,0000000004,0000000241,1,590.00);
INSERT INTO `en_p3t_asiento_det` (`LibDiaCod`,`AsiCabCod`,`AsiDetCod`,`CueCod`,`AsiDetDebHab`,`AsiDetMon`) VALUES (000001,0000000002,0000000005,0000000094,0,590.00);
INSERT INTO `en_p3t_asiento_det` (`LibDiaCod`,`AsiCabCod`,`AsiDetCod`,`CueCod`,`AsiDetDebHab`,`AsiDetMon`) VALUES (000001,0000000003,0000000006,0000000020,1,500.00);
INSERT INTO `en_p3t_asiento_det` (`LibDiaCod`,`AsiCabCod`,`AsiDetCod`,`CueCod`,`AsiDetDebHab`,`AsiDetMon`) VALUES (000001,0000000003,0000000007,0000000311,0,500.00);
INSERT INTO `en_p3t_asiento_det` (`LibDiaCod`,`AsiCabCod`,`AsiDetCod`,`CueCod`,`AsiDetDebHab`,`AsiDetMon`) VALUES (000001,0000000004,0000000008,0000000453,1,1180.00);
INSERT INTO `en_p3t_asiento_det` (`LibDiaCod`,`AsiCabCod`,`AsiDetCod`,`CueCod`,`AsiDetDebHab`,`AsiDetMon`) VALUES (000001,0000000004,0000000009,0000000533,0,180.00);
INSERT INTO `en_p3t_asiento_det` (`LibDiaCod`,`AsiCabCod`,`AsiDetCod`,`CueCod`,`AsiDetDebHab`,`AsiDetMon`) VALUES (000001,0000000004,0000000010,0000000535,0,1000.00);
INSERT INTO `en_p3t_asiento_det` (`LibDiaCod`,`AsiCabCod`,`AsiDetCod`,`CueCod`,`AsiDetDebHab`,`AsiDetMon`) VALUES (000001,0000000005,0000000011,0000000094,0,1180.00);
INSERT INTO `en_p3t_asiento_det` (`LibDiaCod`,`AsiCabCod`,`AsiDetCod`,`CueCod`,`AsiDetDebHab`,`AsiDetMon`) VALUES (000001,0000000005,0000000012,0000000453,1,1180.00);
INSERT INTO `en_p3t_asiento_det` (`LibDiaCod`,`AsiCabCod`,`AsiDetCod`,`CueCod`,`AsiDetDebHab`,`AsiDetMon`) VALUES (000001,0000000006,0000000013,0000000307,1,400.00);
INSERT INTO `en_p3t_asiento_det` (`LibDiaCod`,`AsiCabCod`,`AsiDetCod`,`CueCod`,`AsiDetDebHab`,`AsiDetMon`) VALUES (000001,0000000006,0000000014,0000000229,1,72.00);
INSERT INTO `en_p3t_asiento_det` (`LibDiaCod`,`AsiCabCod`,`AsiDetCod`,`CueCod`,`AsiDetDebHab`,`AsiDetMon`) VALUES (000001,0000000006,0000000015,0000000241,0,472.00);
INSERT INTO `en_p3t_asiento_det` (`LibDiaCod`,`AsiCabCod`,`AsiDetCod`,`CueCod`,`AsiDetDebHab`,`AsiDetMon`) VALUES (000001,0000000007,0000000016,0000000241,1,472.00);
INSERT INTO `en_p3t_asiento_det` (`LibDiaCod`,`AsiCabCod`,`AsiDetCod`,`CueCod`,`AsiDetDebHab`,`AsiDetMon`) VALUES (000001,0000000007,0000000017,0000000094,0,472.00);
INSERT INTO `en_p3t_asiento_det` (`LibDiaCod`,`AsiCabCod`,`AsiDetCod`,`CueCod`,`AsiDetDebHab`,`AsiDetMon`) VALUES (000001,0000000008,0000000018,0000000024,1,400.00);
INSERT INTO `en_p3t_asiento_det` (`LibDiaCod`,`AsiCabCod`,`AsiDetCod`,`CueCod`,`AsiDetDebHab`,`AsiDetMon`) VALUES (000001,0000000008,0000000019,0000000312,0,400.00);
INSERT INTO `en_p3t_asiento_det` (`LibDiaCod`,`AsiCabCod`,`AsiDetCod`,`CueCod`,`AsiDetDebHab`,`AsiDetMon`) VALUES (000001,0000000009,0000000020,0000000453,1,1416.00);
INSERT INTO `en_p3t_asiento_det` (`LibDiaCod`,`AsiCabCod`,`AsiDetCod`,`CueCod`,`AsiDetDebHab`,`AsiDetMon`) VALUES (000001,0000000009,0000000021,0000000533,0,216.00);
INSERT INTO `en_p3t_asiento_det` (`LibDiaCod`,`AsiCabCod`,`AsiDetCod`,`CueCod`,`AsiDetDebHab`,`AsiDetMon`) VALUES (000001,0000000009,0000000022,0000000368,0,1200.00);
INSERT INTO `en_p3t_asiento_det` (`LibDiaCod`,`AsiCabCod`,`AsiDetCod`,`CueCod`,`AsiDetDebHab`,`AsiDetMon`) VALUES (000001,0000000010,0000000023,0000000094,0,1416.00);
INSERT INTO `en_p3t_asiento_det` (`LibDiaCod`,`AsiCabCod`,`AsiDetCod`,`CueCod`,`AsiDetDebHab`,`AsiDetMon`) VALUES (000001,0000000010,0000000024,0000000453,1,1416.00);
INSERT INTO `en_p3t_asiento_det` (`LibDiaCod`,`AsiCabCod`,`AsiDetCod`,`CueCod`,`AsiDetDebHab`,`AsiDetMon`) VALUES (000001,0000000011,0000000025,0000000306,1,350.00);
INSERT INTO `en_p3t_asiento_det` (`LibDiaCod`,`AsiCabCod`,`AsiDetCod`,`CueCod`,`AsiDetDebHab`,`AsiDetMon`) VALUES (000001,0000000011,0000000026,0000000229,1,63.00);
INSERT INTO `en_p3t_asiento_det` (`LibDiaCod`,`AsiCabCod`,`AsiDetCod`,`CueCod`,`AsiDetDebHab`,`AsiDetMon`) VALUES (000001,0000000011,0000000027,0000000241,0,413.00);
INSERT INTO `en_p3t_asiento_det` (`LibDiaCod`,`AsiCabCod`,`AsiDetCod`,`CueCod`,`AsiDetDebHab`,`AsiDetMon`) VALUES (000001,0000000012,0000000028,0000000241,1,413.00);
INSERT INTO `en_p3t_asiento_det` (`LibDiaCod`,`AsiCabCod`,`AsiDetCod`,`CueCod`,`AsiDetDebHab`,`AsiDetMon`) VALUES (000001,0000000012,0000000029,0000000094,0,413.00);
INSERT INTO `en_p3t_asiento_det` (`LibDiaCod`,`AsiCabCod`,`AsiDetCod`,`CueCod`,`AsiDetDebHab`,`AsiDetMon`) VALUES (000001,0000000013,0000000030,0000000020,1,350.00);
INSERT INTO `en_p3t_asiento_det` (`LibDiaCod`,`AsiCabCod`,`AsiDetCod`,`CueCod`,`AsiDetDebHab`,`AsiDetMon`) VALUES (000001,0000000013,0000000031,0000000311,0,350.00);
INSERT INTO `en_p3t_asiento_det` (`LibDiaCod`,`AsiCabCod`,`AsiDetCod`,`CueCod`,`AsiDetDebHab`,`AsiDetMon`) VALUES (000001,0000000014,0000000032,0000000453,1,1534.00);
INSERT INTO `en_p3t_asiento_det` (`LibDiaCod`,`AsiCabCod`,`AsiDetCod`,`CueCod`,`AsiDetDebHab`,`AsiDetMon`) VALUES (000001,0000000014,0000000033,0000000533,0,234.00);
INSERT INTO `en_p3t_asiento_det` (`LibDiaCod`,`AsiCabCod`,`AsiDetCod`,`CueCod`,`AsiDetDebHab`,`AsiDetMon`) VALUES (000001,0000000014,0000000034,0000000535,0,1300.00);
INSERT INTO `en_p3t_asiento_det` (`LibDiaCod`,`AsiCabCod`,`AsiDetCod`,`CueCod`,`AsiDetDebHab`,`AsiDetMon`) VALUES (000001,0000000015,0000000035,0000000094,0,1534.00);
INSERT INTO `en_p3t_asiento_det` (`LibDiaCod`,`AsiCabCod`,`AsiDetCod`,`CueCod`,`AsiDetDebHab`,`AsiDetMon`) VALUES (000001,0000000015,0000000036,0000000453,1,1534.00);
INSERT INTO `en_p3t_asiento_det` (`LibDiaCod`,`AsiCabCod`,`AsiDetCod`,`CueCod`,`AsiDetDebHab`,`AsiDetMon`) VALUES (000001,0000000016,0000000037,0000000307,1,450.00);
INSERT INTO `en_p3t_asiento_det` (`LibDiaCod`,`AsiCabCod`,`AsiDetCod`,`CueCod`,`AsiDetDebHab`,`AsiDetMon`) VALUES (000001,0000000016,0000000038,0000000229,1,81.00);
INSERT INTO `en_p3t_asiento_det` (`LibDiaCod`,`AsiCabCod`,`AsiDetCod`,`CueCod`,`AsiDetDebHab`,`AsiDetMon`) VALUES (000001,0000000016,0000000039,0000000241,0,531.00);
INSERT INTO `en_p3t_asiento_det` (`LibDiaCod`,`AsiCabCod`,`AsiDetCod`,`CueCod`,`AsiDetDebHab`,`AsiDetMon`) VALUES (000001,0000000017,0000000040,0000000241,1,531.00);
INSERT INTO `en_p3t_asiento_det` (`LibDiaCod`,`AsiCabCod`,`AsiDetCod`,`CueCod`,`AsiDetDebHab`,`AsiDetMon`) VALUES (000001,0000000017,0000000041,0000000094,0,531.00);
INSERT INTO `en_p3t_asiento_det` (`LibDiaCod`,`AsiCabCod`,`AsiDetCod`,`CueCod`,`AsiDetDebHab`,`AsiDetMon`) VALUES (000001,0000000018,0000000042,0000000024,1,450.00);
INSERT INTO `en_p3t_asiento_det` (`LibDiaCod`,`AsiCabCod`,`AsiDetCod`,`CueCod`,`AsiDetDebHab`,`AsiDetMon`) VALUES (000001,0000000018,0000000043,0000000312,0,450.00);
INSERT INTO `en_p3t_asiento_det` (`LibDiaCod`,`AsiCabCod`,`AsiDetCod`,`CueCod`,`AsiDetDebHab`,`AsiDetMon`) VALUES (000001,0000000019,0000000044,0000000453,1,1652.00);
INSERT INTO `en_p3t_asiento_det` (`LibDiaCod`,`AsiCabCod`,`AsiDetCod`,`CueCod`,`AsiDetDebHab`,`AsiDetMon`) VALUES (000001,0000000019,0000000045,0000000533,0,252.00);
INSERT INTO `en_p3t_asiento_det` (`LibDiaCod`,`AsiCabCod`,`AsiDetCod`,`CueCod`,`AsiDetDebHab`,`AsiDetMon`) VALUES (000001,0000000019,0000000046,0000000368,0,1400.00);
INSERT INTO `en_p3t_asiento_det` (`LibDiaCod`,`AsiCabCod`,`AsiDetCod`,`CueCod`,`AsiDetDebHab`,`AsiDetMon`) VALUES (000001,0000000020,0000000047,0000000094,0,1652.00);
INSERT INTO `en_p3t_asiento_det` (`LibDiaCod`,`AsiCabCod`,`AsiDetCod`,`CueCod`,`AsiDetDebHab`,`AsiDetMon`) VALUES (000001,0000000020,0000000048,0000000453,1,1652.00);
INSERT INTO `en_p3t_asiento_det` (`LibDiaCod`,`AsiCabCod`,`AsiDetCod`,`CueCod`,`AsiDetDebHab`,`AsiDetMon`) VALUES (000001,0000000021,0000000049,0000000470,1,25000.00);
INSERT INTO `en_p3t_asiento_det` (`LibDiaCod`,`AsiCabCod`,`AsiDetCod`,`CueCod`,`AsiDetDebHab`,`AsiDetMon`) VALUES (000001,0000000021,0000000050,0000000284,0,25000.00);
INSERT INTO `en_p3t_asiento_det` (`LibDiaCod`,`AsiCabCod`,`AsiDetCod`,`CueCod`,`AsiDetDebHab`,`AsiDetMon`) VALUES (000001,0000000022,0000000051,0000000540,1,10000.00);
INSERT INTO `en_p3t_asiento_det` (`LibDiaCod`,`AsiCabCod`,`AsiDetCod`,`CueCod`,`AsiDetDebHab`,`AsiDetMon`) VALUES (000001,0000000022,0000000052,0000000139,1,5000.00);
INSERT INTO `en_p3t_asiento_det` (`LibDiaCod`,`AsiCabCod`,`AsiDetCod`,`CueCod`,`AsiDetDebHab`,`AsiDetMon`) VALUES (000001,0000000022,0000000053,0000000199,1,10000.00);
INSERT INTO `en_p3t_asiento_det` (`LibDiaCod`,`AsiCabCod`,`AsiDetCod`,`CueCod`,`AsiDetDebHab`,`AsiDetMon`) VALUES (000001,0000000022,0000000054,0000000470,0,25000.00);
INSERT INTO `en_p3t_asiento_det` (`LibDiaCod`,`AsiCabCod`,`AsiDetCod`,`CueCod`,`AsiDetDebHab`,`AsiDetMon`) VALUES (000001,0000000023,0000000055,0000000327,1,5000.00);
INSERT INTO `en_p3t_asiento_det` (`LibDiaCod`,`AsiCabCod`,`AsiDetCod`,`CueCod`,`AsiDetDebHab`,`AsiDetMon`) VALUES (000001,0000000023,0000000056,0000000229,0,500.00);
INSERT INTO `en_p3t_asiento_det` (`LibDiaCod`,`AsiCabCod`,`AsiDetCod`,`CueCod`,`AsiDetDebHab`,`AsiDetMon`) VALUES (000001,0000000023,0000000057,0000000244,0,4500.00);
INSERT INTO `en_p3t_asiento_det` (`LibDiaCod`,`AsiCabCod`,`AsiDetCod`,`CueCod`,`AsiDetDebHab`,`AsiDetMon`) VALUES (000001,0000000024,0000000058,0000000543,1,5000.00);
INSERT INTO `en_p3t_asiento_det` (`LibDiaCod`,`AsiCabCod`,`AsiDetCod`,`CueCod`,`AsiDetDebHab`,`AsiDetMon`) VALUES (000001,0000000024,0000000059,0000000076,0,5000.00);
INSERT INTO `en_p3t_asiento_det` (`LibDiaCod`,`AsiCabCod`,`AsiDetCod`,`CueCod`,`AsiDetDebHab`,`AsiDetMon`) VALUES (000001,0000000025,0000000060,0000000244,1,5000.00);
INSERT INTO `en_p3t_asiento_det` (`LibDiaCod`,`AsiCabCod`,`AsiDetCod`,`CueCod`,`AsiDetDebHab`,`AsiDetMon`) VALUES (000001,0000000025,0000000061,0000000541,0,5000.00);
INSERT INTO `en_p3t_asiento_det` (`LibDiaCod`,`AsiCabCod`,`AsiDetCod`,`CueCod`,`AsiDetDebHab`,`AsiDetMon`) VALUES (000001,0000000026,0000000062,0000000097,0,280000.00);
INSERT INTO `en_p3t_asiento_det` (`LibDiaCod`,`AsiCabCod`,`AsiDetCod`,`CueCod`,`AsiDetDebHab`,`AsiDetMon`) VALUES (000001,0000000026,0000000063,0000000540,1,105000.00);
INSERT INTO `en_p3t_asiento_det` (`LibDiaCod`,`AsiCabCod`,`AsiDetCod`,`CueCod`,`AsiDetDebHab`,`AsiDetMon`) VALUES (000001,0000000026,0000000064,0000000435,1,175000.00);
INSERT INTO `en_p3t_asiento_det` (`LibDiaCod`,`AsiCabCod`,`AsiDetCod`,`CueCod`,`AsiDetDebHab`,`AsiDetMon`) VALUES (000001,0000000026,0000000065,0000000011,0,280000.00);
INSERT INTO `en_p3t_asiento_det` (`LibDiaCod`,`AsiCabCod`,`AsiDetCod`,`CueCod`,`AsiDetDebHab`,`AsiDetMon`) VALUES (000001,0000000026,0000000066,0000000094,1,105000.00);
INSERT INTO `en_p3t_asiento_det` (`LibDiaCod`,`AsiCabCod`,`AsiDetCod`,`CueCod`,`AsiDetDebHab`,`AsiDetMon`) VALUES (000001,0000000026,0000000067,0000000094,1,175000.00);
INSERT INTO `en_p3t_asiento_det` (`LibDiaCod`,`AsiCabCod`,`AsiDetCod`,`CueCod`,`AsiDetDebHab`,`AsiDetMon`) VALUES (000001,0000000027,0000000068,0000000200,1,15400.00);
INSERT INTO `en_p3t_asiento_det` (`LibDiaCod`,`AsiCabCod`,`AsiDetCod`,`CueCod`,`AsiDetDebHab`,`AsiDetMon`) VALUES (000001,0000000027,0000000069,0000000533,1,2772.00);
INSERT INTO `en_p3t_asiento_det` (`LibDiaCod`,`AsiCabCod`,`AsiDetCod`,`CueCod`,`AsiDetDebHab`,`AsiDetMon`) VALUES (000001,0000000027,0000000070,0000000241,0,18172.00);
INSERT INTO `en_p3t_asiento_det` (`LibDiaCod`,`AsiCabCod`,`AsiDetCod`,`CueCod`,`AsiDetDebHab`,`AsiDetMon`) VALUES (000001,0000000028,0000000071,0000000241,1,18172.00);
INSERT INTO `en_p3t_asiento_det` (`LibDiaCod`,`AsiCabCod`,`AsiDetCod`,`CueCod`,`AsiDetDebHab`,`AsiDetMon`) VALUES (000001,0000000028,0000000072,0000000542,0,18172.00);

COMMIT;

/*Transporte*/

-- -----------------------------------------------------
-- Data for table `episerp`.`en_p2m_unidad_transporte`
-- -----------------------------------------------------
START TRANSACTION;
USE `episerp`;
INSERT INTO `en_p2m_unidad_transporte` (`UniTraCod`,`TipUniTraCod`,`UniTraMod`,`UniTraMar`,`UniTraPes`,`UniTraNumPla`,`EstUniTraCod`,`EstRegCod`) VALUES ("1",1,"Bravo","Fiat",89179,"F3X-826",3,"A");
INSERT INTO `en_p2m_unidad_transporte` (`UniTraCod`,`TipUniTraCod`,`UniTraMod`,`UniTraMar`,`UniTraPes`,`UniTraNumPla`,`EstUniTraCod`,`EstRegCod`) VALUES ("2",4,"Ka","Ford",97858,"F2K-393",1,"A");
INSERT INTO `en_p2m_unidad_transporte` (`UniTraCod`,`TipUniTraCod`,`UniTraMod`,`UniTraMar`,`UniTraPes`,`UniTraNumPla`,`EstUniTraCod`,`EstRegCod`) VALUES ("3",5,"Civic","Honda",5892,"C6H-393",4,"A");
INSERT INTO `en_p2m_unidad_transporte` (`UniTraCod`,`TipUniTraCod`,`UniTraMod`,`UniTraMar`,`UniTraPes`,`UniTraNumPla`,`EstUniTraCod`,`EstRegCod`) VALUES ("4",1,"Fit","Honda",60078,"W0D-549",3,"A");
INSERT INTO `en_p2m_unidad_transporte` (`UniTraCod`,`TipUniTraCod`,`UniTraMod`,`UniTraMar`,`UniTraPes`,`UniTraNumPla`,`EstUniTraCod`,`EstRegCod`) VALUES ("5",4,"207","Peugeot",26461,"I6S-530",4,"A");
INSERT INTO `en_p2m_unidad_transporte` (`UniTraCod`,`TipUniTraCod`,`UniTraMod`,`UniTraMar`,`UniTraPes`,`UniTraNumPla`,`EstUniTraCod`,`EstRegCod`) VALUES ("6",1,"Uno","Fiat",60041,"V8U-405",1,"A");
INSERT INTO `en_p2m_unidad_transporte` (`UniTraCod`,`TipUniTraCod`,`UniTraMod`,`UniTraMar`,`UniTraPes`,`UniTraNumPla`,`EstUniTraCod`,`EstRegCod`) VALUES ("7",2,"City","Honda",28620,"V3B-611",3,"A");
INSERT INTO `en_p2m_unidad_transporte` (`UniTraCod`,`TipUniTraCod`,`UniTraMod`,`UniTraMar`,`UniTraPes`,`UniTraNumPla`,`EstUniTraCod`,`EstRegCod`) VALUES ("9",7,"Cerato","Chery",92719,"V8O-504",1,"A");
INSERT INTO `en_p2m_unidad_transporte` (`UniTraCod`,`TipUniTraCod`,`UniTraMod`,`UniTraMar`,`UniTraPes`,`UniTraNumPla`,`EstUniTraCod`,`EstRegCod`) VALUES ("10",7,"QQ","Citroen",68314,"A6Y-629",3,"A");
INSERT INTO `en_p2m_unidad_transporte` (`UniTraCod`,`TipUniTraCod`,`UniTraMod`,`UniTraMar`,`UniTraPes`,`UniTraNumPla`,`EstUniTraCod`,`EstRegCod`) VALUES ("11",1,"C3","Mini",35632,"Y9A-352",1,"A");
INSERT INTO `en_p2m_unidad_transporte` (`UniTraCod`,`TipUniTraCod`,`UniTraMod`,`UniTraMar`,`UniTraPes`,`UniTraNumPla`,`EstUniTraCod`,`EstRegCod`) VALUES ("12",3,"307","Peugeot",79501,"V6K-724",3,"A");
INSERT INTO `en_p2m_unidad_transporte` (`UniTraCod`,`TipUniTraCod`,`UniTraMod`,`UniTraMar`,`UniTraPes`,`UniTraNumPla`,`EstUniTraCod`,`EstRegCod`) VALUES ("13",4,"X1","Bmw",63784,"Q6B-350",1,"A");
INSERT INTO `en_p2m_unidad_transporte` (`UniTraCod`,`TipUniTraCod`,`UniTraMod`,`UniTraMar`,`UniTraPes`,`UniTraNumPla`,`EstUniTraCod`,`EstRegCod`) VALUES ("14",6,"Fiesta","Ford",64454,"O5O-540",1,"A");
INSERT INTO `en_p2m_unidad_transporte` (`UniTraCod`,`TipUniTraCod`,`UniTraMod`,`UniTraMar`,`UniTraPes`,`UniTraNumPla`,`EstUniTraCod`,`EstRegCod`) VALUES ("15",7,"Focus","Ford",66692,"E3H-923",3,"A");
INSERT INTO `en_p2m_unidad_transporte` (`UniTraCod`,`TipUniTraCod`,`UniTraMod`,`UniTraMar`,`UniTraPes`,`UniTraNumPla`,`EstUniTraCod`,`EstRegCod`) VALUES ("16",2,"i30","Hyundai",80505,"W4N-935",4,"A");
INSERT INTO `en_p2m_unidad_transporte` (`UniTraCod`,`TipUniTraCod`,`UniTraMod`,`UniTraMar`,`UniTraPes`,`UniTraNumPla`,`EstUniTraCod`,`EstRegCod`) VALUES ("17",3,"Wylie","Jeep",16363,"V9K-861",3,"A");
INSERT INTO `en_p2m_unidad_transporte` (`UniTraCod`,`TipUniTraCod`,`UniTraMod`,`UniTraMar`,`UniTraPes`,`UniTraNumPla`,`EstUniTraCod`,`EstRegCod`) VALUES ("18",4,"A3","Audi",19763,"N7B-180",1,"A");
INSERT INTO `en_p2m_unidad_transporte` (`UniTraCod`,`TipUniTraCod`,`UniTraMod`,`UniTraMar`,`UniTraPes`,`UniTraNumPla`,`EstUniTraCod`,`EstRegCod`) VALUES ("19",2,"X6","Bmw",63309,"V5E-637",2,"A");
INSERT INTO `en_p2m_unidad_transporte` (`UniTraCod`,`TipUniTraCod`,`UniTraMod`,`UniTraMar`,`UniTraPes`,`UniTraNumPla`,`EstUniTraCod`,`EstRegCod`) VALUES ("20",4,"Face","Chery",85381,"N5K-492",4,"A");
INSERT INTO `en_p2m_unidad_transporte` (`UniTraCod`,`TipUniTraCod`,`UniTraMod`,`UniTraMar`,`UniTraPes`,`UniTraNumPla`,`EstUniTraCod`,`EstRegCod`) VALUES ("21",1,"Aircross","Citroen",36183,"D9B-212",2,"A");
INSERT INTO `en_p2m_unidad_transporte` (`UniTraCod`,`TipUniTraCod`,`UniTraMod`,`UniTraMar`,`UniTraPes`,`UniTraNumPla`,`EstUniTraCod`,`EstRegCod`) VALUES ("22",3,"Punto","Fiat",72794,"Z3X-742",4,"A");
INSERT INTO `en_p2m_unidad_transporte` (`UniTraCod`,`TipUniTraCod`,`UniTraMod`,`UniTraMar`,`UniTraPes`,`UniTraNumPla`,`EstUniTraCod`,`EstRegCod`) VALUES ("23",4,"Ford","Fusion",93631,"V4L-479",1,"A");
INSERT INTO `en_p2m_unidad_transporte` (`UniTraCod`,`TipUniTraCod`,`UniTraMod`,`UniTraMar`,`UniTraPes`,`UniTraNumPla`,`EstUniTraCod`,`EstRegCod`) VALUES ("24",5,"ix35","Hyundai",5808,"N0C-532",1,"A");
INSERT INTO `en_p2m_unidad_transporte` (`UniTraCod`,`TipUniTraCod`,`UniTraMod`,`UniTraMar`,`UniTraPes`,`UniTraNumPla`,`EstUniTraCod`,`EstRegCod`) VALUES ("25",2,"Sonata","Hyundai",17445,"U9U-969",3,"A");
INSERT INTO `en_p2m_unidad_transporte` (`UniTraCod`,`TipUniTraCod`,`UniTraMod`,`UniTraMar`,`UniTraPes`,`UniTraNumPla`,`EstUniTraCod`,`EstRegCod`) VALUES ("26",6,"Picanto","Kia",74961,"R2Z-676",1,"A");
INSERT INTO `en_p2m_unidad_transporte` (`UniTraCod`,`TipUniTraCod`,`UniTraMod`,`UniTraMar`,`UniTraPes`,`UniTraNumPla`,`EstUniTraCod`,`EstRegCod`) VALUES ("27",5,"3008","Peugeot",59153,"P0A-263",2,"A");
INSERT INTO `en_p2m_unidad_transporte` (`UniTraCod`,`TipUniTraCod`,`UniTraMod`,`UniTraMar`,`UniTraPes`,`UniTraNumPla`,`EstUniTraCod`,`EstRegCod`) VALUES ("28",6,"234","Ssangyong",70966,"O8G-208",2,"A");
INSERT INTO `en_p2m_unidad_transporte` (`UniTraCod`,`TipUniTraCod`,`UniTraMod`,`UniTraMar`,`UniTraPes`,`UniTraNumPla`,`EstUniTraCod`,`EstRegCod`) VALUES ("29",2,"A1","Audi",59660,"L5A-916",4,"A");
INSERT INTO `en_p2m_unidad_transporte` (`UniTraCod`,`TipUniTraCod`,`UniTraMod`,`UniTraMar`,`UniTraPes`,`UniTraNumPla`,`EstUniTraCod`,`EstRegCod`) VALUES ("30",7,"R8","Audi",48591,"V2P-269",1,"A");
INSERT INTO `en_p2m_unidad_transporte` (`UniTraCod`,`TipUniTraCod`,`UniTraMod`,`UniTraMar`,`UniTraPes`,`UniTraNumPla`,`EstUniTraCod`,`EstRegCod`) VALUES ("31",1,"Camaro","Chevrolet",90069,"Y2A-628",2,"A");
INSERT INTO `en_p2m_unidad_transporte` (`UniTraCod`,`TipUniTraCod`,`UniTraMod`,`UniTraMar`,`UniTraPes`,`UniTraNumPla`,`EstUniTraCod`,`EstRegCod`) VALUES ("32",6,"C4","Citroen",1505,"S7V-336",3,"A");
INSERT INTO `en_p2m_unidad_transporte` (`UniTraCod`,`TipUniTraCod`,`UniTraMod`,`UniTraMar`,`UniTraPes`,`UniTraNumPla`,`EstUniTraCod`,`EstRegCod`) VALUES ("33",2,"C4","Fiat",78949,"Z3I-023",1,"A");
INSERT INTO `en_p2m_unidad_transporte` (`UniTraCod`,`TipUniTraCod`,`UniTraMod`,`UniTraMar`,`UniTraPes`,`UniTraNumPla`,`EstUniTraCod`,`EstRegCod`) VALUES ("34",3,"Edge","Ford",39550,"K1S-614",3,"A");
INSERT INTO `en_p2m_unidad_transporte` (`UniTraCod`,`TipUniTraCod`,`UniTraMod`,`UniTraMar`,`UniTraPes`,`UniTraNumPla`,`EstUniTraCod`,`EstRegCod`) VALUES ("35",5,"Asx","Mitsubishi",72640,"X6A-263",2,"A");
INSERT INTO `en_p2m_unidad_transporte` (`UniTraCod`,`TipUniTraCod`,`UniTraMod`,`UniTraMar`,`UniTraPes`,`UniTraNumPla`,`EstUniTraCod`,`EstRegCod`) VALUES ("36",1,"408","Peugeot",32553,"V5W-120",3,"A");
INSERT INTO `en_p2m_unidad_transporte` (`UniTraCod`,`TipUniTraCod`,`UniTraMod`,`UniTraMar`,`UniTraPes`,`UniTraNumPla`,`EstUniTraCod`,`EstRegCod`) VALUES ("37",4,"Journey","Dodge",52780,"V4J-777",3,"A");
INSERT INTO `en_p2m_unidad_transporte` (`UniTraCod`,`TipUniTraCod`,`UniTraMod`,`UniTraMar`,`UniTraPes`,`UniTraNumPla`,`EstUniTraCod`,`EstRegCod`) VALUES ("38",5,"Stilo","Fiat",6860,"J2C-778",2,"A");
INSERT INTO `en_p2m_unidad_transporte` (`UniTraCod`,`TipUniTraCod`,`UniTraMod`,`UniTraMar`,`UniTraPes`,`UniTraNumPla`,`EstUniTraCod`,`EstRegCod`) VALUES ("39",7,"Sorento","Kia",99176,"O1W-675",1,"A");
INSERT INTO `en_p2m_unidad_transporte` (`UniTraCod`,`TipUniTraCod`,`UniTraMod`,`UniTraMar`,`UniTraPes`,`UniTraNumPla`,`EstUniTraCod`,`EstRegCod`) VALUES ("40",2,"Livina","Nissan",56445,"O7I-012",2,"A");
INSERT INTO `en_p2m_unidad_transporte` (`UniTraCod`,`TipUniTraCod`,`UniTraMod`,`UniTraMar`,`UniTraPes`,`UniTraNumPla`,`EstUniTraCod`,`EstRegCod`) VALUES ("41",7,"Cayenne","Porsche",1578,"L7Y-594",4,"A");
INSERT INTO `en_p2m_unidad_transporte` (`UniTraCod`,`TipUniTraCod`,`UniTraMod`,`UniTraMar`,`UniTraPes`,`UniTraNumPla`,`EstUniTraCod`,`EstRegCod`) VALUES ("42",6,"Corolla","Toyota",85972,"I3T-698",2,"A");
INSERT INTO `en_p2m_unidad_transporte` (`UniTraCod`,`TipUniTraCod`,`UniTraMod`,`UniTraMar`,`UniTraPes`,`UniTraNumPla`,`EstUniTraCod`,`EstRegCod`) VALUES ("43",3,"Martin","Aston",15732,"T3R-348",2,"A");
INSERT INTO `en_p2m_unidad_transporte` (`UniTraCod`,`TipUniTraCod`,`UniTraMod`,`UniTraMar`,`UniTraPes`,`UniTraNumPla`,`EstUniTraCod`,`EstRegCod`) VALUES ("44",3,"A8","Audi",99059,"J9D-554",1,"A");
INSERT INTO `en_p2m_unidad_transporte` (`UniTraCod`,`TipUniTraCod`,`UniTraMod`,`UniTraMar`,`UniTraPes`,`UniTraNumPla`,`EstUniTraCod`,`EstRegCod`) VALUES ("45",6,"Agile","Chevrolet",73627,"Q6L-429",4,"A");
INSERT INTO `en_p2m_unidad_transporte` (`UniTraCod`,`TipUniTraCod`,`UniTraMod`,`UniTraMar`,`UniTraPes`,`UniTraNumPla`,`EstUniTraCod`,`EstRegCod`) VALUES ("46",2,"Idea","Fiat",80922,"P2B-621",3,"A");
INSERT INTO `en_p2m_unidad_transporte` (`UniTraCod`,`TipUniTraCod`,`UniTraMod`,`UniTraMar`,`UniTraPes`,`UniTraNumPla`,`EstUniTraCod`,`EstRegCod`) VALUES ("47",6,"Strada","Fiat",25515,"V6K-599",2,"A");
INSERT INTO `en_p2m_unidad_transporte` (`UniTraCod`,`TipUniTraCod`,`UniTraMod`,`UniTraMar`,`UniTraPes`,`UniTraNumPla`,`EstUniTraCod`,`EstRegCod`) VALUES ("48",2,"Frontier","Nissan",29829,"M1W-437",2,"A");
INSERT INTO `en_p2m_unidad_transporte` (`UniTraCod`,`TipUniTraCod`,`UniTraMod`,`UniTraMar`,`UniTraPes`,`UniTraNumPla`,`EstUniTraCod`,`EstRegCod`) VALUES ("49",3,"C30","Volvo",89439,"X2C-121",2,"A");
INSERT INTO `en_p2m_unidad_transporte` (`UniTraCod`,`TipUniTraCod`,`UniTraMod`,`UniTraMar`,`UniTraPes`,`UniTraNumPla`,`EstUniTraCod`,`EstRegCod`) VALUES ("50",3,"XC60","Volvo",94454,"D7O-877",2,"A");
INSERT INTO `en_p2m_unidad_transporte` (`UniTraCod`,`TipUniTraCod`,`UniTraMod`,`UniTraMar`,`UniTraPes`,`UniTraNumPla`,`EstUniTraCod`,`EstRegCod`) VALUES ("51",5,"A4","Audi",88682,"K4V-765",4,"A");
INSERT INTO `en_p2m_unidad_transporte` (`UniTraCod`,`TipUniTraCod`,`UniTraMod`,`UniTraMar`,`UniTraPes`,`UniTraNumPla`,`EstUniTraCod`,`EstRegCod`) VALUES ("52",6,"X5","Bmw",98851,"P0E-182",2,"A");
INSERT INTO `en_p2m_unidad_transporte` (`UniTraCod`,`TipUniTraCod`,`UniTraMod`,`UniTraMar`,`UniTraPes`,`UniTraNumPla`,`EstUniTraCod`,`EstRegCod`) VALUES ("53",2,"Tiggo","Chery",19384,"Y6O-077",3,"A");
INSERT INTO `en_p2m_unidad_transporte` (`UniTraCod`,`TipUniTraCod`,`UniTraMod`,`UniTraMar`,`UniTraPes`,`UniTraNumPla`,`EstUniTraCod`,`EstRegCod`) VALUES ("54",2,"Linea","Flat",41755,"B4O-300",1,"A");
INSERT INTO `en_p2m_unidad_transporte` (`UniTraCod`,`TipUniTraCod`,`UniTraMod`,`UniTraMar`,`UniTraPes`,`UniTraNumPla`,`EstUniTraCod`,`EstRegCod`) VALUES ("55",2,"Gallardo","Lamborghini",93828,"I5G-558",2,"A");
INSERT INTO `en_p2m_unidad_transporte` (`UniTraCod`,`TipUniTraCod`,`UniTraMod`,`UniTraMar`,`UniTraPes`,`UniTraNumPla`,`EstUniTraCod`,`EstRegCod`) VALUES ("56",3,"Tilda","Nissan",78059,"V2I-647",3,"A");
INSERT INTO `en_p2m_unidad_transporte` (`UniTraCod`,`TipUniTraCod`,`UniTraMod`,`UniTraMar`,`UniTraPes`,`UniTraNumPla`,`EstUniTraCod`,`EstRegCod`) VALUES ("57",3,"Logan","Renault",38392,"L9D-111",4,"A");
INSERT INTO `en_p2m_unidad_transporte` (`UniTraCod`,`TipUniTraCod`,`UniTraMod`,`UniTraMar`,`UniTraPes`,`UniTraNumPla`,`EstUniTraCod`,`EstRegCod`) VALUES ("58",7,"Impresa","Subaru",90726,"G9T-777",3,"A");
INSERT INTO `en_p2m_unidad_transporte` (`UniTraCod`,`TipUniTraCod`,`UniTraMod`,`UniTraMar`,`UniTraPes`,`UniTraNumPla`,`EstUniTraCod`,`EstRegCod`) VALUES ("59",1,"Z4","Bmw",47210,"F3N-021",4,"A");
INSERT INTO `en_p2m_unidad_transporte` (`UniTraCod`,`TipUniTraCod`,`UniTraMod`,`UniTraMar`,`UniTraPes`,`UniTraNumPla`,`EstUniTraCod`,`EstRegCod`) VALUES ("60",2,"300C","Chysler",52052,"Y9Q-895",2,"A");
INSERT INTO `en_p2m_unidad_transporte` (`UniTraCod`,`TipUniTraCod`,`UniTraMod`,`UniTraMar`,`UniTraPes`,`UniTraNumPla`,`EstUniTraCod`,`EstRegCod`) VALUES ("61",6,"C5","Citroen",37170,"A3S-832",2,"A");
INSERT INTO `en_p2m_unidad_transporte` (`UniTraCod`,`TipUniTraCod`,`UniTraMod`,`UniTraMar`,`UniTraPes`,`UniTraNumPla`,`EstUniTraCod`,`EstRegCod`) VALUES ("62",7,"Palio","Fiat",39303,"O6Z-375",4,"A");
INSERT INTO `en_p2m_unidad_transporte` (`UniTraCod`,`TipUniTraCod`,`UniTraMod`,`UniTraMar`,`UniTraPes`,`UniTraNumPla`,`EstUniTraCod`,`EstRegCod`) VALUES ("63",4,"Tucson","Hyundai",61101,"J5S-751",2,"A");
INSERT INTO `en_p2m_unidad_transporte` (`UniTraCod`,`TipUniTraCod`,`UniTraMod`,`UniTraMar`,`UniTraPes`,`UniTraNumPla`,`EstUniTraCod`,`EstRegCod`) VALUES ("64",7,"Santra","Nissan",31998,"O7V-674",1,"A");
INSERT INTO `en_p2m_unidad_transporte` (`UniTraCod`,`TipUniTraCod`,`UniTraMod`,`UniTraMar`,`UniTraPes`,`UniTraNumPla`,`EstUniTraCod`,`EstRegCod`) VALUES ("65",4,"207","Peugeot",53860,"G2Y-817",1,"A");
INSERT INTO `en_p2m_unidad_transporte` (`UniTraCod`,`TipUniTraCod`,`UniTraMod`,`UniTraMar`,`UniTraPes`,`UniTraNumPla`,`EstUniTraCod`,`EstRegCod`) VALUES ("66",4,"Q7","Audi",88903,"O3E-092",3,"A");
INSERT INTO `en_p2m_unidad_transporte` (`UniTraCod`,`TipUniTraCod`,`UniTraMod`,`UniTraMar`,`UniTraPes`,`UniTraNumPla`,`EstUniTraCod`,`EstRegCod`) VALUES ("67",7,"M100","Effa",31732,"D6L-602",2,"A");
INSERT INTO `en_p2m_unidad_transporte` (`UniTraCod`,`TipUniTraCod`,`UniTraMod`,`UniTraMar`,`UniTraPes`,`UniTraNumPla`,`EstUniTraCod`,`EstRegCod`) VALUES ("68",2,"Doblo","Fiat",68185,"H9E-805",4,"A");
INSERT INTO `en_p2m_unidad_transporte` (`UniTraCod`,`TipUniTraCod`,`UniTraMod`,`UniTraMar`,`UniTraPes`,`UniTraNumPla`,`EstUniTraCod`,`EstRegCod`) VALUES ("69",1,"Ranger","Ford",6145,"R7F-659",2,"A");
INSERT INTO `en_p2m_unidad_transporte` (`UniTraCod`,`TipUniTraCod`,`UniTraMod`,`UniTraMar`,`UniTraPes`,`UniTraNumPla`,`EstUniTraCod`,`EstRegCod`) VALUES ("70",6,"Daily","Iveco",73117,"B7M-192",3,"A");
INSERT INTO `en_p2m_unidad_transporte` (`UniTraCod`,`TipUniTraCod`,`UniTraMod`,`UniTraMar`,`UniTraPes`,`UniTraNumPla`,`EstUniTraCod`,`EstRegCod`) VALUES ("71",6,"Panamera","Porsche",20048,"I3R-363",2,"A");
INSERT INTO `en_p2m_unidad_transporte` (`UniTraCod`,`TipUniTraCod`,`UniTraMod`,`UniTraMar`,`UniTraPes`,`UniTraNumPla`,`EstUniTraCod`,`EstRegCod`) VALUES ("72",5,"Symbol","Renault",7955,"V3W-185",4,"A");
INSERT INTO `en_p2m_unidad_transporte` (`UniTraCod`,`TipUniTraCod`,`UniTraMod`,`UniTraMar`,`UniTraPes`,`UniTraNumPla`,`EstUniTraCod`,`EstRegCod`) VALUES ("73",5,"SX4","Suzuki",14100,"P8J-473",3,"A");
INSERT INTO `en_p2m_unidad_transporte` (`UniTraCod`,`TipUniTraCod`,`UniTraMod`,`UniTraMar`,`UniTraPes`,`UniTraNumPla`,`EstUniTraCod`,`EstRegCod`) VALUES ("74",4,"A7","Audi",53170,"N8X-530",1,"A");
INSERT INTO `en_p2m_unidad_transporte` (`UniTraCod`,`TipUniTraCod`,`UniTraMod`,`UniTraMar`,`UniTraPes`,`UniTraNumPla`,`EstUniTraCod`,`EstRegCod`) VALUES ("75",4,"California","Ferrari",17266,"T2E-717",3,"A");
INSERT INTO `en_p2m_unidad_transporte` (`UniTraCod`,`TipUniTraCod`,`UniTraMod`,`UniTraMar`,`UniTraPes`,`UniTraNumPla`,`EstUniTraCod`,`EstRegCod`) VALUES ("76",1,"Siena","Fiat",85858,"T9U-801",3,"A");
INSERT INTO `en_p2m_unidad_transporte` (`UniTraCod`,`TipUniTraCod`,`UniTraMod`,`UniTraMar`,`UniTraPes`,`UniTraNumPla`,`EstUniTraCod`,`EstRegCod`) VALUES ("77",5,"HR","Hyundai",5568,"J1V-207",2,"A");
INSERT INTO `en_p2m_unidad_transporte` (`UniTraCod`,`TipUniTraCod`,`UniTraMod`,`UniTraMar`,`UniTraPes`,`UniTraNumPla`,`EstUniTraCod`,`EstRegCod`) VALUES ("78",3,"Cherokee","Jeep",62057,"L7U-885",4,"A");
INSERT INTO `en_p2m_unidad_transporte` (`UniTraCod`,`TipUniTraCod`,`UniTraMod`,`UniTraMar`,`UniTraPes`,`UniTraNumPla`,`EstUniTraCod`,`EstRegCod`) VALUES ("79",7,"Cadenza","Kia",68720,"U0M-471",1,"A");
INSERT INTO `en_p2m_unidad_transporte` (`UniTraCod`,`TipUniTraCod`,`UniTraMod`,`UniTraMar`,`UniTraPes`,`UniTraNumPla`,`EstUniTraCod`,`EstRegCod`) VALUES ("80",2,"Accord","Honda",9321,"Z4X-507",2,"A");
INSERT INTO `en_p2m_unidad_transporte` (`UniTraCod`,`TipUniTraCod`,`UniTraMod`,`UniTraMar`,`UniTraPes`,`UniTraNumPla`,`EstUniTraCod`,`EstRegCod`) VALUES ("81",2,"Bongo","Kia",56637,"G3J-968",3,"A");
INSERT INTO `en_p2m_unidad_transporte` (`UniTraCod`,`TipUniTraCod`,`UniTraMod`,`UniTraMar`,`UniTraPes`,`UniTraNumPla`,`EstUniTraCod`,`EstRegCod`) VALUES ("82",1,"Defender","Land Rover",55898,"D8T-077",2,"A");
INSERT INTO `en_p2m_unidad_transporte` (`UniTraCod`,`TipUniTraCod`,`UniTraMod`,`UniTraMar`,`UniTraPes`,`UniTraNumPla`,`EstUniTraCod`,`EstRegCod`) VALUES ("83",5,"350z","Nissan",71186,"A8I-124",1,"A");
INSERT INTO `en_p2m_unidad_transporte` (`UniTraCod`,`TipUniTraCod`,`UniTraMod`,`UniTraMar`,`UniTraPes`,`UniTraNumPla`,`EstUniTraCod`,`EstRegCod`) VALUES ("84",3,"March","Nissan",25463,"B2H-875",4,"A");
INSERT INTO `en_p2m_unidad_transporte` (`UniTraCod`,`TipUniTraCod`,`UniTraMod`,`UniTraMar`,`UniTraPes`,`UniTraNumPla`,`EstUniTraCod`,`EstRegCod`) VALUES ("85",4,"Hoggar","Peugeot",69642,"T3B-580",1,"A");
INSERT INTO `en_p2m_unidad_transporte` (`UniTraCod`,`TipUniTraCod`,`UniTraMod`,`UniTraMar`,`UniTraPes`,`UniTraNumPla`,`EstUniTraCod`,`EstRegCod`) VALUES ("86",4,"Gol","Volkswagen",36132,"X9E-983",3,"A");
INSERT INTO `en_p2m_unidad_transporte` (`UniTraCod`,`TipUniTraCod`,`UniTraMod`,`UniTraMar`,`UniTraPes`,`UniTraNumPla`,`EstUniTraCod`,`EstRegCod`) VALUES ("87",3,"Q5","Audi",87143,"G9Q-204",2,"A");
INSERT INTO `en_p2m_unidad_transporte` (`UniTraCod`,`TipUniTraCod`,`UniTraMod`,`UniTraMar`,`UniTraPes`,`UniTraNumPla`,`EstUniTraCod`,`EstRegCod`) VALUES ("88",4,"X3","Bmw",16752,"T8G-657",4,"A");
INSERT INTO `en_p2m_unidad_transporte` (`UniTraCod`,`TipUniTraCod`,`UniTraMod`,`UniTraMar`,`UniTraPes`,`UniTraNumPla`,`EstUniTraCod`,`EstRegCod`) VALUES ("89",4,"C4 Pallas","Citroen",79087,"Z3K-421",4,"A");
INSERT INTO `en_p2m_unidad_transporte` (`UniTraCod`,`TipUniTraCod`,`UniTraMod`,`UniTraMar`,`UniTraPes`,`UniTraNumPla`,`EstUniTraCod`,`EstRegCod`) VALUES ("90",7,"458 Italia","Ferrari",85416,"E9R-637",2,"A");
INSERT INTO `en_p2m_unidad_transporte` (`UniTraCod`,`TipUniTraCod`,`UniTraMod`,`UniTraMar`,`UniTraPes`,`UniTraNumPla`,`EstUniTraCod`,`EstRegCod`) VALUES ("91",1,"Ecosport","Ford",90967,"H3E-055",3,"A");
INSERT INTO `en_p2m_unidad_transporte` (`UniTraCod`,`TipUniTraCod`,`UniTraMod`,`UniTraMar`,`UniTraPes`,`UniTraNumPla`,`EstUniTraCod`,`EstRegCod`) VALUES ("92",4,"Azera","Hyundai",9868,"F2F-751",3,"A");
INSERT INTO `en_p2m_unidad_transporte` (`UniTraCod`,`TipUniTraCod`,`UniTraMod`,`UniTraMar`,`UniTraPes`,`UniTraNumPla`,`EstUniTraCod`,`EstRegCod`) VALUES ("93",4,"Santa Fe","Hyundai",7341,"A8Q-360",4,"A");
INSERT INTO `en_p2m_unidad_transporte` (`UniTraCod`,`TipUniTraCod`,`UniTraMod`,`UniTraMar`,`UniTraPes`,`UniTraNumPla`,`EstUniTraCod`,`EstRegCod`) VALUES ("94",2,"Outlander","Mitsubishi",20731,"N9J-636",1,"A");
INSERT INTO `en_p2m_unidad_transporte` (`UniTraCod`,`TipUniTraCod`,`UniTraMod`,`UniTraMar`,`UniTraPes`,`UniTraNumPla`,`EstUniTraCod`,`EstRegCod`) VALUES ("95",5,"407","Peugeot",2425,"F0Y-420",3,"A");
INSERT INTO `en_p2m_unidad_transporte` (`UniTraCod`,`TipUniTraCod`,`UniTraMod`,`UniTraMar`,`UniTraPes`,`UniTraNumPla`,`EstUniTraCod`,`EstRegCod`) VALUES ("96",4,"Master","Renault",52954,"H0S-481",3,"A");
INSERT INTO `en_p2m_unidad_transporte` (`UniTraCod`,`TipUniTraCod`,`UniTraMod`,`UniTraMar`,`UniTraPes`,`UniTraNumPla`,`EstUniTraCod`,`EstRegCod`) VALUES ("97",2,"Scenic","Renault",62626,"L3G-807",1,"A");
INSERT INTO `en_p2m_unidad_transporte` (`UniTraCod`,`TipUniTraCod`,`UniTraMod`,`UniTraMar`,`UniTraPes`,`UniTraNumPla`,`EstUniTraCod`,`EstRegCod`) VALUES ("98",3,"Forester","Subaru",76298,"B3R-477",4,"A");
INSERT INTO `en_p2m_unidad_transporte` (`UniTraCod`,`TipUniTraCod`,`UniTraMod`,`UniTraMar`,`UniTraPes`,`UniTraNumPla`,`EstUniTraCod`,`EstRegCod`) VALUES ("99",2,"A5","Audi",17680,"J5N-544",3,"A");
INSERT INTO `en_p2m_unidad_transporte` (`UniTraCod`,`TipUniTraCod`,`UniTraMod`,`UniTraMar`,`UniTraPes`,`UniTraNumPla`,`EstUniTraCod`,`EstRegCod`) VALUES ("100",1,"A6","Audi",76307,"P0P-168",3,"A");

COMMIT;

-- -----------------------------------------------------
-- Data for table `episerp`.`en_p2m_transportista`
-- -----------------------------------------------------
START TRANSACTION;
USE `episerp`;
INSERT INTO `en_p2m_transportista` (`TraCod`,`TraNom`,`TraApePat`,`TraApeMat`,`TraRazSoc`,`TraNomCom`,`TraDomFis`,`TraTel`,`TraEmail`,`TraDir`,`EstRegCod`) VALUES ("1","Keelie","Garner","Cox","Vitae Corp.","Cursus Diam At PC","9819 Risus. Road","243-832-559","ac@orciquislectus.net","P.O. Box 235, 7673 Praesent St.","A");
INSERT INTO `en_p2m_transportista` (`TraCod`,`TraNom`,`TraApePat`,`TraApeMat`,`TraRazSoc`,`TraNomCom`,`TraDomFis`,`TraTel`,`TraEmail`,`TraDir`,`EstRegCod`) VALUES ("2","Odysseus","Knapp","Whitehead","Magna Institute","Suspendisse Incorporated","109-4165 Augue St.","277-069-354","turpis.nec@imperdieteratnonummy.org","3767 Feugiat Road","A");
INSERT INTO `en_p2m_transportista` (`TraCod`,`TraNom`,`TraApePat`,`TraApeMat`,`TraRazSoc`,`TraNomCom`,`TraDomFis`,`TraTel`,`TraEmail`,`TraDir`,`EstRegCod`) VALUES ("3","Robin","Diaz","Hatfield","Dis Parturient Montes Corporation","Est Mauris Rhoncus Associates","P.O. Box 563, 5988 Volutpat. Rd.","050-529-718","sodales.purus.in@vestibulumnequesed.ca","Ap #612-8571 Nisi. St.","A");
INSERT INTO `en_p2m_transportista` (`TraCod`,`TraNom`,`TraApePat`,`TraApeMat`,`TraRazSoc`,`TraNomCom`,`TraDomFis`,`TraTel`,`TraEmail`,`TraDir`,`EstRegCod`) VALUES ("4","Henry","Shepard","Baldwin","Dapibus Corporation","Eu Associates","P.O. Box 399, 1866 Lacinia Street","562-583-489","felis.ullamcorper.viverra@Aenean.com","P.O. Box 616, 4477 Ipsum. St.","A");
INSERT INTO `en_p2m_transportista` (`TraCod`,`TraNom`,`TraApePat`,`TraApeMat`,`TraRazSoc`,`TraNomCom`,`TraDomFis`,`TraTel`,`TraEmail`,`TraDir`,`EstRegCod`) VALUES ("5","Chiquita","Tyson","Willis","Integer Inc.","Nibh Donec Est Limited","Ap #662-3669 Arcu. Avenue","832-966-273","mi.Aliquam.gravida@sem.ca","Ap #403-7353 Aliquam Ave","A");
INSERT INTO `en_p2m_transportista` (`TraCod`,`TraNom`,`TraApePat`,`TraApeMat`,`TraRazSoc`,`TraNomCom`,`TraDomFis`,`TraTel`,`TraEmail`,`TraDir`,`EstRegCod`) VALUES ("6","Scarlet","Beach","Clarke","Consectetuer Rhoncus Nullam Corporation","Risus Institute","Ap #196-6463 Eros. Ave","441-666-322","in@ultricesDuisvolutpat.org","Ap #599-9643 Etiam Rd.","A");
INSERT INTO `en_p2m_transportista` (`TraCod`,`TraNom`,`TraApePat`,`TraApeMat`,`TraRazSoc`,`TraNomCom`,`TraDomFis`,`TraTel`,`TraEmail`,`TraDir`,`EstRegCod`) VALUES ("7","Zahir","Sharpe","Mccullough","Ut Ipsum LLP","Felis Nulla Tempor Company","P.O. Box 390, 580 Nullam Avenue","656-546-916","diam.Proin@Vivamusrhoncus.org","Ap #119-4188 Felis, Street","A");
INSERT INTO `en_p2m_transportista` (`TraCod`,`TraNom`,`TraApePat`,`TraApeMat`,`TraRazSoc`,`TraNomCom`,`TraDomFis`,`TraTel`,`TraEmail`,`TraDir`,`EstRegCod`) VALUES ("8","Ross","Chandler","Roberson","Lectus Cum Institute","In Company","P.O. Box 913, 9879 Est Ave","515-645-948","felis@risusQuisque.com","Ap #262-9621 Eu Rd.","A");
INSERT INTO `en_p2m_transportista` (`TraCod`,`TraNom`,`TraApePat`,`TraApeMat`,`TraRazSoc`,`TraNomCom`,`TraDomFis`,`TraTel`,`TraEmail`,`TraDir`,`EstRegCod`) VALUES ("9","Idola","Patrick","Austin","Cum Company","Ante Limited","Ap #409-5848 Leo, Av.","583-338-497","eu.turpis@massarutrum.net","P.O. Box 313, 9976 Facilisis Street","A");
INSERT INTO `en_p2m_transportista` (`TraCod`,`TraNom`,`TraApePat`,`TraApeMat`,`TraRazSoc`,`TraNomCom`,`TraDomFis`,`TraTel`,`TraEmail`,`TraDir`,`EstRegCod`) VALUES ("10","Vance","Schmidt","Levy","Aliquam Fringilla Cursus Inc.","Nec PC","Ap #805-7379 Montes, Rd.","909-591-236","eu.enim@anteVivamusnon.com","434-5690 Viverra. Ave","A");
INSERT INTO `en_p2m_transportista` (`TraCod`,`TraNom`,`TraApePat`,`TraApeMat`,`TraRazSoc`,`TraNomCom`,`TraDomFis`,`TraTel`,`TraEmail`,`TraDir`,`EstRegCod`) VALUES ("11","Neil","Glenn","Mcneil","Sed Est Nunc LLC","Dolor PC","P.O. Box 915, 2675 Urna. St.","143-767-575","magna.Sed.eu@lacuspede.com","P.O. Box 414, 5726 A, Rd.","A");
INSERT INTO `en_p2m_transportista` (`TraCod`,`TraNom`,`TraApePat`,`TraApeMat`,`TraRazSoc`,`TraNomCom`,`TraDomFis`,`TraTel`,`TraEmail`,`TraDir`,`EstRegCod`) VALUES ("12","Shannon","Daniel","Phillips","Fames Institute","Suspendisse Sed Corporation","P.O. Box 371, 9623 Amet, Ave","601-020-221","enim.gravida.sit@turpisAliquamadipiscing.net","4936 Elit Road","A");
INSERT INTO `en_p2m_transportista` (`TraCod`,`TraNom`,`TraApePat`,`TraApeMat`,`TraRazSoc`,`TraNomCom`,`TraDomFis`,`TraTel`,`TraEmail`,`TraDir`,`EstRegCod`) VALUES ("13","India","George","Herrera","Est Arcu Corporation","Sed Et Industries","P.O. Box 784, 7465 Fusce Avenue","063-701-150","in.hendrerit.consectetuer@blandit.com","2888 Auctor Av.","A");
INSERT INTO `en_p2m_transportista` (`TraCod`,`TraNom`,`TraApePat`,`TraApeMat`,`TraRazSoc`,`TraNomCom`,`TraDomFis`,`TraTel`,`TraEmail`,`TraDir`,`EstRegCod`) VALUES ("14","Indigo","Navarro","Monroe","Sed Consulting","Ornare Sagittis Consulting","8136 Semper Rd.","050-644-613","ipsum.non.arcu@porttitorinterdumSed.net","Ap #750-8257 Parturient Ave","A");
INSERT INTO `en_p2m_transportista` (`TraCod`,`TraNom`,`TraApePat`,`TraApeMat`,`TraRazSoc`,`TraNomCom`,`TraDomFis`,`TraTel`,`TraEmail`,`TraDir`,`EstRegCod`) VALUES ("15","Dane","Bryan","Sawyer","Ante LLC","Gravida Sit Amet Incorporated","Ap #711-9453 Ac Avenue","543-800-939","Nulla.aliquet.Proin@loremvitae.co.uk","Ap #660-4557 Mi Ave","A");
INSERT INTO `en_p2m_transportista` (`TraCod`,`TraNom`,`TraApePat`,`TraApeMat`,`TraRazSoc`,`TraNomCom`,`TraDomFis`,`TraTel`,`TraEmail`,`TraDir`,`EstRegCod`) VALUES ("16","Cameran","Mcintosh","Brady","Mi Lorem Vehicula LLP","Nisi A Inc.","489-7503 Ut Ave","889-156-409","nec@Vivamusnon.co.uk","P.O. Box 647, 3833 Sapien. Avenue","A");
INSERT INTO `en_p2m_transportista` (`TraCod`,`TraNom`,`TraApePat`,`TraApeMat`,`TraRazSoc`,`TraNomCom`,`TraDomFis`,`TraTel`,`TraEmail`,`TraDir`,`EstRegCod`) VALUES ("17","Jack","Castillo","Henson","Congue Elit Sed Consulting","Scelerisque Institute","6606 Convallis Rd.","744-746-625","tellus.imperdiet.non@variusultricesmauris.com","Ap #382-5370 Suspendisse Road","A");
INSERT INTO `en_p2m_transportista` (`TraCod`,`TraNom`,`TraApePat`,`TraApeMat`,`TraRazSoc`,`TraNomCom`,`TraDomFis`,`TraTel`,`TraEmail`,`TraDir`,`EstRegCod`) VALUES ("18","Jane","Terry","England","Quis Diam Industries","Habitant Morbi Tristique Consulting","Ap #343-5383 Donec Rd.","018-953-740","dui.augue.eu@Nullamvitaediam.ca","P.O. Box 838, 6339 Mi St.","A");
INSERT INTO `en_p2m_transportista` (`TraCod`,`TraNom`,`TraApePat`,`TraApeMat`,`TraRazSoc`,`TraNomCom`,`TraDomFis`,`TraTel`,`TraEmail`,`TraDir`,`EstRegCod`) VALUES ("19","Nolan","Owen","Clements","Cras LLC","Ultrices Iaculis Odio Corp.","749-8287 Proin Street","741-196-277","tempor.bibendum@Suspendisse.com","Ap #320-1011 Curabitur Rd.","A");
INSERT INTO `en_p2m_transportista` (`TraCod`,`TraNom`,`TraApePat`,`TraApeMat`,`TraRazSoc`,`TraNomCom`,`TraDomFis`,`TraTel`,`TraEmail`,`TraDir`,`EstRegCod`) VALUES ("20","Kyra","Grant","Houston","Dictum Inc.","Sed Foundation","P.O. Box 354, 9426 Donec Av.","258-277-350","mus.Proin@nunc.com","3187 Eu Ave","A");
INSERT INTO `en_p2m_transportista` (`TraCod`,`TraNom`,`TraApePat`,`TraApeMat`,`TraRazSoc`,`TraNomCom`,`TraDomFis`,`TraTel`,`TraEmail`,`TraDir`,`EstRegCod`) VALUES ("21","Ashton","Parrish","Rollins","Accumsan Corporation","Mus Aenean Eget Consulting","700-158 Eleifend Ave","323-912-093","sem.ut@orciconsectetuer.org","P.O. Box 140, 8085 Ultricies Rd.","A");
INSERT INTO `en_p2m_transportista` (`TraCod`,`TraNom`,`TraApePat`,`TraApeMat`,`TraRazSoc`,`TraNomCom`,`TraDomFis`,`TraTel`,`TraEmail`,`TraDir`,`EstRegCod`) VALUES ("22","Joel","Whitley","Dunn","Diam Nunc Ullamcorper Ltd","Massa Vestibulum Accumsan Company","4857 Consequat St.","217-796-757","elementum.lorem.ut@Integervitae.ca","Ap #347-997 Ridiculus Rd.","A");
INSERT INTO `en_p2m_transportista` (`TraCod`,`TraNom`,`TraApePat`,`TraApeMat`,`TraRazSoc`,`TraNomCom`,`TraDomFis`,`TraTel`,`TraEmail`,`TraDir`,`EstRegCod`) VALUES ("23","Reece","Benton","Mitchell","Fusce Mi LLC","Dictum Phasellus Incorporated","4739 Consectetuer Rd.","453-751-177","Donec.vitae@posuerevulputate.com","6247 Tristique Road","A");
INSERT INTO `en_p2m_transportista` (`TraCod`,`TraNom`,`TraApePat`,`TraApeMat`,`TraRazSoc`,`TraNomCom`,`TraDomFis`,`TraTel`,`TraEmail`,`TraDir`,`EstRegCod`) VALUES ("24","Jeanette","Phelps","Mullen","Porttitor Ltd","Neque LLP","P.O. Box 781, 3360 Nulla Rd.","362-986-253","Phasellus.at.augue@nibhsit.co.uk","902-842 Dui Rd.","A");
INSERT INTO `en_p2m_transportista` (`TraCod`,`TraNom`,`TraApePat`,`TraApeMat`,`TraRazSoc`,`TraNomCom`,`TraDomFis`,`TraTel`,`TraEmail`,`TraDir`,`EstRegCod`) VALUES ("25","Blaze","Garza","Jacobson","Hendrerit Company","Nibh Quisque Nonummy Foundation","701-7582 Consectetuer, Road","016-472-356","pretium.et.rutrum@rutrumnon.com","P.O. Box 952, 6102 Auctor. Avenue","A");
INSERT INTO `en_p2m_transportista` (`TraCod`,`TraNom`,`TraApePat`,`TraApeMat`,`TraRazSoc`,`TraNomCom`,`TraDomFis`,`TraTel`,`TraEmail`,`TraDir`,`EstRegCod`) VALUES ("26","Bruno","Perez","Jordan","Et Incorporated","Malesuada Fringilla Est LLP","452-5486 Vehicula St.","239-008-912","Nam@Integereulacus.edu","P.O. Box 831, 5696 Amet Ave","A");
INSERT INTO `en_p2m_transportista` (`TraCod`,`TraNom`,`TraApePat`,`TraApeMat`,`TraRazSoc`,`TraNomCom`,`TraDomFis`,`TraTel`,`TraEmail`,`TraDir`,`EstRegCod`) VALUES ("27","Kirk","Bennett","Peters","Lacus Ltd","Interdum LLP","P.O. Box 807, 550 In Av.","271-376-455","Quisque.tincidunt.pede@Aliquamerat.edu","502-480 Commodo St.","A");
INSERT INTO `en_p2m_transportista` (`TraCod`,`TraNom`,`TraApePat`,`TraApeMat`,`TraRazSoc`,`TraNomCom`,`TraDomFis`,`TraTel`,`TraEmail`,`TraDir`,`EstRegCod`) VALUES ("28","Alice","Wheeler","Mcfarland","Risus Duis A Industries","Suscipit Est Associates","762-4418 Commodo Av.","480-365-926","sit@acsem.ca","963-9210 Lorem St.","A");
INSERT INTO `en_p2m_transportista` (`TraCod`,`TraNom`,`TraApePat`,`TraApeMat`,`TraRazSoc`,`TraNomCom`,`TraDomFis`,`TraTel`,`TraEmail`,`TraDir`,`EstRegCod`) VALUES ("29","Hu","Morton","Jackson","Nunc Quis Arcu Inc.","Feugiat Placerat Velit LLC","5638 Quis Rd.","104-044-798","mattis@euismodenim.ca","371-2428 Eu St.","A");
INSERT INTO `en_p2m_transportista` (`TraCod`,`TraNom`,`TraApePat`,`TraApeMat`,`TraRazSoc`,`TraNomCom`,`TraDomFis`,`TraTel`,`TraEmail`,`TraDir`,`EstRegCod`) VALUES ("30","Jordan","Holt","Clayton","Risus Donec Egestas Institute","Nulla Eget Incorporated","P.O. Box 404, 5678 Massa. Av.","903-710-902","Donec.fringilla.Donec@id.net","Ap #178-8229 Mauris Ave","A");
INSERT INTO `en_p2m_transportista` (`TraCod`,`TraNom`,`TraApePat`,`TraApeMat`,`TraRazSoc`,`TraNomCom`,`TraDomFis`,`TraTel`,`TraEmail`,`TraDir`,`EstRegCod`) VALUES ("31","Fiona","Morrow","Cardenas","Eu Metus Ltd","Nunc Ac Mattis Associates","Ap #879-2482 Amet St.","635-704-677","aliquet@dapibusgravida.com","Ap #840-4320 Erat Road","A");
INSERT INTO `en_p2m_transportista` (`TraCod`,`TraNom`,`TraApePat`,`TraApeMat`,`TraRazSoc`,`TraNomCom`,`TraDomFis`,`TraTel`,`TraEmail`,`TraDir`,`EstRegCod`) VALUES ("32","Laith","Stevenson","Shelton","Integer Aliquam Consulting","Augue Scelerisque Ltd","Ap #276-3944 Magna. Road","153-801-726","Donec.luctus@etultricesposuere.edu","Ap #901-8329 Enim. Av.","A");
INSERT INTO `en_p2m_transportista` (`TraCod`,`TraNom`,`TraApePat`,`TraApeMat`,`TraRazSoc`,`TraNomCom`,`TraDomFis`,`TraTel`,`TraEmail`,`TraDir`,`EstRegCod`) VALUES ("33","Philip","Ochoa","Warren","Aliquam Eu Accumsan Incorporated","Congue A Industries","4998 Etiam Rd.","020-017-414","sociis.natoque.penatibus@Inat.co.uk","P.O. Box 382, 5863 Mauris Avenue","A");
INSERT INTO `en_p2m_transportista` (`TraCod`,`TraNom`,`TraApePat`,`TraApeMat`,`TraRazSoc`,`TraNomCom`,`TraDomFis`,`TraTel`,`TraEmail`,`TraDir`,`EstRegCod`) VALUES ("34","Iris","Gallegos","Hodges","Diam At Company","Ac Mattis Incorporated","8812 Sollicitudin Road","056-136-950","neque.sed.dictum@orciluctus.com","Ap #168-566 Facilisis Rd.","A");
INSERT INTO `en_p2m_transportista` (`TraCod`,`TraNom`,`TraApePat`,`TraApeMat`,`TraRazSoc`,`TraNomCom`,`TraDomFis`,`TraTel`,`TraEmail`,`TraDir`,`EstRegCod`) VALUES ("35","Deirdre","Russo","Roth","Quis Incorporated","Fringilla Euismod Enim Corporation","P.O. Box 960, 9542 Mattis Road","807-088-682","Fusce.feugiat@gravidanon.edu","P.O. Box 366, 3965 In Ave","A");
INSERT INTO `en_p2m_transportista` (`TraCod`,`TraNom`,`TraApePat`,`TraApeMat`,`TraRazSoc`,`TraNomCom`,`TraDomFis`,`TraTel`,`TraEmail`,`TraDir`,`EstRegCod`) VALUES ("36","Clinton","Rice","Carr","Libero Est Congue Consulting","In Foundation","Ap #390-7004 Mattis Ave","661-623-791","ligula.consectetuer@netusetmalesuada.edu","253-8497 Quam St.","A");
INSERT INTO `en_p2m_transportista` (`TraCod`,`TraNom`,`TraApePat`,`TraApeMat`,`TraRazSoc`,`TraNomCom`,`TraDomFis`,`TraTel`,`TraEmail`,`TraDir`,`EstRegCod`) VALUES ("37","Eden","Houston","Rice","Lacus Limited","Interdum PC","6482 Adipiscing Ave","586-384-269","Nunc.sollicitudin.commodo@inmagnaPhasellus.co.uk","431-579 Arcu. St.","A");
INSERT INTO `en_p2m_transportista` (`TraCod`,`TraNom`,`TraApePat`,`TraApeMat`,`TraRazSoc`,`TraNomCom`,`TraDomFis`,`TraTel`,`TraEmail`,`TraDir`,`EstRegCod`) VALUES ("38","Mallory","Herman","Campbell","Metus In Nec Associates","Faucibus PC","Ap #237-185 Vestibulum St.","369-036-648","lorem@purusaccumsaninterdum.ca","P.O. Box 921, 1127 Suspendisse Avenue","A");
INSERT INTO `en_p2m_transportista` (`TraCod`,`TraNom`,`TraApePat`,`TraApeMat`,`TraRazSoc`,`TraNomCom`,`TraDomFis`,`TraTel`,`TraEmail`,`TraDir`,`EstRegCod`) VALUES ("39","Maris","Santana","Long","Tincidunt Nibh Phasellus Limited","Mattis Integer Eu LLP","P.O. Box 803, 2629 Sit Avenue","008-554-739","Vivamus.rhoncus@dignissimlacusAliquam.ca","781-2571 Mauris Road","A");
INSERT INTO `en_p2m_transportista` (`TraCod`,`TraNom`,`TraApePat`,`TraApeMat`,`TraRazSoc`,`TraNomCom`,`TraDomFis`,`TraTel`,`TraEmail`,`TraDir`,`EstRegCod`) VALUES ("40","Yardley","Klein","Kramer","Maecenas Iaculis Aliquet Foundation","Imperdiet Ullamcorper Industries","601-3804 Risus Rd.","757-201-095","sed@Inlorem.net","9139 Gravida Road","A");
INSERT INTO `en_p2m_transportista` (`TraCod`,`TraNom`,`TraApePat`,`TraApeMat`,`TraRazSoc`,`TraNomCom`,`TraDomFis`,`TraTel`,`TraEmail`,`TraDir`,`EstRegCod`) VALUES ("41","Callum","Cooper","Shepard","Orci Luctus Company","Dictum Foundation","Ap #264-3916 Auctor Street","669-097-321","odio.a.purus@Vestibulum.edu","3776 Consectetuer Av.","A");
INSERT INTO `en_p2m_transportista` (`TraCod`,`TraNom`,`TraApePat`,`TraApeMat`,`TraRazSoc`,`TraNomCom`,`TraDomFis`,`TraTel`,`TraEmail`,`TraDir`,`EstRegCod`) VALUES ("42","Keegan","Combs","Adams","Aliquam Iaculis LLC","Risus LLP","Ap #259-7907 Nulla Avenue","208-650-454","vitae.erat.vel@nonenimMauris.com","804-1043 Curae; Street","A");
INSERT INTO `en_p2m_transportista` (`TraCod`,`TraNom`,`TraApePat`,`TraApeMat`,`TraRazSoc`,`TraNomCom`,`TraDomFis`,`TraTel`,`TraEmail`,`TraDir`,`EstRegCod`) VALUES ("43","Farrah","Phillips","Clayton","Feugiat Tellus LLC","Semper Et LLC","P.O. Box 676, 6204 Cras Road","927-065-133","urna.nec@justoProinnon.com","P.O. Box 356, 4779 Integer St.","A");
INSERT INTO `en_p2m_transportista` (`TraCod`,`TraNom`,`TraApePat`,`TraApeMat`,`TraRazSoc`,`TraNomCom`,`TraDomFis`,`TraTel`,`TraEmail`,`TraDir`,`EstRegCod`) VALUES ("44","Baxter","Gutierrez","Rodriguez","Urna Nec Luctus Foundation","Ornare Elit Elit Consulting","Ap #570-9159 Donec Av.","215-159-693","libero.Proin.mi@sempercursusInteger.com","1773 Velit Street","A");
INSERT INTO `en_p2m_transportista` (`TraCod`,`TraNom`,`TraApePat`,`TraApeMat`,`TraRazSoc`,`TraNomCom`,`TraDomFis`,`TraTel`,`TraEmail`,`TraDir`,`EstRegCod`) VALUES ("45","Nathaniel","Hodge","Payne","Luctus Ipsum Leo Foundation","Enim Suspendisse Aliquet Limited","P.O. Box 354, 2217 Enim. St.","137-899-545","mi.pede.nonummy@aliquet.edu","211-7002 Nisl Rd.","A");
INSERT INTO `en_p2m_transportista` (`TraCod`,`TraNom`,`TraApePat`,`TraApeMat`,`TraRazSoc`,`TraNomCom`,`TraDomFis`,`TraTel`,`TraEmail`,`TraDir`,`EstRegCod`) VALUES ("46","Farrah","Estes","Bates","Dis Parturient Montes Foundation","Dapibus Ligula Aliquam Inc.","2231 Aliquet Avenue","927-489-265","In@Etiamligulatortor.co.uk","534-7505 Turpis Street","A");
INSERT INTO `en_p2m_transportista` (`TraCod`,`TraNom`,`TraApePat`,`TraApeMat`,`TraRazSoc`,`TraNomCom`,`TraDomFis`,`TraTel`,`TraEmail`,`TraDir`,`EstRegCod`) VALUES ("47","Chaim","Ford","Melendez","Nunc PC","Phasellus Vitae Limited","Ap #827-749 Adipiscing Street","544-320-683","Donec.est@musProinvel.com","Ap #747-1060 Sem St.","A");
INSERT INTO `en_p2m_transportista` (`TraCod`,`TraNom`,`TraApePat`,`TraApeMat`,`TraRazSoc`,`TraNomCom`,`TraDomFis`,`TraTel`,`TraEmail`,`TraDir`,`EstRegCod`) VALUES ("48","Gray","Sawyer","Garrett","Sit Corp.","Vel Quam PC","Ap #770-8302 Ac Avenue","189-630-604","ac@nisinibh.edu","777-2531 Mi St.","A");
INSERT INTO `en_p2m_transportista` (`TraCod`,`TraNom`,`TraApePat`,`TraApeMat`,`TraRazSoc`,`TraNomCom`,`TraDomFis`,`TraTel`,`TraEmail`,`TraDir`,`EstRegCod`) VALUES ("49","Ebony","Norman","Dixon","Etiam Limited","Duis Dignissim Tempor Inc.","483-6571 Consectetuer Rd.","451-465-101","pede@Donecatarcu.edu","435-3968 Tempus, Rd.","A");
INSERT INTO `en_p2m_transportista` (`TraCod`,`TraNom`,`TraApePat`,`TraApeMat`,`TraRazSoc`,`TraNomCom`,`TraDomFis`,`TraTel`,`TraEmail`,`TraDir`,`EstRegCod`) VALUES ("50","Uriel","Puckett","Duncan","Ac Arcu Incorporated","Condimentum Industries","687-4745 Tempor Rd.","304-398-592","condimentum.eget@accumsanneque.edu","7776 Et Av.","A");
INSERT INTO `en_p2m_transportista` (`TraCod`,`TraNom`,`TraApePat`,`TraApeMat`,`TraRazSoc`,`TraNomCom`,`TraDomFis`,`TraTel`,`TraEmail`,`TraDir`,`EstRegCod`) VALUES ("51","Willa","Guzman","Boyd","Magnis Ltd","Nam Industries","P.O. Box 973, 269 Adipiscing, Street","622-272-451","turpis.nec@Inlorem.co.uk","Ap #382-5440 Etiam Avenue","A");
INSERT INTO `en_p2m_transportista` (`TraCod`,`TraNom`,`TraApePat`,`TraApeMat`,`TraRazSoc`,`TraNomCom`,`TraDomFis`,`TraTel`,`TraEmail`,`TraDir`,`EstRegCod`) VALUES ("52","Lisandra","Key","Mccullough","In Sodales Elit Inc.","Facilisis Lorem Corporation","814-4153 Fermentum Avenue","273-763-820","ac.orci.Ut@ac.com","Ap #453-5884 Pede. Road","A");
INSERT INTO `en_p2m_transportista` (`TraCod`,`TraNom`,`TraApePat`,`TraApeMat`,`TraRazSoc`,`TraNomCom`,`TraDomFis`,`TraTel`,`TraEmail`,`TraDir`,`EstRegCod`) VALUES ("53","Avye","Douglas","Garrett","Magnis Industries","Tristique Ac Eleifend Associates","7091 Aliquam Road","323-522-777","ipsum.porta.elit@ante.org","886-6825 Nam Ave","A");
INSERT INTO `en_p2m_transportista` (`TraCod`,`TraNom`,`TraApePat`,`TraApeMat`,`TraRazSoc`,`TraNomCom`,`TraDomFis`,`TraTel`,`TraEmail`,`TraDir`,`EstRegCod`) VALUES ("54","Caryn","Irwin","Hess","Aliquam Erat Volutpat Corp.","Ante Maecenas Mi Company","Ap #196-2681 Purus St.","836-003-157","pharetra.nibh@Vivamus.co.uk","Ap #951-5251 Aliquet Street","A");
INSERT INTO `en_p2m_transportista` (`TraCod`,`TraNom`,`TraApePat`,`TraApeMat`,`TraRazSoc`,`TraNomCom`,`TraDomFis`,`TraTel`,`TraEmail`,`TraDir`,`EstRegCod`) VALUES ("55","Brock","Dean","Sanchez","Amet Company","Magnis Dis Corporation","P.O. Box 290, 451 Sit Avenue","495-945-746","Morbi.quis.urna@est.ca","Ap #130-257 Sed Avenue","A");
INSERT INTO `en_p2m_transportista` (`TraCod`,`TraNom`,`TraApePat`,`TraApeMat`,`TraRazSoc`,`TraNomCom`,`TraDomFis`,`TraTel`,`TraEmail`,`TraDir`,`EstRegCod`) VALUES ("56","Amena","Chen","Patton","Sed LLP","Donec Est Nunc Foundation","P.O. Box 132, 2491 Et Av.","856-797-430","enim.mi.tempor@metusvitae.ca","270-9694 In Rd.","A");
INSERT INTO `en_p2m_transportista` (`TraCod`,`TraNom`,`TraApePat`,`TraApeMat`,`TraRazSoc`,`TraNomCom`,`TraDomFis`,`TraTel`,`TraEmail`,`TraDir`,`EstRegCod`) VALUES ("57","Armando","Cash","Burch","At Consulting","Interdum Ligula Eu Limited","P.O. Box 682, 1791 Magnis Ave","038-985-835","nascetur.ridiculus.mus@Cumsociisnatoque.co.uk","7717 Eget Road","A");
INSERT INTO `en_p2m_transportista` (`TraCod`,`TraNom`,`TraApePat`,`TraApeMat`,`TraRazSoc`,`TraNomCom`,`TraDomFis`,`TraTel`,`TraEmail`,`TraDir`,`EstRegCod`) VALUES ("58","Hedley","Garrison","Shelton","Eget Odio Aliquam Company","Praesent Eu Nulla LLC","263-7339 Accumsan Street","993-268-410","mi.fringilla.mi@massaSuspendisseeleifend.com","Ap #122-5855 Non, St.","A");
INSERT INTO `en_p2m_transportista` (`TraCod`,`TraNom`,`TraApePat`,`TraApeMat`,`TraRazSoc`,`TraNomCom`,`TraDomFis`,`TraTel`,`TraEmail`,`TraDir`,`EstRegCod`) VALUES ("59","Aurelia","Frye","Cotton","Fusce Mollis Company","Urna Nullam Lobortis Consulting","5414 Fringilla Road","991-773-280","tellus.non@ipsum.org","P.O. Box 807, 6806 Id, Ave","A");
INSERT INTO `en_p2m_transportista` (`TraCod`,`TraNom`,`TraApePat`,`TraApeMat`,`TraRazSoc`,`TraNomCom`,`TraDomFis`,`TraTel`,`TraEmail`,`TraDir`,`EstRegCod`) VALUES ("60","Merritt","Dickerson","Massey","Magna PC","Mi Lacinia LLP","Ap #516-508 Suspendisse Rd.","161-754-899","vitae.erat.Vivamus@Donec.co.uk","Ap #916-2264 Mauris Road","A");
INSERT INTO `en_p2m_transportista` (`TraCod`,`TraNom`,`TraApePat`,`TraApeMat`,`TraRazSoc`,`TraNomCom`,`TraDomFis`,`TraTel`,`TraEmail`,`TraDir`,`EstRegCod`) VALUES ("61","Michael","Sherman","Norris","Feugiat Non Lobortis Inc.","Primis In Ltd","422-3718 Nulla Rd.","056-220-748","elit.a.feugiat@luctusipsum.ca","8684 Nunc St.","A");
INSERT INTO `en_p2m_transportista` (`TraCod`,`TraNom`,`TraApePat`,`TraApeMat`,`TraRazSoc`,`TraNomCom`,`TraDomFis`,`TraTel`,`TraEmail`,`TraDir`,`EstRegCod`) VALUES ("62","Ayanna","Simon","Phillips","Mattis LLC","Varius Et Foundation","4271 Urna. Ave","409-483-836","id@sitametlorem.edu","P.O. Box 898, 4250 Lectus. Rd.","A");
INSERT INTO `en_p2m_transportista` (`TraCod`,`TraNom`,`TraApePat`,`TraApeMat`,`TraRazSoc`,`TraNomCom`,`TraDomFis`,`TraTel`,`TraEmail`,`TraDir`,`EstRegCod`) VALUES ("63","Quinlan","Schneider","Sloan","Velit Foundation","Tempor Inc.","2577 Turpis. Avenue","431-086-369","elementum@nasceturridiculusmus.co.uk","2935 Magna Av.","A");
INSERT INTO `en_p2m_transportista` (`TraCod`,`TraNom`,`TraApePat`,`TraApeMat`,`TraRazSoc`,`TraNomCom`,`TraDomFis`,`TraTel`,`TraEmail`,`TraDir`,`EstRegCod`) VALUES ("64","Ivy","Burton","Riddle","Proin Velit Sed Industries","Elit Industries","443-3436 Aenean Ave","543-793-885","accumsan@risus.ca","Ap #912-3042 Et Rd.","A");
INSERT INTO `en_p2m_transportista` (`TraCod`,`TraNom`,`TraApePat`,`TraApeMat`,`TraRazSoc`,`TraNomCom`,`TraDomFis`,`TraTel`,`TraEmail`,`TraDir`,`EstRegCod`) VALUES ("65","Martin","Ware","Henderson","Est Tempor Foundation","Ante Nunc Mauris LLC","P.O. Box 682, 5520 Magnis Rd.","984-018-001","quis@estmauris.co.uk","2136 Ut St.","A");
INSERT INTO `en_p2m_transportista` (`TraCod`,`TraNom`,`TraApePat`,`TraApeMat`,`TraRazSoc`,`TraNomCom`,`TraDomFis`,`TraTel`,`TraEmail`,`TraDir`,`EstRegCod`) VALUES ("66","Sonya","Alford","Stevens","Pede Ultrices A Institute","Quisque Porttitor LLC","P.O. Box 168, 2299 Sodales Rd.","758-086-214","ridiculus.mus@lectusrutrum.net","615-3113 Phasellus Av.","A");
INSERT INTO `en_p2m_transportista` (`TraCod`,`TraNom`,`TraApePat`,`TraApeMat`,`TraRazSoc`,`TraNomCom`,`TraDomFis`,`TraTel`,`TraEmail`,`TraDir`,`EstRegCod`) VALUES ("67","Raphael","Riggs","Weeks","Nonummy Fusce LLP","Nibh Sit Foundation","Ap #677-2892 Integer St.","833-889-936","consequat.lectus.sit@augueacipsum.edu","P.O. Box 240, 3794 Et, Ave","A");
INSERT INTO `en_p2m_transportista` (`TraCod`,`TraNom`,`TraApePat`,`TraApeMat`,`TraRazSoc`,`TraNomCom`,`TraDomFis`,`TraTel`,`TraEmail`,`TraDir`,`EstRegCod`) VALUES ("68","Nigel","Weeks","Knox","Iaculis Lacus Ltd","Mi Enim Incorporated","1001 Nec Avenue","824-556-764","Nunc@dui.edu","Ap #821-4416 Sit Av.","A");
INSERT INTO `en_p2m_transportista` (`TraCod`,`TraNom`,`TraApePat`,`TraApeMat`,`TraRazSoc`,`TraNomCom`,`TraDomFis`,`TraTel`,`TraEmail`,`TraDir`,`EstRegCod`) VALUES ("69","Ursa","Joyce","Preston","Faucibus Lectus Corporation","Euismod Incorporated","Ap #758-290 Mattis St.","962-132-804","Lorem@Sed.ca","P.O. Box 882, 9821 A, Street","A");
INSERT INTO `en_p2m_transportista` (`TraCod`,`TraNom`,`TraApePat`,`TraApeMat`,`TraRazSoc`,`TraNomCom`,`TraDomFis`,`TraTel`,`TraEmail`,`TraDir`,`EstRegCod`) VALUES ("70","Galvin","Mcguire","Dalton","Elit Etiam Consulting","Nisi Corp.","Ap #516-4514 Libero. Av.","274-984-467","dictum@purusmauris.edu","9919 In St.","A");
INSERT INTO `en_p2m_transportista` (`TraCod`,`TraNom`,`TraApePat`,`TraApeMat`,`TraRazSoc`,`TraNomCom`,`TraDomFis`,`TraTel`,`TraEmail`,`TraDir`,`EstRegCod`) VALUES ("71","Jessamine","Mcknight","Battle","Vulputate Nisi Foundation","Amet Ante Vivamus Corporation","P.O. Box 463, 1885 Magna. Avenue","975-012-255","non.feugiat@dolorFuscemi.co.uk","Ap #346-6834 Ac, Road","A");
INSERT INTO `en_p2m_transportista` (`TraCod`,`TraNom`,`TraApePat`,`TraApeMat`,`TraRazSoc`,`TraNomCom`,`TraDomFis`,`TraTel`,`TraEmail`,`TraDir`,`EstRegCod`) VALUES ("72","Jeremy","Hopper","Mitchell","Commodo Company","Enim Mauris Foundation","9581 Gravida St.","223-352-188","diam.Proin.dolor@quis.co.uk","125-591 Eget Av.","A");
INSERT INTO `en_p2m_transportista` (`TraCod`,`TraNom`,`TraApePat`,`TraApeMat`,`TraRazSoc`,`TraNomCom`,`TraDomFis`,`TraTel`,`TraEmail`,`TraDir`,`EstRegCod`) VALUES ("73","Joelle","Bush","Frost","Nulla Cras Eu Corporation","Natoque Penatibus PC","Ap #725-1512 Non Rd.","563-427-533","semper.tellus.id@pharetra.net","2861 Amet Street","A");
INSERT INTO `en_p2m_transportista` (`TraCod`,`TraNom`,`TraApePat`,`TraApeMat`,`TraRazSoc`,`TraNomCom`,`TraDomFis`,`TraTel`,`TraEmail`,`TraDir`,`EstRegCod`) VALUES ("74","Skyler","Robbins","Meyer","Vivamus Rhoncus Associates","Dolor Nonummy Foundation","551 Non Av.","059-977-110","ligula@purusinmolestie.co.uk","2530 Vulputate, Rd.","A");
INSERT INTO `en_p2m_transportista` (`TraCod`,`TraNom`,`TraApePat`,`TraApeMat`,`TraRazSoc`,`TraNomCom`,`TraDomFis`,`TraTel`,`TraEmail`,`TraDir`,`EstRegCod`) VALUES ("75","Amaya","Morrow","Mayo","Tempus Lorem Fringilla Incorporated","Maecenas Ornare Corp.","Ap #999-1463 Adipiscing St.","750-778-310","massa.Quisque.porttitor@etipsumcursus.org","Ap #407-4691 Velit Rd.","A");
INSERT INTO `en_p2m_transportista` (`TraCod`,`TraNom`,`TraApePat`,`TraApeMat`,`TraRazSoc`,`TraNomCom`,`TraDomFis`,`TraTel`,`TraEmail`,`TraDir`,`EstRegCod`) VALUES ("76","Connor","Donovan","Goodwin","Vitae Aliquet Nec Foundation","Vestibulum Accumsan Neque Inc.","Ap #114-2417 Iaculis Road","523-065-035","sit.amet@quamafelis.org","P.O. Box 629, 336 Porttitor Rd.","A");
INSERT INTO `en_p2m_transportista` (`TraCod`,`TraNom`,`TraApePat`,`TraApeMat`,`TraRazSoc`,`TraNomCom`,`TraDomFis`,`TraTel`,`TraEmail`,`TraDir`,`EstRegCod`) VALUES ("77","Frances","Dickson","Bentley","Ipsum Sodales Consulting","Sit Amet Diam Foundation","P.O. Box 822, 9544 A, Ave","912-326-054","urna.Nunc@scelerisquescelerisquedui.co.uk","P.O. Box 471, 2005 Dis Avenue","A");
INSERT INTO `en_p2m_transportista` (`TraCod`,`TraNom`,`TraApePat`,`TraApeMat`,`TraRazSoc`,`TraNomCom`,`TraDomFis`,`TraTel`,`TraEmail`,`TraDir`,`EstRegCod`) VALUES ("78","Fatima","Leach","Burks","Ornare Lectus Ante Industries","Fermentum Corp.","P.O. Box 500, 4736 Id St.","207-502-274","aliquam@Craspellentesque.net","223-7712 Nulla Road","A");
INSERT INTO `en_p2m_transportista` (`TraCod`,`TraNom`,`TraApePat`,`TraApeMat`,`TraRazSoc`,`TraNomCom`,`TraDomFis`,`TraTel`,`TraEmail`,`TraDir`,`EstRegCod`) VALUES ("79","Keith","Crosby","Madden","Rutrum Justo Institute","Cubilia Curae; Ltd","P.O. Box 400, 2639 Augue Road","631-931-154","nec@eunulla.co.uk","4540 Mauris Street","A");
INSERT INTO `en_p2m_transportista` (`TraCod`,`TraNom`,`TraApePat`,`TraApeMat`,`TraRazSoc`,`TraNomCom`,`TraDomFis`,`TraTel`,`TraEmail`,`TraDir`,`EstRegCod`) VALUES ("80","Virginia","Meyers","Burks","Turpis Vitae Ltd","Tellus Nunc Incorporated","6292 Quis Road","159-574-780","natoque.penatibus.et@rutrum.com","9574 Eleifend. Avenue","A");
INSERT INTO `en_p2m_transportista` (`TraCod`,`TraNom`,`TraApePat`,`TraApeMat`,`TraRazSoc`,`TraNomCom`,`TraDomFis`,`TraTel`,`TraEmail`,`TraDir`,`EstRegCod`) VALUES ("81","Malachi","Hopkins","Grant","Quis LLP","Nunc Inc.","818-7126 Dui Rd.","064-698-171","Sed.id.risus@arcu.net","P.O. Box 167, 6797 Malesuada Rd.","A");
INSERT INTO `en_p2m_transportista` (`TraCod`,`TraNom`,`TraApePat`,`TraApeMat`,`TraRazSoc`,`TraNomCom`,`TraDomFis`,`TraTel`,`TraEmail`,`TraDir`,`EstRegCod`) VALUES ("82","Price","Beard","English","Bibendum Sed Est LLC","Diam Pellentesque LLC","Ap #417-2658 Sem Rd.","268-442-375","lacinia@Nullamvitae.net","235-7137 Cubilia St.","A");
INSERT INTO `en_p2m_transportista` (`TraCod`,`TraNom`,`TraApePat`,`TraApeMat`,`TraRazSoc`,`TraNomCom`,`TraDomFis`,`TraTel`,`TraEmail`,`TraDir`,`EstRegCod`) VALUES ("83","Tana","Gilliam","Johnston","Primis In Faucibus Company","Consequat Limited","P.O. Box 869, 1423 Metus. Street","443-160-831","fringilla.euismod.enim@litora.ca","Ap #828-4713 Quis Av.","A");
INSERT INTO `en_p2m_transportista` (`TraCod`,`TraNom`,`TraApePat`,`TraApeMat`,`TraRazSoc`,`TraNomCom`,`TraDomFis`,`TraTel`,`TraEmail`,`TraDir`,`EstRegCod`) VALUES ("84","Genevieve","Morrison","Robertson","Ornare LLP","Ac PC","9763 Semper. Rd.","350-321-381","et@facilisis.edu","P.O. Box 131, 6582 Non Ave","A");
INSERT INTO `en_p2m_transportista` (`TraCod`,`TraNom`,`TraApePat`,`TraApeMat`,`TraRazSoc`,`TraNomCom`,`TraDomFis`,`TraTel`,`TraEmail`,`TraDir`,`EstRegCod`) VALUES ("85","Adele","Ballard","Carey","Nascetur Company","Cubilia Incorporated","762-4925 In Ave","399-823-545","tellus@ut.edu","920 Eu Rd.","A");
INSERT INTO `en_p2m_transportista` (`TraCod`,`TraNom`,`TraApePat`,`TraApeMat`,`TraRazSoc`,`TraNomCom`,`TraDomFis`,`TraTel`,`TraEmail`,`TraDir`,`EstRegCod`) VALUES ("86","Illiana","Morris","Acevedo","A Enim Suspendisse LLC","Suspendisse Commodo Tincidunt Inc.","8062 Lectus Street","852-104-940","fermentum.convallis@arcu.co.uk","Ap #573-4158 Vivamus Av.","A");
INSERT INTO `en_p2m_transportista` (`TraCod`,`TraNom`,`TraApePat`,`TraApeMat`,`TraRazSoc`,`TraNomCom`,`TraDomFis`,`TraTel`,`TraEmail`,`TraDir`,`EstRegCod`) VALUES ("87","Jane","Cooley","Curtis","Dapibus Ligula Ltd","Sollicitudin Adipiscing Ligula Corporation","Ap #315-1509 Arcu Av.","919-267-874","eu@duinecurna.org","6523 Cursus. Road","A");
INSERT INTO `en_p2m_transportista` (`TraCod`,`TraNom`,`TraApePat`,`TraApeMat`,`TraRazSoc`,`TraNomCom`,`TraDomFis`,`TraTel`,`TraEmail`,`TraDir`,`EstRegCod`) VALUES ("88","Audra","Lang","Mack","Netus Consulting","Tellus Limited","874-6098 Justo Ave","608-093-349","ultricies.ornare.elit@lacusMaurisnon.org","2955 Vitae, Road","A");
INSERT INTO `en_p2m_transportista` (`TraCod`,`TraNom`,`TraApePat`,`TraApeMat`,`TraRazSoc`,`TraNomCom`,`TraDomFis`,`TraTel`,`TraEmail`,`TraDir`,`EstRegCod`) VALUES ("89","Ainsley","Holder","Mcintosh","Duis Incorporated","Tempor Diam Dictum LLC","Ap #170-3401 Egestas. Ave","792-524-416","erat@Suspendissesagittis.com","5197 Vehicula Rd.","A");
INSERT INTO `en_p2m_transportista` (`TraCod`,`TraNom`,`TraApePat`,`TraApeMat`,`TraRazSoc`,`TraNomCom`,`TraDomFis`,`TraTel`,`TraEmail`,`TraDir`,`EstRegCod`) VALUES ("90","Amanda","Silva","Gray","Cras Dolor Corp.","Sollicitudin Commodo Ltd","1861 Ac Rd.","328-626-704","vitae.odio.sagittis@necmauris.net","5787 Nascetur Rd.","A");
INSERT INTO `en_p2m_transportista` (`TraCod`,`TraNom`,`TraApePat`,`TraApeMat`,`TraRazSoc`,`TraNomCom`,`TraDomFis`,`TraTel`,`TraEmail`,`TraDir`,`EstRegCod`) VALUES ("91","Colette","Finch","Acosta","Elit A Incorporated","Morbi Quis Urna Inc.","Ap #624-5342 Pede. Street","491-554-199","est@euismod.net","9525 Consequat Street","A");
INSERT INTO `en_p2m_transportista` (`TraCod`,`TraNom`,`TraApePat`,`TraApeMat`,`TraRazSoc`,`TraNomCom`,`TraDomFis`,`TraTel`,`TraEmail`,`TraDir`,`EstRegCod`) VALUES ("92","Berk","Burgess","Wong","Consectetuer Ipsum Nunc LLP","A Industries","P.O. Box 498, 3150 Aenean St.","744-250-027","Aliquam@quamdignissimpharetra.edu","804-2204 Dui St.","A");
INSERT INTO `en_p2m_transportista` (`TraCod`,`TraNom`,`TraApePat`,`TraApeMat`,`TraRazSoc`,`TraNomCom`,`TraDomFis`,`TraTel`,`TraEmail`,`TraDir`,`EstRegCod`) VALUES ("93","Aiko","Larsen","Nixon","Condimentum PC","A Tortor Limited","340-1328 Phasellus Road","762-648-577","risus.Donec@vulputatemauris.com","P.O. Box 736, 2318 Tempus Avenue","A");
INSERT INTO `en_p2m_transportista` (`TraCod`,`TraNom`,`TraApePat`,`TraApeMat`,`TraRazSoc`,`TraNomCom`,`TraDomFis`,`TraTel`,`TraEmail`,`TraDir`,`EstRegCod`) VALUES ("94","Macon","Watson","Cohen","Ante Iaculis Nec Corporation","Nunc Sed Incorporated","P.O. Box 455, 5764 Ut Avenue","889-980-725","Proin@nonhendreritid.edu","P.O. Box 799, 1441 Sem Street","A");
INSERT INTO `en_p2m_transportista` (`TraCod`,`TraNom`,`TraApePat`,`TraApeMat`,`TraRazSoc`,`TraNomCom`,`TraDomFis`,`TraTel`,`TraEmail`,`TraDir`,`EstRegCod`) VALUES ("95","Althea","Dawson","Ruiz","Vulputate Dui Nec LLP","Felis Donec Tempor Industries","852-3782 Egestas. Avenue","633-206-704","Duis.risus.odio@ategestasa.net","Ap #141-8499 Arcu. Rd.","A");
INSERT INTO `en_p2m_transportista` (`TraCod`,`TraNom`,`TraApePat`,`TraApeMat`,`TraRazSoc`,`TraNomCom`,`TraDomFis`,`TraTel`,`TraEmail`,`TraDir`,`EstRegCod`) VALUES ("96","Sydney","Castro","Johnson","Egestas Institute","Diam LLP","P.O. Box 561, 8475 Enim. Ave","819-780-633","Vestibulum@Uttincidunt.ca","676 Erat, St.","A");
INSERT INTO `en_p2m_transportista` (`TraCod`,`TraNom`,`TraApePat`,`TraApeMat`,`TraRazSoc`,`TraNomCom`,`TraDomFis`,`TraTel`,`TraEmail`,`TraDir`,`EstRegCod`) VALUES ("97","Joshua","Obrien","Guerra","Et Institute","Feugiat Lorem Industries","776-3838 Dui Street","522-031-650","Phasellus@nec.org","P.O. Box 804, 6399 Accumsan St.","A");
INSERT INTO `en_p2m_transportista` (`TraCod`,`TraNom`,`TraApePat`,`TraApeMat`,`TraRazSoc`,`TraNomCom`,`TraDomFis`,`TraTel`,`TraEmail`,`TraDir`,`EstRegCod`) VALUES ("98","Aretha","Britt","Everett","Velit Cras Lorem LLC","Maecenas Corporation","932-5386 Enim. Ave","095-050-876","Nulla@tinciduntorciquis.ca","Ap #983-4672 Interdum. Rd.","A");
INSERT INTO `en_p2m_transportista` (`TraCod`,`TraNom`,`TraApePat`,`TraApeMat`,`TraRazSoc`,`TraNomCom`,`TraDomFis`,`TraTel`,`TraEmail`,`TraDir`,`EstRegCod`) VALUES ("99","Elaine","Fitzgerald","Deleon","Consequat Lectus Incorporated","Mauris Vestibulum Neque Corp.","6216 Magna. Av.","772-700-284","nec.ligula@nullaat.edu","P.O. Box 922, 1215 Eget, Rd.","A");
INSERT INTO `en_p2m_transportista` (`TraCod`,`TraNom`,`TraApePat`,`TraApeMat`,`TraRazSoc`,`TraNomCom`,`TraDomFis`,`TraTel`,`TraEmail`,`TraDir`,`EstRegCod`) VALUES ("100","Sonia","Christensen","Parker","Tempus Mauris Erat LLC","Molestie Limited","724 Libero Av.","250-070-452","accumsan.convallis.ante@Phaselluselit.ca","Ap #716-9846 Elit Rd.","A");
INSERT INTO `en_p2m_transportista` (`TraCod`,`TraNom`,`TraApePat`,`TraApeMat`,`TraRazSoc`,`TraNomCom`,`TraDomFis`,`TraTel`,`TraEmail`,`TraDir`,`EstRegCod`) VALUES ("101","Yuri","French","Ortiz","Lorem Fringilla Ornare Company","Egestas Duis Incorporated","P.O. Box 306, 3410 Porttitor Road","796-612-839","nec.urna@libero.org","2047 Etiam Rd.","A");
INSERT INTO `en_p2m_transportista` (`TraCod`,`TraNom`,`TraApePat`,`TraApeMat`,`TraRazSoc`,`TraNomCom`,`TraDomFis`,`TraTel`,`TraEmail`,`TraDir`,`EstRegCod`) VALUES ("102","Yvette","Brady","Key","Ornare Facilisis Eget Associates","Felis Purus Inc.","3805 Leo Avenue","285-821-436","Curabitur.dictum.Phasellus@amet.org","P.O. Box 662, 677 Donec Rd.","A");
INSERT INTO `en_p2m_transportista` (`TraCod`,`TraNom`,`TraApePat`,`TraApeMat`,`TraRazSoc`,`TraNomCom`,`TraDomFis`,`TraTel`,`TraEmail`,`TraDir`,`EstRegCod`) VALUES ("103","Pandora","Kidd","Brown","Donec Ltd","Nunc Mauris Morbi LLP","3290 Dolor, Ave","777-514-450","risus.Nulla@commodoat.com","515-7277 Iaculis Street","A");
INSERT INTO `en_p2m_transportista` (`TraCod`,`TraNom`,`TraApePat`,`TraApeMat`,`TraRazSoc`,`TraNomCom`,`TraDomFis`,`TraTel`,`TraEmail`,`TraDir`,`EstRegCod`) VALUES ("104","Warren","Grimes","Joyner","Curabitur Associates","Faucibus Lectus A Company","P.O. Box 997, 2204 Ligula Road","178-179-634","eget.volutpat.ornare@pede.co.uk","3579 Velit Av.","A");
INSERT INTO `en_p2m_transportista` (`TraCod`,`TraNom`,`TraApePat`,`TraApeMat`,`TraRazSoc`,`TraNomCom`,`TraDomFis`,`TraTel`,`TraEmail`,`TraDir`,`EstRegCod`) VALUES ("105","Whilemina","Roy","Lang","Massa Lobortis Ultrices LLC","Mollis Inc.","4564 Ornare, Ave","054-321-850","ligula.tortor.dictum@acipsum.net","543-6285 Amet Road","A");
INSERT INTO `en_p2m_transportista` (`TraCod`,`TraNom`,`TraApePat`,`TraApeMat`,`TraRazSoc`,`TraNomCom`,`TraDomFis`,`TraTel`,`TraEmail`,`TraDir`,`EstRegCod`) VALUES ("106","Judith","Zamora","Hurley","Nulla Integer Consulting","Blandit Mattis Incorporated","P.O. Box 852, 291 Ut Road","914-201-976","dui@interdum.net","Ap #277-6600 Ornare. Street","A");
INSERT INTO `en_p2m_transportista` (`TraCod`,`TraNom`,`TraApePat`,`TraApeMat`,`TraRazSoc`,`TraNomCom`,`TraDomFis`,`TraTel`,`TraEmail`,`TraDir`,`EstRegCod`) VALUES ("107","Kelsey","Blevins","Vinson","Quam Associates","Elit Elit Fermentum Institute","Ap #438-9550 Varius Rd.","720-423-133","aliquet.molestie@molestiearcu.edu","696-9601 Vestibulum Rd.","A");
INSERT INTO `en_p2m_transportista` (`TraCod`,`TraNom`,`TraApePat`,`TraApeMat`,`TraRazSoc`,`TraNomCom`,`TraDomFis`,`TraTel`,`TraEmail`,`TraDir`,`EstRegCod`) VALUES ("108","Benjamin","Bradley","Mcconnell","Et Nunc Associates","Nec Incorporated","910 Eleifend, Rd.","324-458-838","augue.ac.ipsum@interdumenimnon.ca","Ap #602-3337 Nunc Rd.","A");
INSERT INTO `en_p2m_transportista` (`TraCod`,`TraNom`,`TraApePat`,`TraApeMat`,`TraRazSoc`,`TraNomCom`,`TraDomFis`,`TraTel`,`TraEmail`,`TraDir`,`EstRegCod`) VALUES ("109","Demetrius","Beasley","Hinton","Amet Metus Aliquam Associates","Tortor Consulting","Ap #213-4092 Ac, St.","300-268-304","nulla.at@sedfacilisisvitae.org","P.O. Box 951, 5506 Aliquet, Rd.","A");
INSERT INTO `en_p2m_transportista` (`TraCod`,`TraNom`,`TraApePat`,`TraApeMat`,`TraRazSoc`,`TraNomCom`,`TraDomFis`,`TraTel`,`TraEmail`,`TraDir`,`EstRegCod`) VALUES ("110","Maryam","Hunter","Nguyen","Blandit Viverra Company","At Pede Company","960-9676 Hendrerit. St.","374-137-443","leo@Namligula.net","630-6009 Consequat Avenue","A");
INSERT INTO `en_p2m_transportista` (`TraCod`,`TraNom`,`TraApePat`,`TraApeMat`,`TraRazSoc`,`TraNomCom`,`TraDomFis`,`TraTel`,`TraEmail`,`TraDir`,`EstRegCod`) VALUES ("111","Wilma","Mccormick","Haney","Nunc Institute","Et Risus Quisque Industries","Ap #449-2765 Elementum, Rd.","421-094-354","neque@convallis.com","2307 Arcu. Street","A");
INSERT INTO `en_p2m_transportista` (`TraCod`,`TraNom`,`TraApePat`,`TraApeMat`,`TraRazSoc`,`TraNomCom`,`TraDomFis`,`TraTel`,`TraEmail`,`TraDir`,`EstRegCod`) VALUES ("112","Blaine","Stewart","Frost","Malesuada Vel Venenatis Inc.","Pede Praesent Eu LLC","6833 Dui. Rd.","291-475-268","Etiam.vestibulum@semperegestas.com","488-1074 Sem Rd.","A");
INSERT INTO `en_p2m_transportista` (`TraCod`,`TraNom`,`TraApePat`,`TraApeMat`,`TraRazSoc`,`TraNomCom`,`TraDomFis`,`TraTel`,`TraEmail`,`TraDir`,`EstRegCod`) VALUES ("113","Astra","Hubbard","Livingston","Tincidunt PC","Vitae Foundation","1885 Ipsum Street","829-263-256","nulla@musDonec.co.uk","132-1345 Morbi Ave","A");
INSERT INTO `en_p2m_transportista` (`TraCod`,`TraNom`,`TraApePat`,`TraApeMat`,`TraRazSoc`,`TraNomCom`,`TraDomFis`,`TraTel`,`TraEmail`,`TraDir`,`EstRegCod`) VALUES ("114","Indigo","Wilder","Hardy","Sed Et Incorporated","Egestas Aliquam Fringilla Limited","918-3499 Enim. Rd.","340-487-702","dignissim.tempor@sed.co.uk","P.O. Box 434, 4176 Vestibulum Rd.","A");
INSERT INTO `en_p2m_transportista` (`TraCod`,`TraNom`,`TraApePat`,`TraApeMat`,`TraRazSoc`,`TraNomCom`,`TraDomFis`,`TraTel`,`TraEmail`,`TraDir`,`EstRegCod`) VALUES ("115","Maia","Sanford","Combs","Ac Mi PC","Montes LLC","4074 Cras Rd.","846-285-961","euismod.est.arcu@vestibulum.com","Ap #515-9148 Consectetuer Rd.","A");
INSERT INTO `en_p2m_transportista` (`TraCod`,`TraNom`,`TraApePat`,`TraApeMat`,`TraRazSoc`,`TraNomCom`,`TraDomFis`,`TraTel`,`TraEmail`,`TraDir`,`EstRegCod`) VALUES ("116","Jamal","Freeman","Moon","Magna Malesuada LLC","Nullam Scelerisque Industries","Ap #868-9095 Amet Rd.","194-231-909","Donec.tempor.est@Phasellus.ca","Ap #401-6109 Egestas. Rd.","A");
INSERT INTO `en_p2m_transportista` (`TraCod`,`TraNom`,`TraApePat`,`TraApeMat`,`TraRazSoc`,`TraNomCom`,`TraDomFis`,`TraTel`,`TraEmail`,`TraDir`,`EstRegCod`) VALUES ("117","Francesca","Mitchell","Larsen","Mauris LLP","Leo Elementum Limited","3499 Parturient Ave","745-772-674","tellus.faucibus@Seddiam.com","Ap #456-2473 Metus. Avenue","A");
INSERT INTO `en_p2m_transportista` (`TraCod`,`TraNom`,`TraApePat`,`TraApeMat`,`TraRazSoc`,`TraNomCom`,`TraDomFis`,`TraTel`,`TraEmail`,`TraDir`,`EstRegCod`) VALUES ("118","Vernon","Sanchez","Preston","Orci Consulting","Lorem PC","Ap #192-8568 Molestie Av.","245-113-599","fermentum.fermentum.arcu@Intinciduntcongue.com","Ap #959-4224 A, St.","A");
INSERT INTO `en_p2m_transportista` (`TraCod`,`TraNom`,`TraApePat`,`TraApeMat`,`TraRazSoc`,`TraNomCom`,`TraDomFis`,`TraTel`,`TraEmail`,`TraDir`,`EstRegCod`) VALUES ("119","Lenore","Riley","Potter","Nibh Phasellus Institute","Vivamus Nibh Dolor Company","8504 Aliquam Ave","645-659-257","ac.libero@nequenonquam.com","P.O. Box 455, 7622 Aenean Street","A");
INSERT INTO `en_p2m_transportista` (`TraCod`,`TraNom`,`TraApePat`,`TraApeMat`,`TraRazSoc`,`TraNomCom`,`TraDomFis`,`TraTel`,`TraEmail`,`TraDir`,`EstRegCod`) VALUES ("120","Tashya","Sharp","Guerra","Eget Tincidunt PC","Lacus Cras Corporation","P.O. Box 478, 5944 Erat Rd.","208-512-706","cursus.et.magna@malesuada.com","8837 Netus Street","A");
INSERT INTO `en_p2m_transportista` (`TraCod`,`TraNom`,`TraApePat`,`TraApeMat`,`TraRazSoc`,`TraNomCom`,`TraDomFis`,`TraTel`,`TraEmail`,`TraDir`,`EstRegCod`) VALUES ("121","Elaine","Roach","Farrell","Nunc Laoreet Consulting","Ligula Donec Luctus Incorporated","492-5292 Mollis. St.","671-942-169","sed@nasceturridiculus.edu","4624 Libero. Street","A");
INSERT INTO `en_p2m_transportista` (`TraCod`,`TraNom`,`TraApePat`,`TraApeMat`,`TraRazSoc`,`TraNomCom`,`TraDomFis`,`TraTel`,`TraEmail`,`TraDir`,`EstRegCod`) VALUES ("122","Cynthia","Dawson","Strong","Dictum Proin Eget Ltd","Dui Nec Urna Limited","6061 Augue Road","363-490-474","sodales.Mauris.blandit@Fuscedolorquam.com","426-3155 Urna Avenue","A");
INSERT INTO `en_p2m_transportista` (`TraCod`,`TraNom`,`TraApePat`,`TraApeMat`,`TraRazSoc`,`TraNomCom`,`TraDomFis`,`TraTel`,`TraEmail`,`TraDir`,`EstRegCod`) VALUES ("123","Justin","Hamilton","Acosta","Non LLP","Nec Foundation","P.O. Box 420, 7657 Sit Rd.","529-659-494","sit.amet@In.com","1289 Duis St.","A");
INSERT INTO `en_p2m_transportista` (`TraCod`,`TraNom`,`TraApePat`,`TraApeMat`,`TraRazSoc`,`TraNomCom`,`TraDomFis`,`TraTel`,`TraEmail`,`TraDir`,`EstRegCod`) VALUES ("124","Hadley","Bean","Hopper","Massa Rutrum Company","Magnis Dis Parturient Corp.","Ap #606-5228 Magna Rd.","778-237-654","aliquet.Proin@justofaucibuslectus.com","4920 Curabitur Road","A");
INSERT INTO `en_p2m_transportista` (`TraCod`,`TraNom`,`TraApePat`,`TraApeMat`,`TraRazSoc`,`TraNomCom`,`TraDomFis`,`TraTel`,`TraEmail`,`TraDir`,`EstRegCod`) VALUES ("125","Kylynn","Oneal","Weaver","Quisque Libero Corporation","Volutpat Corp.","698-9429 Convallis St.","279-577-024","a.enim@eu.edu","Ap #904-3778 Tincidunt. Rd.","A");
INSERT INTO `en_p2m_transportista` (`TraCod`,`TraNom`,`TraApePat`,`TraApeMat`,`TraRazSoc`,`TraNomCom`,`TraDomFis`,`TraTel`,`TraEmail`,`TraDir`,`EstRegCod`) VALUES ("126","Katell","Vargas","Henderson","Ipsum Primis Consulting","Dolor Corp.","786-3814 Dignissim St.","703-452-051","lobortis.augue@interdumCurabitur.co.uk","608-8890 Tincidunt. Rd.","A");
INSERT INTO `en_p2m_transportista` (`TraCod`,`TraNom`,`TraApePat`,`TraApeMat`,`TraRazSoc`,`TraNomCom`,`TraDomFis`,`TraTel`,`TraEmail`,`TraDir`,`EstRegCod`) VALUES ("127","Shelley","Chase","Mcdaniel","Montes Nascetur Ridiculus Inc.","Ut Dolor Dapibus Company","Ap #993-357 Turpis Street","209-148-534","ante.blandit.viverra@tempusnon.edu","Ap #460-123 Eleifend Ave","A");
INSERT INTO `en_p2m_transportista` (`TraCod`,`TraNom`,`TraApePat`,`TraApeMat`,`TraRazSoc`,`TraNomCom`,`TraDomFis`,`TraTel`,`TraEmail`,`TraDir`,`EstRegCod`) VALUES ("128","Tallulah","Holcomb","Carrillo","Id Erat Foundation","Risus At Fringilla Consulting","Ap #410-3408 Fringilla St.","741-409-315","vel.turpis@natoquepenatibus.com","2362 Libero Rd.","A");
INSERT INTO `en_p2m_transportista` (`TraCod`,`TraNom`,`TraApePat`,`TraApeMat`,`TraRazSoc`,`TraNomCom`,`TraDomFis`,`TraTel`,`TraEmail`,`TraDir`,`EstRegCod`) VALUES ("129","Eugenia","Patel","Workman","Curabitur Inc.","Sem LLP","P.O. Box 687, 5713 Elit, Av.","821-415-853","eget.ipsum.Donec@adipiscingfringillaporttitor.org","1580 Varius Av.","A");
INSERT INTO `en_p2m_transportista` (`TraCod`,`TraNom`,`TraApePat`,`TraApeMat`,`TraRazSoc`,`TraNomCom`,`TraDomFis`,`TraTel`,`TraEmail`,`TraDir`,`EstRegCod`) VALUES ("130","Quinlan","Austin","Mcconnell","Euismod Est Corp.","Eget Ipsum Suspendisse LLP","P.O. Box 951, 4621 A Street","134-700-999","libero.nec@enim.net","P.O. Box 218, 3647 Sem Ave","A");
INSERT INTO `en_p2m_transportista` (`TraCod`,`TraNom`,`TraApePat`,`TraApeMat`,`TraRazSoc`,`TraNomCom`,`TraDomFis`,`TraTel`,`TraEmail`,`TraDir`,`EstRegCod`) VALUES ("131","Taylor","Howard","Park","Erat Foundation","Dui Fusce Consulting","6174 Nibh Rd.","595-178-980","diam@tellussem.org","P.O. Box 805, 1591 Enim Rd.","A");
INSERT INTO `en_p2m_transportista` (`TraCod`,`TraNom`,`TraApePat`,`TraApeMat`,`TraRazSoc`,`TraNomCom`,`TraDomFis`,`TraTel`,`TraEmail`,`TraDir`,`EstRegCod`) VALUES ("132","Keefe","Roberts","Holcomb","Morbi Neque Tellus Institute","Amet Consectetuer Adipiscing Industries","Ap #556-7023 Pede Avenue","057-180-640","massa@metusVivamus.ca","688-8438 Ridiculus Rd.","A");
INSERT INTO `en_p2m_transportista` (`TraCod`,`TraNom`,`TraApePat`,`TraApeMat`,`TraRazSoc`,`TraNomCom`,`TraDomFis`,`TraTel`,`TraEmail`,`TraDir`,`EstRegCod`) VALUES ("133","Britanni","Shaffer","Cotton","Ipsum Donec Ltd","Nullam Ltd","Ap #241-6129 Vel Rd.","213-609-205","tincidunt.pede.ac@consectetuer.com","313-6860 Nam St.","A");
INSERT INTO `en_p2m_transportista` (`TraCod`,`TraNom`,`TraApePat`,`TraApeMat`,`TraRazSoc`,`TraNomCom`,`TraDomFis`,`TraTel`,`TraEmail`,`TraDir`,`EstRegCod`) VALUES ("134","Judah","Miles","Nolan","At Nisi Cum LLC","Eget Metus Corporation","526-6002 Vel, Street","136-034-711","cursus.Nunc.mauris@euelitNulla.com","5036 Euismod Rd.","A");
INSERT INTO `en_p2m_transportista` (`TraCod`,`TraNom`,`TraApePat`,`TraApeMat`,`TraRazSoc`,`TraNomCom`,`TraDomFis`,`TraTel`,`TraEmail`,`TraDir`,`EstRegCod`) VALUES ("135","Jena","Newton","Kidd","Scelerisque Dui Suspendisse Corp.","Enim Condimentum Institute","227-4956 Metus. Road","918-025-864","vitae.risus@nisiaodio.net","P.O. Box 111, 1250 Hendrerit Ave","A");
INSERT INTO `en_p2m_transportista` (`TraCod`,`TraNom`,`TraApePat`,`TraApeMat`,`TraRazSoc`,`TraNomCom`,`TraDomFis`,`TraTel`,`TraEmail`,`TraDir`,`EstRegCod`) VALUES ("136","Naida","Beach","Compton","Mollis Incorporated","Cubilia Incorporated","5403 Erat. Avenue","415-330-317","tellus.sem.mollis@a.ca","P.O. Box 844, 8662 Aenean Rd.","A");
INSERT INTO `en_p2m_transportista` (`TraCod`,`TraNom`,`TraApePat`,`TraApeMat`,`TraRazSoc`,`TraNomCom`,`TraDomFis`,`TraTel`,`TraEmail`,`TraDir`,`EstRegCod`) VALUES ("137","Lee","Pennington","Chapman","Iaculis Quis Pede Industries","Lectus Consulting","Ap #274-1273 Morbi Avenue","564-880-761","erat.eget.ipsum@molestietellusAenean.ca","Ap #394-6810 Eu Ave","A");
INSERT INTO `en_p2m_transportista` (`TraCod`,`TraNom`,`TraApePat`,`TraApeMat`,`TraRazSoc`,`TraNomCom`,`TraDomFis`,`TraTel`,`TraEmail`,`TraDir`,`EstRegCod`) VALUES ("138","Aurora","Cherry","Nicholson","Bibendum Fermentum Metus Institute","Vestibulum LLC","7632 Pharetra Av.","056-940-538","in.consectetuer.ipsum@metus.ca","Ap #124-3038 Augue St.","A");
INSERT INTO `en_p2m_transportista` (`TraCod`,`TraNom`,`TraApePat`,`TraApeMat`,`TraRazSoc`,`TraNomCom`,`TraDomFis`,`TraTel`,`TraEmail`,`TraDir`,`EstRegCod`) VALUES ("139","Mikayla","Waller","York","Fringilla Porttitor Vulputate Corp.","Ipsum Dolor LLC","Ap #603-7594 Mus. Road","607-122-074","feugiat.metus.sit@miDuisrisus.co.uk","4535 Integer Avenue","A");
INSERT INTO `en_p2m_transportista` (`TraCod`,`TraNom`,`TraApePat`,`TraApeMat`,`TraRazSoc`,`TraNomCom`,`TraDomFis`,`TraTel`,`TraEmail`,`TraDir`,`EstRegCod`) VALUES ("140","Harrison","Lucas","Ferguson","Sodales Corporation","At Libero Corporation","9310 Pellentesque, Rd.","033-492-954","congue.In@ipsum.com","833-7697 Tristique Street","A");
INSERT INTO `en_p2m_transportista` (`TraCod`,`TraNom`,`TraApePat`,`TraApeMat`,`TraRazSoc`,`TraNomCom`,`TraDomFis`,`TraTel`,`TraEmail`,`TraDir`,`EstRegCod`) VALUES ("141","Lance","Jacobson","Massey","Mi Lacinia Mattis Ltd","Duis Sit Amet Ltd","9253 Vitae Rd.","932-730-757","mauris.ipsum.porta@vestibulumneque.edu","P.O. Box 820, 6659 Sed Ave","A");
INSERT INTO `en_p2m_transportista` (`TraCod`,`TraNom`,`TraApePat`,`TraApeMat`,`TraRazSoc`,`TraNomCom`,`TraDomFis`,`TraTel`,`TraEmail`,`TraDir`,`EstRegCod`) VALUES ("142","Darius","Graham","Bass","Rutrum Justo Praesent LLC","Aenean Sed Industries","P.O. Box 693, 9111 Ultrices Rd.","343-247-545","risus.Nulla.eget@Morbi.co.uk","P.O. Box 594, 9049 Euismod Rd.","A");
INSERT INTO `en_p2m_transportista` (`TraCod`,`TraNom`,`TraApePat`,`TraApeMat`,`TraRazSoc`,`TraNomCom`,`TraDomFis`,`TraTel`,`TraEmail`,`TraDir`,`EstRegCod`) VALUES ("143","Courtney","Solomon","Landry","Non Egestas LLC","Eu Accumsan Industries","Ap #464-7604 Fermentum Rd.","768-681-677","eget.mollis.lectus@Donecdignissim.net","P.O. Box 530, 7324 Nunc Ave","A");
INSERT INTO `en_p2m_transportista` (`TraCod`,`TraNom`,`TraApePat`,`TraApeMat`,`TraRazSoc`,`TraNomCom`,`TraDomFis`,`TraTel`,`TraEmail`,`TraDir`,`EstRegCod`) VALUES ("144","Delilah","Hodges","Montgomery","Pellentesque Massa Lobortis Corp.","Phasellus PC","155-6474 Nec, Ave","094-418-642","netus.et.malesuada@euduiCum.edu","3526 Vitae St.","A");
INSERT INTO `en_p2m_transportista` (`TraCod`,`TraNom`,`TraApePat`,`TraApeMat`,`TraRazSoc`,`TraNomCom`,`TraDomFis`,`TraTel`,`TraEmail`,`TraDir`,`EstRegCod`) VALUES ("145","Sybil","Briggs","Evans","Et Ltd","Facilisis Non LLP","P.O. Box 852, 694 Egestas, St.","483-070-196","Morbi.metus@eulacusQuisque.edu","P.O. Box 507, 606 Tellus Ave","A");
INSERT INTO `en_p2m_transportista` (`TraCod`,`TraNom`,`TraApePat`,`TraApeMat`,`TraRazSoc`,`TraNomCom`,`TraDomFis`,`TraTel`,`TraEmail`,`TraDir`,`EstRegCod`) VALUES ("146","Shafira","Coffey","Reese","Curabitur Egestas Nunc Incorporated","Bibendum Ullamcorper Duis Inc.","1617 Neque Road","783-418-183","volutpat.nunc@Duiscursusdiam.com","2020 Nibh Rd.","A");
INSERT INTO `en_p2m_transportista` (`TraCod`,`TraNom`,`TraApePat`,`TraApeMat`,`TraRazSoc`,`TraNomCom`,`TraDomFis`,`TraTel`,`TraEmail`,`TraDir`,`EstRegCod`) VALUES ("147","Illana","Spence","Hoffman","Nulla PC","Fringilla Ornare Foundation","P.O. Box 304, 6213 Faucibus St.","490-471-827","ligula@posuerevulputatelacus.net","4125 Nonummy. Ave","A");
INSERT INTO `en_p2m_transportista` (`TraCod`,`TraNom`,`TraApePat`,`TraApeMat`,`TraRazSoc`,`TraNomCom`,`TraDomFis`,`TraTel`,`TraEmail`,`TraDir`,`EstRegCod`) VALUES ("148","Shelley","Carter","Castaneda","Volutpat Ornare Facilisis LLC","Quis Pede Praesent Foundation","678-5549 Eros Ave","477-504-394","posuere.cubilia@posuerecubiliaCurae.org","798-1242 Aliquet Street","A");
INSERT INTO `en_p2m_transportista` (`TraCod`,`TraNom`,`TraApePat`,`TraApeMat`,`TraRazSoc`,`TraNomCom`,`TraDomFis`,`TraTel`,`TraEmail`,`TraDir`,`EstRegCod`) VALUES ("149","Evan","Cabrera","Allen","Mollis Inc.","Euismod Est Ltd","991-1563 Tempor Rd.","914-346-508","a.enim@Utsagittis.net","196-3510 Sed Road","A");
INSERT INTO `en_p2m_transportista` (`TraCod`,`TraNom`,`TraApePat`,`TraApeMat`,`TraRazSoc`,`TraNomCom`,`TraDomFis`,`TraTel`,`TraEmail`,`TraDir`,`EstRegCod`) VALUES ("150","Gage","Tucker","Moses","Volutpat Nulla Dignissim LLC","In Ornare Sagittis Limited","P.O. Box 159, 1444 Lorem Rd.","700-865-150","odio@sit.edu","P.O. Box 312, 1396 Ligula. Road","A");
INSERT INTO `en_p2m_transportista` (`TraCod`,`TraNom`,`TraApePat`,`TraApeMat`,`TraRazSoc`,`TraNomCom`,`TraDomFis`,`TraTel`,`TraEmail`,`TraDir`,`EstRegCod`) VALUES ("151","Veda","Horne","Carver","Mauris Blandit Inc.","Quam Corp.","3806 Erat St.","741-167-862","vulputate@vitaedolorDonec.co.uk","111-5037 Neque. Av.","A");
INSERT INTO `en_p2m_transportista` (`TraCod`,`TraNom`,`TraApePat`,`TraApeMat`,`TraRazSoc`,`TraNomCom`,`TraDomFis`,`TraTel`,`TraEmail`,`TraDir`,`EstRegCod`) VALUES ("152","Ayanna","Mckinney","Mejia","Nunc LLC","Nec Ligula Consectetuer Foundation","P.O. Box 102, 6113 Quam, Road","779-328-874","neque.sed@euismod.org","6035 Vestibulum St.","A");
INSERT INTO `en_p2m_transportista` (`TraCod`,`TraNom`,`TraApePat`,`TraApeMat`,`TraRazSoc`,`TraNomCom`,`TraDomFis`,`TraTel`,`TraEmail`,`TraDir`,`EstRegCod`) VALUES ("153","Emily","Hernandez","Boyd","Rutrum Corp.","Quisque Porttitor Company","9050 Est, Rd.","138-288-340","turpis@ornaresagittis.com","Ap #409-6774 Sed St.","A");
INSERT INTO `en_p2m_transportista` (`TraCod`,`TraNom`,`TraApePat`,`TraApeMat`,`TraRazSoc`,`TraNomCom`,`TraDomFis`,`TraTel`,`TraEmail`,`TraDir`,`EstRegCod`) VALUES ("154","Colt","Pennington","Huff","Arcu Ac Orci Incorporated","Sociis Natoque Company","Ap #545-9723 In Rd.","414-934-669","mollis.dui.in@velitCraslorem.com","P.O. Box 309, 7772 Mi Rd.","A");
INSERT INTO `en_p2m_transportista` (`TraCod`,`TraNom`,`TraApePat`,`TraApeMat`,`TraRazSoc`,`TraNomCom`,`TraDomFis`,`TraTel`,`TraEmail`,`TraDir`,`EstRegCod`) VALUES ("155","Quinn","Page","Reid","Risus At Fringilla Associates","Aliquam Inc.","Ap #211-4269 Luctus Av.","258-190-457","nec.tellus.Nunc@Duisgravida.org","P.O. Box 329, 5783 Non St.","A");
INSERT INTO `en_p2m_transportista` (`TraCod`,`TraNom`,`TraApePat`,`TraApeMat`,`TraRazSoc`,`TraNomCom`,`TraDomFis`,`TraTel`,`TraEmail`,`TraDir`,`EstRegCod`) VALUES ("156","Claudia","Chambers","Hendrix","Maecenas Corporation","Id Institute","322 Commodo St.","505-897-329","elementum.sem@orciluctuset.ca","757-9193 Porttitor Ave","A");
INSERT INTO `en_p2m_transportista` (`TraCod`,`TraNom`,`TraApePat`,`TraApeMat`,`TraRazSoc`,`TraNomCom`,`TraDomFis`,`TraTel`,`TraEmail`,`TraDir`,`EstRegCod`) VALUES ("157","Imani","Fleming","Mccullough","Blandit Mattis Cras Industries","Donec Egestas LLP","Ap #407-9423 Lacinia St.","270-960-176","eleifend.egestas@convallis.net","P.O. Box 631, 4543 Mauris Ave","A");
INSERT INTO `en_p2m_transportista` (`TraCod`,`TraNom`,`TraApePat`,`TraApeMat`,`TraRazSoc`,`TraNomCom`,`TraDomFis`,`TraTel`,`TraEmail`,`TraDir`,`EstRegCod`) VALUES ("158","Casey","Wiggins","Silva","Elit Incorporated","Risus Odio Foundation","P.O. Box 979, 1866 Nisi St.","228-881-669","tortor@enimsit.ca","P.O. Box 919, 4511 Lectus St.","A");
INSERT INTO `en_p2m_transportista` (`TraCod`,`TraNom`,`TraApePat`,`TraApeMat`,`TraRazSoc`,`TraNomCom`,`TraDomFis`,`TraTel`,`TraEmail`,`TraDir`,`EstRegCod`) VALUES ("159","Erich","Fulton","Pratt","Neque Morbi Consulting","Lectus Cum Corporation","Ap #561-1438 Mi, Rd.","991-413-507","magna@Praesent.net","P.O. Box 373, 1938 Ac St.","A");
INSERT INTO `en_p2m_transportista` (`TraCod`,`TraNom`,`TraApePat`,`TraApeMat`,`TraRazSoc`,`TraNomCom`,`TraDomFis`,`TraTel`,`TraEmail`,`TraDir`,`EstRegCod`) VALUES ("160","Candace","Baldwin","Villarreal","Ante Vivamus Corp.","Lectus Consulting","Ap #851-7999 Massa Avenue","972-176-472","vel@in.ca","Ap #800-6919 Et Rd.","A");
INSERT INTO `en_p2m_transportista` (`TraCod`,`TraNom`,`TraApePat`,`TraApeMat`,`TraRazSoc`,`TraNomCom`,`TraDomFis`,`TraTel`,`TraEmail`,`TraDir`,`EstRegCod`) VALUES ("161","Marny","Cunningham","Justice","Phasellus At Augue Corporation","Orci In Consequat PC","Ap #737-3058 Ac Avenue","517-021-059","sit@liberoInteger.org","P.O. Box 474, 4436 Eu, St.","A");
INSERT INTO `en_p2m_transportista` (`TraCod`,`TraNom`,`TraApePat`,`TraApeMat`,`TraRazSoc`,`TraNomCom`,`TraDomFis`,`TraTel`,`TraEmail`,`TraDir`,`EstRegCod`) VALUES ("162","Rudyard","Morin","Fitzgerald","Magna Consulting","Orci Inc.","8550 Id, St.","266-937-425","auctor.velit.Aliquam@Donecfelis.net","5866 Aliquam Rd.","A");
INSERT INTO `en_p2m_transportista` (`TraCod`,`TraNom`,`TraApePat`,`TraApeMat`,`TraRazSoc`,`TraNomCom`,`TraDomFis`,`TraTel`,`TraEmail`,`TraDir`,`EstRegCod`) VALUES ("163","Shay","Durham","Gill","Augue LLC","Ac Industries","Ap #292-2069 Venenatis Rd.","248-498-654","odio@Integersem.edu","Ap #307-6344 Faucibus Av.","A");
INSERT INTO `en_p2m_transportista` (`TraCod`,`TraNom`,`TraApePat`,`TraApeMat`,`TraRazSoc`,`TraNomCom`,`TraDomFis`,`TraTel`,`TraEmail`,`TraDir`,`EstRegCod`) VALUES ("164","Coby","Sutton","Durham","Aliquam Company","Imperdiet Ornare Ltd","Ap #130-2256 Nec, Rd.","950-244-322","luctus@quisdiamluctus.com","3920 Eu Av.","A");
INSERT INTO `en_p2m_transportista` (`TraCod`,`TraNom`,`TraApePat`,`TraApeMat`,`TraRazSoc`,`TraNomCom`,`TraDomFis`,`TraTel`,`TraEmail`,`TraDir`,`EstRegCod`) VALUES ("165","Pearl","Johns","Mcclure","Nisi Nibh Lacinia Corporation","Ligula Donec Ltd","3565 Blandit Av.","347-603-265","faucibus.leo@justosit.ca","Ap #923-8006 Vitae Rd.","A");
INSERT INTO `en_p2m_transportista` (`TraCod`,`TraNom`,`TraApePat`,`TraApeMat`,`TraRazSoc`,`TraNomCom`,`TraDomFis`,`TraTel`,`TraEmail`,`TraDir`,`EstRegCod`) VALUES ("166","Lillith","England","Ramirez","Porttitor Eros Institute","Vulputate Nisi Sem Corporation","904-9318 Ac Rd.","670-979-456","velit@egestasadui.org","387-5823 Sem. Avenue","A");
INSERT INTO `en_p2m_transportista` (`TraCod`,`TraNom`,`TraApePat`,`TraApeMat`,`TraRazSoc`,`TraNomCom`,`TraDomFis`,`TraTel`,`TraEmail`,`TraDir`,`EstRegCod`) VALUES ("167","Irma","Brady","Maynard","Egestas Rhoncus Proin Ltd","Penatibus Et PC","727-3494 Molestie Street","552-839-433","ligula@risusInmi.co.uk","190-4574 Non, St.","A");
INSERT INTO `en_p2m_transportista` (`TraCod`,`TraNom`,`TraApePat`,`TraApeMat`,`TraRazSoc`,`TraNomCom`,`TraDomFis`,`TraTel`,`TraEmail`,`TraDir`,`EstRegCod`) VALUES ("168","Lacey","Pacheco","Cross","Taciti Sociosqu Ad Institute","Ipsum Suspendisse Non Ltd","P.O. Box 942, 1341 Velit St.","052-308-650","sagittis.semper@dui.com","Ap #650-4073 Montes, Street","A");
INSERT INTO `en_p2m_transportista` (`TraCod`,`TraNom`,`TraApePat`,`TraApeMat`,`TraRazSoc`,`TraNomCom`,`TraDomFis`,`TraTel`,`TraEmail`,`TraDir`,`EstRegCod`) VALUES ("169","Leslie","Mcmahon","Good","Eu Sem Pellentesque PC","Orci Ut Sagittis Incorporated","Ap #142-1543 Auctor Rd.","948-128-931","ut.pharetra.sed@amet.edu","4237 Vel, Street","A");
INSERT INTO `en_p2m_transportista` (`TraCod`,`TraNom`,`TraApePat`,`TraApeMat`,`TraRazSoc`,`TraNomCom`,`TraDomFis`,`TraTel`,`TraEmail`,`TraDir`,`EstRegCod`) VALUES ("170","Velma","Munoz","Strong","Turpis Associates","Adipiscing Elit Aliquam LLP","511-7024 Neque. Rd.","110-826-894","ridiculus@malesuadamalesuadaInteger.com","P.O. Box 186, 964 Id, Avenue","A");
INSERT INTO `en_p2m_transportista` (`TraCod`,`TraNom`,`TraApePat`,`TraApeMat`,`TraRazSoc`,`TraNomCom`,`TraDomFis`,`TraTel`,`TraEmail`,`TraDir`,`EstRegCod`) VALUES ("171","Prescott","Case","Lancaster","Mus Institute","Diam Corporation","P.O. Box 902, 8577 Phasellus Road","293-535-442","dui.Suspendisse@tincidunt.ca","P.O. Box 438, 6206 Leo. St.","A");
INSERT INTO `en_p2m_transportista` (`TraCod`,`TraNom`,`TraApePat`,`TraApeMat`,`TraRazSoc`,`TraNomCom`,`TraDomFis`,`TraTel`,`TraEmail`,`TraDir`,`EstRegCod`) VALUES ("172","Madeline","Villarreal","Johns","Sapien Imperdiet Ornare Institute","Tellus Justo Foundation","Ap #923-4981 Nullam St.","376-327-849","eros.turpis@faucibusutnulla.co.uk","P.O. Box 168, 9045 Ipsum. Rd.","A");
INSERT INTO `en_p2m_transportista` (`TraCod`,`TraNom`,`TraApePat`,`TraApeMat`,`TraRazSoc`,`TraNomCom`,`TraDomFis`,`TraTel`,`TraEmail`,`TraDir`,`EstRegCod`) VALUES ("173","Leigh","Workman","Newton","Nunc Sed Ltd","Velit Industries","553 Adipiscing Road","196-963-873","est.arcu@milorem.net","Ap #735-8587 Vel, St.","A");
INSERT INTO `en_p2m_transportista` (`TraCod`,`TraNom`,`TraApePat`,`TraApeMat`,`TraRazSoc`,`TraNomCom`,`TraDomFis`,`TraTel`,`TraEmail`,`TraDir`,`EstRegCod`) VALUES ("174","Quinn","Larsen","Mccray","In Limited","Ut Ipsum PC","P.O. Box 321, 4139 Aliquam Street","238-746-784","lorem@nequenonquam.org","P.O. Box 536, 2376 Risus. Street","A");
INSERT INTO `en_p2m_transportista` (`TraCod`,`TraNom`,`TraApePat`,`TraApeMat`,`TraRazSoc`,`TraNomCom`,`TraDomFis`,`TraTel`,`TraEmail`,`TraDir`,`EstRegCod`) VALUES ("175","Anthony","Bullock","Hendricks","Parturient Montes Nascetur Foundation","Etiam Imperdiet Dictum Incorporated","4706 Ac Av.","328-864-589","sollicitudin@tellus.ca","P.O. Box 116, 7866 Quam. St.","A");
INSERT INTO `en_p2m_transportista` (`TraCod`,`TraNom`,`TraApePat`,`TraApeMat`,`TraRazSoc`,`TraNomCom`,`TraDomFis`,`TraTel`,`TraEmail`,`TraDir`,`EstRegCod`) VALUES ("176","Holmes","Hays","Rodriquez","Id Inc.","Magna Ltd","Ap #919-6591 Eget Avenue","517-095-307","velit@Namtempor.com","P.O. Box 334, 436 Euismod Avenue","A");
INSERT INTO `en_p2m_transportista` (`TraCod`,`TraNom`,`TraApePat`,`TraApeMat`,`TraRazSoc`,`TraNomCom`,`TraDomFis`,`TraTel`,`TraEmail`,`TraDir`,`EstRegCod`) VALUES ("177","Celeste","Craig","Sharp","Etiam Bibendum Fermentum Institute","Nascetur Company","P.O. Box 882, 1506 Vestibulum St.","557-340-369","mus.Donec.dignissim@quam.com","Ap #330-1526 Velit Road","A");
INSERT INTO `en_p2m_transportista` (`TraCod`,`TraNom`,`TraApePat`,`TraApeMat`,`TraRazSoc`,`TraNomCom`,`TraDomFis`,`TraTel`,`TraEmail`,`TraDir`,`EstRegCod`) VALUES ("178","Nicholas","Gray","Hobbs","Arcu Curabitur Ut Consulting","Mauris Consulting","6747 Vitae Avenue","512-806-454","aptent.taciti.sociosqu@necmollisvitae.co.uk","734-3469 Libero Ave","A");
INSERT INTO `en_p2m_transportista` (`TraCod`,`TraNom`,`TraApePat`,`TraApeMat`,`TraRazSoc`,`TraNomCom`,`TraDomFis`,`TraTel`,`TraEmail`,`TraDir`,`EstRegCod`) VALUES ("179","Pandora","Hughes","Aguirre","Donec Ltd","Lorem Corp.","Ap #174-6424 Duis St.","738-419-023","eleifend.egestas@metusfacilisislorem.com","814-2997 Sem Av.","A");
INSERT INTO `en_p2m_transportista` (`TraCod`,`TraNom`,`TraApePat`,`TraApeMat`,`TraRazSoc`,`TraNomCom`,`TraDomFis`,`TraTel`,`TraEmail`,`TraDir`,`EstRegCod`) VALUES ("180","Henry","Dorsey","Hooper","Amet Nulla Donec Incorporated","Ac Mattis Institute","Ap #861-6187 Arcu. Av.","043-758-189","vehicula.aliquet.libero@Nuncac.net","360-8577 Etiam Ave","A");
INSERT INTO `en_p2m_transportista` (`TraCod`,`TraNom`,`TraApePat`,`TraApeMat`,`TraRazSoc`,`TraNomCom`,`TraDomFis`,`TraTel`,`TraEmail`,`TraDir`,`EstRegCod`) VALUES ("181","Brynne","Maynard","Cote","Nullam Enim LLC","Sem Ut Cursus Industries","P.O. Box 250, 7726 Dis St.","357-061-778","ipsum@Proinvel.ca","647-6826 Nunc Ave","A");
INSERT INTO `en_p2m_transportista` (`TraCod`,`TraNom`,`TraApePat`,`TraApeMat`,`TraRazSoc`,`TraNomCom`,`TraDomFis`,`TraTel`,`TraEmail`,`TraDir`,`EstRegCod`) VALUES ("182","Venus","Moran","Figueroa","Sed Tortor Integer Foundation","Consequat Purus Maecenas Associates","409-2539 Vel, Avenue","034-303-204","enim@nascetur.net","P.O. Box 624, 1118 Magna Ave","A");
INSERT INTO `en_p2m_transportista` (`TraCod`,`TraNom`,`TraApePat`,`TraApeMat`,`TraRazSoc`,`TraNomCom`,`TraDomFis`,`TraTel`,`TraEmail`,`TraDir`,`EstRegCod`) VALUES ("183","Colby","Pittman","Bullock","Aliquet Incorporated","Lectus Industries","Ap #646-8575 Ac Ave","133-441-219","purus.Nullam@Quisqueornare.org","397-7867 Montes, Street","A");
INSERT INTO `en_p2m_transportista` (`TraCod`,`TraNom`,`TraApePat`,`TraApeMat`,`TraRazSoc`,`TraNomCom`,`TraDomFis`,`TraTel`,`TraEmail`,`TraDir`,`EstRegCod`) VALUES ("184","Armand","Mendoza","Logan","A LLP","Non Dapibus Rutrum LLP","P.O. Box 146, 9689 Ultrices Street","280-461-422","fermentum.metus.Aenean@amet.net","3870 Interdum Av.","A");
INSERT INTO `en_p2m_transportista` (`TraCod`,`TraNom`,`TraApePat`,`TraApeMat`,`TraRazSoc`,`TraNomCom`,`TraDomFis`,`TraTel`,`TraEmail`,`TraDir`,`EstRegCod`) VALUES ("185","Trevor","Walton","Middleton","Dolor Incorporated","Risus LLC","Ap #193-3172 Sodales Road","422-100-321","risus@vulputatevelit.edu","Ap #702-9344 Blandit Ave","A");
INSERT INTO `en_p2m_transportista` (`TraCod`,`TraNom`,`TraApePat`,`TraApeMat`,`TraRazSoc`,`TraNomCom`,`TraDomFis`,`TraTel`,`TraEmail`,`TraDir`,`EstRegCod`) VALUES ("186","Sasha","Larson","Gomez","Suspendisse Eleifend Corporation","Vivamus Euismod Corporation","Ap #456-2990 Nibh Street","614-038-798","Nulla.eget@amet.com","P.O. Box 496, 1797 Mauris Rd.","A");
INSERT INTO `en_p2m_transportista` (`TraCod`,`TraNom`,`TraApePat`,`TraApeMat`,`TraRazSoc`,`TraNomCom`,`TraDomFis`,`TraTel`,`TraEmail`,`TraDir`,`EstRegCod`) VALUES ("187","Raphael","Emerson","Cummings","Elit Elit Fermentum Incorporated","Et Malesuada Fames Incorporated","7840 Vitae, St.","292-015-754","dis.parturient.montes@Donectemporest.co.uk","9449 Sollicitudin Road","A");
INSERT INTO `en_p2m_transportista` (`TraCod`,`TraNom`,`TraApePat`,`TraApeMat`,`TraRazSoc`,`TraNomCom`,`TraDomFis`,`TraTel`,`TraEmail`,`TraDir`,`EstRegCod`) VALUES ("188","Melvin","Sandoval","Moreno","Nibh Lacinia LLC","Orci Ut Sagittis Foundation","511-8016 Ante Rd.","910-314-960","ante@montesnasceturridiculus.ca","3177 Tempor Street","A");
INSERT INTO `en_p2m_transportista` (`TraCod`,`TraNom`,`TraApePat`,`TraApeMat`,`TraRazSoc`,`TraNomCom`,`TraDomFis`,`TraTel`,`TraEmail`,`TraDir`,`EstRegCod`) VALUES ("189","Myles","Chen","Cunningham","Diam Proin Incorporated","Risus Nulla Company","247-3279 Mollis St.","914-368-932","diam.lorem@blanditmattis.org","394-4059 Massa. Av.","A");
INSERT INTO `en_p2m_transportista` (`TraCod`,`TraNom`,`TraApePat`,`TraApeMat`,`TraRazSoc`,`TraNomCom`,`TraDomFis`,`TraTel`,`TraEmail`,`TraDir`,`EstRegCod`) VALUES ("190","Noelani","Gallagher","Stone","Fermentum Risus At Corporation","Dui Lectus Institute","502-4125 Mi. St.","370-394-796","non.sollicitudin.a@DonecnibhQuisque.com","8743 Sit Road","A");
INSERT INTO `en_p2m_transportista` (`TraCod`,`TraNom`,`TraApePat`,`TraApeMat`,`TraRazSoc`,`TraNomCom`,`TraDomFis`,`TraTel`,`TraEmail`,`TraDir`,`EstRegCod`) VALUES ("191","Hope","Richard","Rivera","Purus Company","Fringilla LLC","6420 Mi Ave","915-528-583","et.libero.Proin@eu.ca","Ap #290-3570 Tristique Rd.","A");
INSERT INTO `en_p2m_transportista` (`TraCod`,`TraNom`,`TraApePat`,`TraApeMat`,`TraRazSoc`,`TraNomCom`,`TraDomFis`,`TraTel`,`TraEmail`,`TraDir`,`EstRegCod`) VALUES ("192","Sonya","Vargas","Mason","Adipiscing Incorporated","Lacus Quisque Imperdiet Foundation","3517 Sed St.","665-099-884","Vivamus@temporestac.org","P.O. Box 433, 440 Vel Rd.","A");
INSERT INTO `en_p2m_transportista` (`TraCod`,`TraNom`,`TraApePat`,`TraApeMat`,`TraRazSoc`,`TraNomCom`,`TraDomFis`,`TraTel`,`TraEmail`,`TraDir`,`EstRegCod`) VALUES ("193","Victoria","Lloyd","Madden","Tempor Est Ac Inc.","Blandit Nam Nulla Corporation","P.O. Box 650, 2310 Neque. Rd.","041-841-142","est.Nunc.laoreet@diamluctus.net","351-1684 Nunc Street","A");
INSERT INTO `en_p2m_transportista` (`TraCod`,`TraNom`,`TraApePat`,`TraApeMat`,`TraRazSoc`,`TraNomCom`,`TraDomFis`,`TraTel`,`TraEmail`,`TraDir`,`EstRegCod`) VALUES ("194","Kalia","Buckley","Mcmillan","Vivamus Nisi Mauris Foundation","Feugiat Inc.","393-7064 Risus St.","354-060-830","dolor.Quisque.tincidunt@eu.org","P.O. Box 270, 4008 Pede. St.","A");
INSERT INTO `en_p2m_transportista` (`TraCod`,`TraNom`,`TraApePat`,`TraApeMat`,`TraRazSoc`,`TraNomCom`,`TraDomFis`,`TraTel`,`TraEmail`,`TraDir`,`EstRegCod`) VALUES ("195","Jackson","Dalton","Hall","Cursus Nunc Mauris Corporation","Vestibulum Incorporated","Ap #564-5657 Aliquet. Av.","238-049-368","aliquam.iaculis@sitamet.edu","2712 Gravida Road","A");
INSERT INTO `en_p2m_transportista` (`TraCod`,`TraNom`,`TraApePat`,`TraApeMat`,`TraRazSoc`,`TraNomCom`,`TraDomFis`,`TraTel`,`TraEmail`,`TraDir`,`EstRegCod`) VALUES ("196","Camilla","Gonzalez","Wall","Sem Magna Nec LLP","Magna Tellus Incorporated","4400 Quisque Rd.","154-013-614","aliquet.nec@seddolor.ca","7095 Vestibulum St.","A");
INSERT INTO `en_p2m_transportista` (`TraCod`,`TraNom`,`TraApePat`,`TraApeMat`,`TraRazSoc`,`TraNomCom`,`TraDomFis`,`TraTel`,`TraEmail`,`TraDir`,`EstRegCod`) VALUES ("197","Cassady","Rivers","Harper","Aliquet LLP","Enim Mauris Quis Ltd","Ap #477-8319 Justo. Av.","920-428-199","sed@arcuVestibulumut.co.uk","P.O. Box 917, 2609 Non St.","A");
INSERT INTO `en_p2m_transportista` (`TraCod`,`TraNom`,`TraApePat`,`TraApeMat`,`TraRazSoc`,`TraNomCom`,`TraDomFis`,`TraTel`,`TraEmail`,`TraDir`,`EstRegCod`) VALUES ("198","Sade","Sharpe","Harmon","Eu Euismod Industries","Ultrices Duis Volutpat Consulting","P.O. Box 292, 6526 Commodo Av.","557-096-425","erat.Sed@egestasrhoncusProin.org","P.O. Box 976, 2098 Orci, Rd.","A");
INSERT INTO `en_p2m_transportista` (`TraCod`,`TraNom`,`TraApePat`,`TraApeMat`,`TraRazSoc`,`TraNomCom`,`TraDomFis`,`TraTel`,`TraEmail`,`TraDir`,`EstRegCod`) VALUES ("199","Oren","Owen","Hale","Mauris Ut Quam Associates","Sit Amet Institute","Ap #504-9712 Mauris St.","233-084-843","Proin.nisl.sem@Morbiaccumsanlaoreet.edu","3974 Nec Av.","A");
INSERT INTO `en_p2m_transportista` (`TraCod`,`TraNom`,`TraApePat`,`TraApeMat`,`TraRazSoc`,`TraNomCom`,`TraDomFis`,`TraTel`,`TraEmail`,`TraDir`,`EstRegCod`) VALUES ("200","McKenzie","Mason","Bridges","Ante Iaculis Nec Industries","Massa Lobortis PC","P.O. Box 694, 8721 Feugiat Rd.","351-130-238","nec.imperdiet@idanteNunc.ca","Ap #550-218 Volutpat. Ave","A");

COMMIT;

-- -----------------------------------------------------
-- Data for table `episerp`.`en_p2m_documento_transportista`
-- -----------------------------------------------------
START TRANSACTION;
USE `episerp`;
INSERT INTO `en_p2m_documento_transportista` (`TraCod`,`TipDocTraCod`,`DocTraNum`,`EstRegCod`) VALUES ("1",2,"00-1","A");
INSERT INTO `en_p2m_documento_transportista` (`TraCod`,`TipDocTraCod`,`DocTraNum`,`EstRegCod`) VALUES ("2",3,"00-2","A");
INSERT INTO `en_p2m_documento_transportista` (`TraCod`,`TipDocTraCod`,`DocTraNum`,`EstRegCod`) VALUES ("3",3,"00-3","A");
INSERT INTO `en_p2m_documento_transportista` (`TraCod`,`TipDocTraCod`,`DocTraNum`,`EstRegCod`) VALUES ("4",3,"00-4","A");
INSERT INTO `en_p2m_documento_transportista` (`TraCod`,`TipDocTraCod`,`DocTraNum`,`EstRegCod`) VALUES ("5",2,"00-5","A");
INSERT INTO `en_p2m_documento_transportista` (`TraCod`,`TipDocTraCod`,`DocTraNum`,`EstRegCod`) VALUES ("6",1,"00-6","A");
INSERT INTO `en_p2m_documento_transportista` (`TraCod`,`TipDocTraCod`,`DocTraNum`,`EstRegCod`) VALUES ("7",3,"00-7","A");
INSERT INTO `en_p2m_documento_transportista` (`TraCod`,`TipDocTraCod`,`DocTraNum`,`EstRegCod`) VALUES ("8",2,"00-8","A");
INSERT INTO `en_p2m_documento_transportista` (`TraCod`,`TipDocTraCod`,`DocTraNum`,`EstRegCod`) VALUES ("9",2,"00-9","A");
INSERT INTO `en_p2m_documento_transportista` (`TraCod`,`TipDocTraCod`,`DocTraNum`,`EstRegCod`) VALUES ("10",2,"00-10","A");
INSERT INTO `en_p2m_documento_transportista` (`TraCod`,`TipDocTraCod`,`DocTraNum`,`EstRegCod`) VALUES ("11",1,"00-11","A");
INSERT INTO `en_p2m_documento_transportista` (`TraCod`,`TipDocTraCod`,`DocTraNum`,`EstRegCod`) VALUES ("12",2,"00-12","A");
INSERT INTO `en_p2m_documento_transportista` (`TraCod`,`TipDocTraCod`,`DocTraNum`,`EstRegCod`) VALUES ("13",3,"00-13","A");
INSERT INTO `en_p2m_documento_transportista` (`TraCod`,`TipDocTraCod`,`DocTraNum`,`EstRegCod`) VALUES ("14",3,"00-14","A");
INSERT INTO `en_p2m_documento_transportista` (`TraCod`,`TipDocTraCod`,`DocTraNum`,`EstRegCod`) VALUES ("15",1,"00-15","A");
INSERT INTO `en_p2m_documento_transportista` (`TraCod`,`TipDocTraCod`,`DocTraNum`,`EstRegCod`) VALUES ("16",1,"00-16","A");
INSERT INTO `en_p2m_documento_transportista` (`TraCod`,`TipDocTraCod`,`DocTraNum`,`EstRegCod`) VALUES ("17",3,"00-17","A");
INSERT INTO `en_p2m_documento_transportista` (`TraCod`,`TipDocTraCod`,`DocTraNum`,`EstRegCod`) VALUES ("18",3,"00-18","A");
INSERT INTO `en_p2m_documento_transportista` (`TraCod`,`TipDocTraCod`,`DocTraNum`,`EstRegCod`) VALUES ("19",1,"00-19","A");
INSERT INTO `en_p2m_documento_transportista` (`TraCod`,`TipDocTraCod`,`DocTraNum`,`EstRegCod`) VALUES ("20",1,"00-20","A");
INSERT INTO `en_p2m_documento_transportista` (`TraCod`,`TipDocTraCod`,`DocTraNum`,`EstRegCod`) VALUES ("21",1,"00-21","A");
INSERT INTO `en_p2m_documento_transportista` (`TraCod`,`TipDocTraCod`,`DocTraNum`,`EstRegCod`) VALUES ("22",3,"00-22","A");
INSERT INTO `en_p2m_documento_transportista` (`TraCod`,`TipDocTraCod`,`DocTraNum`,`EstRegCod`) VALUES ("23",3,"00-23","A");
INSERT INTO `en_p2m_documento_transportista` (`TraCod`,`TipDocTraCod`,`DocTraNum`,`EstRegCod`) VALUES ("24",3,"00-24","A");
INSERT INTO `en_p2m_documento_transportista` (`TraCod`,`TipDocTraCod`,`DocTraNum`,`EstRegCod`) VALUES ("25",3,"00-25","A");
INSERT INTO `en_p2m_documento_transportista` (`TraCod`,`TipDocTraCod`,`DocTraNum`,`EstRegCod`) VALUES ("26",1,"00-26","A");
INSERT INTO `en_p2m_documento_transportista` (`TraCod`,`TipDocTraCod`,`DocTraNum`,`EstRegCod`) VALUES ("27",3,"00-27","A");
INSERT INTO `en_p2m_documento_transportista` (`TraCod`,`TipDocTraCod`,`DocTraNum`,`EstRegCod`) VALUES ("28",1,"00-28","A");
INSERT INTO `en_p2m_documento_transportista` (`TraCod`,`TipDocTraCod`,`DocTraNum`,`EstRegCod`) VALUES ("29",2,"00-29","A");
INSERT INTO `en_p2m_documento_transportista` (`TraCod`,`TipDocTraCod`,`DocTraNum`,`EstRegCod`) VALUES ("30",3,"00-30","A");
INSERT INTO `en_p2m_documento_transportista` (`TraCod`,`TipDocTraCod`,`DocTraNum`,`EstRegCod`) VALUES ("31",3,"00-31","A");
INSERT INTO `en_p2m_documento_transportista` (`TraCod`,`TipDocTraCod`,`DocTraNum`,`EstRegCod`) VALUES ("32",3,"00-32","A");
INSERT INTO `en_p2m_documento_transportista` (`TraCod`,`TipDocTraCod`,`DocTraNum`,`EstRegCod`) VALUES ("33",3,"00-33","A");
INSERT INTO `en_p2m_documento_transportista` (`TraCod`,`TipDocTraCod`,`DocTraNum`,`EstRegCod`) VALUES ("34",3,"00-34","A");
INSERT INTO `en_p2m_documento_transportista` (`TraCod`,`TipDocTraCod`,`DocTraNum`,`EstRegCod`) VALUES ("35",3,"00-35","A");
INSERT INTO `en_p2m_documento_transportista` (`TraCod`,`TipDocTraCod`,`DocTraNum`,`EstRegCod`) VALUES ("36",3,"00-36","A");
INSERT INTO `en_p2m_documento_transportista` (`TraCod`,`TipDocTraCod`,`DocTraNum`,`EstRegCod`) VALUES ("37",3,"00-37","A");
INSERT INTO `en_p2m_documento_transportista` (`TraCod`,`TipDocTraCod`,`DocTraNum`,`EstRegCod`) VALUES ("38",1,"00-38","A");
INSERT INTO `en_p2m_documento_transportista` (`TraCod`,`TipDocTraCod`,`DocTraNum`,`EstRegCod`) VALUES ("39",1,"00-39","A");
INSERT INTO `en_p2m_documento_transportista` (`TraCod`,`TipDocTraCod`,`DocTraNum`,`EstRegCod`) VALUES ("40",3,"00-40","A");
INSERT INTO `en_p2m_documento_transportista` (`TraCod`,`TipDocTraCod`,`DocTraNum`,`EstRegCod`) VALUES ("41",1,"00-41","A");
INSERT INTO `en_p2m_documento_transportista` (`TraCod`,`TipDocTraCod`,`DocTraNum`,`EstRegCod`) VALUES ("42",3,"00-42","A");
INSERT INTO `en_p2m_documento_transportista` (`TraCod`,`TipDocTraCod`,`DocTraNum`,`EstRegCod`) VALUES ("43",1,"00-43","A");
INSERT INTO `en_p2m_documento_transportista` (`TraCod`,`TipDocTraCod`,`DocTraNum`,`EstRegCod`) VALUES ("44",2,"00-44","A");
INSERT INTO `en_p2m_documento_transportista` (`TraCod`,`TipDocTraCod`,`DocTraNum`,`EstRegCod`) VALUES ("45",1,"00-45","A");
INSERT INTO `en_p2m_documento_transportista` (`TraCod`,`TipDocTraCod`,`DocTraNum`,`EstRegCod`) VALUES ("46",3,"00-46","A");
INSERT INTO `en_p2m_documento_transportista` (`TraCod`,`TipDocTraCod`,`DocTraNum`,`EstRegCod`) VALUES ("47",3,"00-47","A");
INSERT INTO `en_p2m_documento_transportista` (`TraCod`,`TipDocTraCod`,`DocTraNum`,`EstRegCod`) VALUES ("48",2,"00-48","A");
INSERT INTO `en_p2m_documento_transportista` (`TraCod`,`TipDocTraCod`,`DocTraNum`,`EstRegCod`) VALUES ("49",2,"00-49","A");
INSERT INTO `en_p2m_documento_transportista` (`TraCod`,`TipDocTraCod`,`DocTraNum`,`EstRegCod`) VALUES ("50",1,"00-50","A");
INSERT INTO `en_p2m_documento_transportista` (`TraCod`,`TipDocTraCod`,`DocTraNum`,`EstRegCod`) VALUES ("51",3,"00-51","A");
INSERT INTO `en_p2m_documento_transportista` (`TraCod`,`TipDocTraCod`,`DocTraNum`,`EstRegCod`) VALUES ("52",2,"00-52","A");
INSERT INTO `en_p2m_documento_transportista` (`TraCod`,`TipDocTraCod`,`DocTraNum`,`EstRegCod`) VALUES ("53",2,"00-53","A");
INSERT INTO `en_p2m_documento_transportista` (`TraCod`,`TipDocTraCod`,`DocTraNum`,`EstRegCod`) VALUES ("54",1,"00-54","A");
INSERT INTO `en_p2m_documento_transportista` (`TraCod`,`TipDocTraCod`,`DocTraNum`,`EstRegCod`) VALUES ("55",2,"00-55","A");
INSERT INTO `en_p2m_documento_transportista` (`TraCod`,`TipDocTraCod`,`DocTraNum`,`EstRegCod`) VALUES ("56",1,"00-56","A");
INSERT INTO `en_p2m_documento_transportista` (`TraCod`,`TipDocTraCod`,`DocTraNum`,`EstRegCod`) VALUES ("57",3,"00-57","A");
INSERT INTO `en_p2m_documento_transportista` (`TraCod`,`TipDocTraCod`,`DocTraNum`,`EstRegCod`) VALUES ("58",2,"00-58","A");
INSERT INTO `en_p2m_documento_transportista` (`TraCod`,`TipDocTraCod`,`DocTraNum`,`EstRegCod`) VALUES ("59",3,"00-59","A");
INSERT INTO `en_p2m_documento_transportista` (`TraCod`,`TipDocTraCod`,`DocTraNum`,`EstRegCod`) VALUES ("60",3,"00-60","A");
INSERT INTO `en_p2m_documento_transportista` (`TraCod`,`TipDocTraCod`,`DocTraNum`,`EstRegCod`) VALUES ("61",3,"00-61","A");
INSERT INTO `en_p2m_documento_transportista` (`TraCod`,`TipDocTraCod`,`DocTraNum`,`EstRegCod`) VALUES ("62",3,"00-62","A");
INSERT INTO `en_p2m_documento_transportista` (`TraCod`,`TipDocTraCod`,`DocTraNum`,`EstRegCod`) VALUES ("63",3,"00-63","A");
INSERT INTO `en_p2m_documento_transportista` (`TraCod`,`TipDocTraCod`,`DocTraNum`,`EstRegCod`) VALUES ("64",2,"00-64","A");
INSERT INTO `en_p2m_documento_transportista` (`TraCod`,`TipDocTraCod`,`DocTraNum`,`EstRegCod`) VALUES ("65",1,"00-65","A");
INSERT INTO `en_p2m_documento_transportista` (`TraCod`,`TipDocTraCod`,`DocTraNum`,`EstRegCod`) VALUES ("66",1,"00-66","A");
INSERT INTO `en_p2m_documento_transportista` (`TraCod`,`TipDocTraCod`,`DocTraNum`,`EstRegCod`) VALUES ("67",1,"00-67","A");
INSERT INTO `en_p2m_documento_transportista` (`TraCod`,`TipDocTraCod`,`DocTraNum`,`EstRegCod`) VALUES ("68",2,"00-68","A");
INSERT INTO `en_p2m_documento_transportista` (`TraCod`,`TipDocTraCod`,`DocTraNum`,`EstRegCod`) VALUES ("69",2,"00-69","A");
INSERT INTO `en_p2m_documento_transportista` (`TraCod`,`TipDocTraCod`,`DocTraNum`,`EstRegCod`) VALUES ("70",2,"00-70","A");
INSERT INTO `en_p2m_documento_transportista` (`TraCod`,`TipDocTraCod`,`DocTraNum`,`EstRegCod`) VALUES ("71",2,"00-71","A");
INSERT INTO `en_p2m_documento_transportista` (`TraCod`,`TipDocTraCod`,`DocTraNum`,`EstRegCod`) VALUES ("72",2,"00-72","A");
INSERT INTO `en_p2m_documento_transportista` (`TraCod`,`TipDocTraCod`,`DocTraNum`,`EstRegCod`) VALUES ("73",3,"00-73","A");
INSERT INTO `en_p2m_documento_transportista` (`TraCod`,`TipDocTraCod`,`DocTraNum`,`EstRegCod`) VALUES ("74",2,"00-74","A");
INSERT INTO `en_p2m_documento_transportista` (`TraCod`,`TipDocTraCod`,`DocTraNum`,`EstRegCod`) VALUES ("75",1,"00-75","A");
INSERT INTO `en_p2m_documento_transportista` (`TraCod`,`TipDocTraCod`,`DocTraNum`,`EstRegCod`) VALUES ("76",2,"00-76","A");
INSERT INTO `en_p2m_documento_transportista` (`TraCod`,`TipDocTraCod`,`DocTraNum`,`EstRegCod`) VALUES ("77",2,"00-77","A");
INSERT INTO `en_p2m_documento_transportista` (`TraCod`,`TipDocTraCod`,`DocTraNum`,`EstRegCod`) VALUES ("78",2,"00-78","A");
INSERT INTO `en_p2m_documento_transportista` (`TraCod`,`TipDocTraCod`,`DocTraNum`,`EstRegCod`) VALUES ("79",1,"00-79","A");
INSERT INTO `en_p2m_documento_transportista` (`TraCod`,`TipDocTraCod`,`DocTraNum`,`EstRegCod`) VALUES ("80",2,"00-80","A");
INSERT INTO `en_p2m_documento_transportista` (`TraCod`,`TipDocTraCod`,`DocTraNum`,`EstRegCod`) VALUES ("81",3,"00-81","A");
INSERT INTO `en_p2m_documento_transportista` (`TraCod`,`TipDocTraCod`,`DocTraNum`,`EstRegCod`) VALUES ("82",2,"00-82","A");
INSERT INTO `en_p2m_documento_transportista` (`TraCod`,`TipDocTraCod`,`DocTraNum`,`EstRegCod`) VALUES ("83",3,"00-83","A");
INSERT INTO `en_p2m_documento_transportista` (`TraCod`,`TipDocTraCod`,`DocTraNum`,`EstRegCod`) VALUES ("84",3,"00-84","A");
INSERT INTO `en_p2m_documento_transportista` (`TraCod`,`TipDocTraCod`,`DocTraNum`,`EstRegCod`) VALUES ("85",1,"00-85","A");
INSERT INTO `en_p2m_documento_transportista` (`TraCod`,`TipDocTraCod`,`DocTraNum`,`EstRegCod`) VALUES ("86",2,"00-86","A");
INSERT INTO `en_p2m_documento_transportista` (`TraCod`,`TipDocTraCod`,`DocTraNum`,`EstRegCod`) VALUES ("87",3,"00-87","A");
INSERT INTO `en_p2m_documento_transportista` (`TraCod`,`TipDocTraCod`,`DocTraNum`,`EstRegCod`) VALUES ("88",1,"00-88","A");
INSERT INTO `en_p2m_documento_transportista` (`TraCod`,`TipDocTraCod`,`DocTraNum`,`EstRegCod`) VALUES ("89",2,"00-89","A");
INSERT INTO `en_p2m_documento_transportista` (`TraCod`,`TipDocTraCod`,`DocTraNum`,`EstRegCod`) VALUES ("90",2,"00-90","A");
INSERT INTO `en_p2m_documento_transportista` (`TraCod`,`TipDocTraCod`,`DocTraNum`,`EstRegCod`) VALUES ("91",1,"00-91","A");
INSERT INTO `en_p2m_documento_transportista` (`TraCod`,`TipDocTraCod`,`DocTraNum`,`EstRegCod`) VALUES ("92",2,"00-92","A");
INSERT INTO `en_p2m_documento_transportista` (`TraCod`,`TipDocTraCod`,`DocTraNum`,`EstRegCod`) VALUES ("93",3,"00-93","A");
INSERT INTO `en_p2m_documento_transportista` (`TraCod`,`TipDocTraCod`,`DocTraNum`,`EstRegCod`) VALUES ("94",3,"00-94","A");
INSERT INTO `en_p2m_documento_transportista` (`TraCod`,`TipDocTraCod`,`DocTraNum`,`EstRegCod`) VALUES ("95",3,"00-95","A");
INSERT INTO `en_p2m_documento_transportista` (`TraCod`,`TipDocTraCod`,`DocTraNum`,`EstRegCod`) VALUES ("96",1,"00-96","A");
INSERT INTO `en_p2m_documento_transportista` (`TraCod`,`TipDocTraCod`,`DocTraNum`,`EstRegCod`) VALUES ("97",3,"00-97","A");
INSERT INTO `en_p2m_documento_transportista` (`TraCod`,`TipDocTraCod`,`DocTraNum`,`EstRegCod`) VALUES ("98",2,"00-98","A");
INSERT INTO `en_p2m_documento_transportista` (`TraCod`,`TipDocTraCod`,`DocTraNum`,`EstRegCod`) VALUES ("99",1,"00-99","A");
INSERT INTO `en_p2m_documento_transportista` (`TraCod`,`TipDocTraCod`,`DocTraNum`,`EstRegCod`) VALUES ("100",3,"00-100","A");
INSERT INTO `en_p2m_documento_transportista` (`TraCod`,`TipDocTraCod`,`DocTraNum`,`EstRegCod`) VALUES ("101",2,"00-101","A");
INSERT INTO `en_p2m_documento_transportista` (`TraCod`,`TipDocTraCod`,`DocTraNum`,`EstRegCod`) VALUES ("102",1,"00-102","A");
INSERT INTO `en_p2m_documento_transportista` (`TraCod`,`TipDocTraCod`,`DocTraNum`,`EstRegCod`) VALUES ("103",1,"00-103","A");
INSERT INTO `en_p2m_documento_transportista` (`TraCod`,`TipDocTraCod`,`DocTraNum`,`EstRegCod`) VALUES ("104",2,"00-104","A");
INSERT INTO `en_p2m_documento_transportista` (`TraCod`,`TipDocTraCod`,`DocTraNum`,`EstRegCod`) VALUES ("105",2,"00-105","A");
INSERT INTO `en_p2m_documento_transportista` (`TraCod`,`TipDocTraCod`,`DocTraNum`,`EstRegCod`) VALUES ("106",3,"00-106","A");
INSERT INTO `en_p2m_documento_transportista` (`TraCod`,`TipDocTraCod`,`DocTraNum`,`EstRegCod`) VALUES ("107",3,"00-107","A");
INSERT INTO `en_p2m_documento_transportista` (`TraCod`,`TipDocTraCod`,`DocTraNum`,`EstRegCod`) VALUES ("108",1,"00-108","A");
INSERT INTO `en_p2m_documento_transportista` (`TraCod`,`TipDocTraCod`,`DocTraNum`,`EstRegCod`) VALUES ("109",2,"00-109","A");
INSERT INTO `en_p2m_documento_transportista` (`TraCod`,`TipDocTraCod`,`DocTraNum`,`EstRegCod`) VALUES ("110",2,"00-110","A");
INSERT INTO `en_p2m_documento_transportista` (`TraCod`,`TipDocTraCod`,`DocTraNum`,`EstRegCod`) VALUES ("111",1,"00-111","A");
INSERT INTO `en_p2m_documento_transportista` (`TraCod`,`TipDocTraCod`,`DocTraNum`,`EstRegCod`) VALUES ("112",3,"00-112","A");
INSERT INTO `en_p2m_documento_transportista` (`TraCod`,`TipDocTraCod`,`DocTraNum`,`EstRegCod`) VALUES ("113",3,"00-113","A");
INSERT INTO `en_p2m_documento_transportista` (`TraCod`,`TipDocTraCod`,`DocTraNum`,`EstRegCod`) VALUES ("114",3,"00-114","A");
INSERT INTO `en_p2m_documento_transportista` (`TraCod`,`TipDocTraCod`,`DocTraNum`,`EstRegCod`) VALUES ("115",2,"00-115","A");
INSERT INTO `en_p2m_documento_transportista` (`TraCod`,`TipDocTraCod`,`DocTraNum`,`EstRegCod`) VALUES ("116",2,"00-116","A");
INSERT INTO `en_p2m_documento_transportista` (`TraCod`,`TipDocTraCod`,`DocTraNum`,`EstRegCod`) VALUES ("117",3,"00-117","A");
INSERT INTO `en_p2m_documento_transportista` (`TraCod`,`TipDocTraCod`,`DocTraNum`,`EstRegCod`) VALUES ("118",1,"00-118","A");
INSERT INTO `en_p2m_documento_transportista` (`TraCod`,`TipDocTraCod`,`DocTraNum`,`EstRegCod`) VALUES ("119",2,"00-119","A");
INSERT INTO `en_p2m_documento_transportista` (`TraCod`,`TipDocTraCod`,`DocTraNum`,`EstRegCod`) VALUES ("120",2,"00-120","A");
INSERT INTO `en_p2m_documento_transportista` (`TraCod`,`TipDocTraCod`,`DocTraNum`,`EstRegCod`) VALUES ("121",3,"00-121","A");
INSERT INTO `en_p2m_documento_transportista` (`TraCod`,`TipDocTraCod`,`DocTraNum`,`EstRegCod`) VALUES ("122",3,"00-122","A");
INSERT INTO `en_p2m_documento_transportista` (`TraCod`,`TipDocTraCod`,`DocTraNum`,`EstRegCod`) VALUES ("123",2,"00-123","A");
INSERT INTO `en_p2m_documento_transportista` (`TraCod`,`TipDocTraCod`,`DocTraNum`,`EstRegCod`) VALUES ("124",1,"00-124","A");
INSERT INTO `en_p2m_documento_transportista` (`TraCod`,`TipDocTraCod`,`DocTraNum`,`EstRegCod`) VALUES ("125",1,"00-125","A");
INSERT INTO `en_p2m_documento_transportista` (`TraCod`,`TipDocTraCod`,`DocTraNum`,`EstRegCod`) VALUES ("126",1,"00-126","A");
INSERT INTO `en_p2m_documento_transportista` (`TraCod`,`TipDocTraCod`,`DocTraNum`,`EstRegCod`) VALUES ("127",3,"00-127","A");
INSERT INTO `en_p2m_documento_transportista` (`TraCod`,`TipDocTraCod`,`DocTraNum`,`EstRegCod`) VALUES ("128",1,"00-128","A");
INSERT INTO `en_p2m_documento_transportista` (`TraCod`,`TipDocTraCod`,`DocTraNum`,`EstRegCod`) VALUES ("129",3,"00-129","A");
INSERT INTO `en_p2m_documento_transportista` (`TraCod`,`TipDocTraCod`,`DocTraNum`,`EstRegCod`) VALUES ("130",3,"00-130","A");
INSERT INTO `en_p2m_documento_transportista` (`TraCod`,`TipDocTraCod`,`DocTraNum`,`EstRegCod`) VALUES ("131",3,"00-131","A");
INSERT INTO `en_p2m_documento_transportista` (`TraCod`,`TipDocTraCod`,`DocTraNum`,`EstRegCod`) VALUES ("132",2,"00-132","A");
INSERT INTO `en_p2m_documento_transportista` (`TraCod`,`TipDocTraCod`,`DocTraNum`,`EstRegCod`) VALUES ("133",3,"00-133","A");
INSERT INTO `en_p2m_documento_transportista` (`TraCod`,`TipDocTraCod`,`DocTraNum`,`EstRegCod`) VALUES ("134",1,"00-134","A");
INSERT INTO `en_p2m_documento_transportista` (`TraCod`,`TipDocTraCod`,`DocTraNum`,`EstRegCod`) VALUES ("135",2,"00-135","A");
INSERT INTO `en_p2m_documento_transportista` (`TraCod`,`TipDocTraCod`,`DocTraNum`,`EstRegCod`) VALUES ("136",1,"00-136","A");
INSERT INTO `en_p2m_documento_transportista` (`TraCod`,`TipDocTraCod`,`DocTraNum`,`EstRegCod`) VALUES ("137",3,"00-137","A");
INSERT INTO `en_p2m_documento_transportista` (`TraCod`,`TipDocTraCod`,`DocTraNum`,`EstRegCod`) VALUES ("138",3,"00-138","A");
INSERT INTO `en_p2m_documento_transportista` (`TraCod`,`TipDocTraCod`,`DocTraNum`,`EstRegCod`) VALUES ("139",1,"00-139","A");
INSERT INTO `en_p2m_documento_transportista` (`TraCod`,`TipDocTraCod`,`DocTraNum`,`EstRegCod`) VALUES ("140",3,"00-140","A");
INSERT INTO `en_p2m_documento_transportista` (`TraCod`,`TipDocTraCod`,`DocTraNum`,`EstRegCod`) VALUES ("141",3,"00-141","A");
INSERT INTO `en_p2m_documento_transportista` (`TraCod`,`TipDocTraCod`,`DocTraNum`,`EstRegCod`) VALUES ("142",3,"00-142","A");
INSERT INTO `en_p2m_documento_transportista` (`TraCod`,`TipDocTraCod`,`DocTraNum`,`EstRegCod`) VALUES ("143",3,"00-143","A");
INSERT INTO `en_p2m_documento_transportista` (`TraCod`,`TipDocTraCod`,`DocTraNum`,`EstRegCod`) VALUES ("144",2,"00-144","A");
INSERT INTO `en_p2m_documento_transportista` (`TraCod`,`TipDocTraCod`,`DocTraNum`,`EstRegCod`) VALUES ("145",3,"00-145","A");
INSERT INTO `en_p2m_documento_transportista` (`TraCod`,`TipDocTraCod`,`DocTraNum`,`EstRegCod`) VALUES ("146",3,"00-146","A");
INSERT INTO `en_p2m_documento_transportista` (`TraCod`,`TipDocTraCod`,`DocTraNum`,`EstRegCod`) VALUES ("147",3,"00-147","A");
INSERT INTO `en_p2m_documento_transportista` (`TraCod`,`TipDocTraCod`,`DocTraNum`,`EstRegCod`) VALUES ("148",1,"00-148","A");
INSERT INTO `en_p2m_documento_transportista` (`TraCod`,`TipDocTraCod`,`DocTraNum`,`EstRegCod`) VALUES ("149",3,"00-149","A");
INSERT INTO `en_p2m_documento_transportista` (`TraCod`,`TipDocTraCod`,`DocTraNum`,`EstRegCod`) VALUES ("150",1,"00-150","A");
INSERT INTO `en_p2m_documento_transportista` (`TraCod`,`TipDocTraCod`,`DocTraNum`,`EstRegCod`) VALUES ("151",1,"00-151","A");
INSERT INTO `en_p2m_documento_transportista` (`TraCod`,`TipDocTraCod`,`DocTraNum`,`EstRegCod`) VALUES ("152",1,"00-152","A");
INSERT INTO `en_p2m_documento_transportista` (`TraCod`,`TipDocTraCod`,`DocTraNum`,`EstRegCod`) VALUES ("153",1,"00-153","A");
INSERT INTO `en_p2m_documento_transportista` (`TraCod`,`TipDocTraCod`,`DocTraNum`,`EstRegCod`) VALUES ("154",2,"00-154","A");
INSERT INTO `en_p2m_documento_transportista` (`TraCod`,`TipDocTraCod`,`DocTraNum`,`EstRegCod`) VALUES ("155",1,"00-155","A");
INSERT INTO `en_p2m_documento_transportista` (`TraCod`,`TipDocTraCod`,`DocTraNum`,`EstRegCod`) VALUES ("156",2,"00-156","A");
INSERT INTO `en_p2m_documento_transportista` (`TraCod`,`TipDocTraCod`,`DocTraNum`,`EstRegCod`) VALUES ("157",2,"00-157","A");
INSERT INTO `en_p2m_documento_transportista` (`TraCod`,`TipDocTraCod`,`DocTraNum`,`EstRegCod`) VALUES ("158",3,"00-158","A");
INSERT INTO `en_p2m_documento_transportista` (`TraCod`,`TipDocTraCod`,`DocTraNum`,`EstRegCod`) VALUES ("159",1,"00-159","A");
INSERT INTO `en_p2m_documento_transportista` (`TraCod`,`TipDocTraCod`,`DocTraNum`,`EstRegCod`) VALUES ("160",3,"00-160","A");
INSERT INTO `en_p2m_documento_transportista` (`TraCod`,`TipDocTraCod`,`DocTraNum`,`EstRegCod`) VALUES ("161",1,"00-161","A");
INSERT INTO `en_p2m_documento_transportista` (`TraCod`,`TipDocTraCod`,`DocTraNum`,`EstRegCod`) VALUES ("162",3,"00-162","A");
INSERT INTO `en_p2m_documento_transportista` (`TraCod`,`TipDocTraCod`,`DocTraNum`,`EstRegCod`) VALUES ("163",2,"00-163","A");
INSERT INTO `en_p2m_documento_transportista` (`TraCod`,`TipDocTraCod`,`DocTraNum`,`EstRegCod`) VALUES ("164",3,"00-164","A");
INSERT INTO `en_p2m_documento_transportista` (`TraCod`,`TipDocTraCod`,`DocTraNum`,`EstRegCod`) VALUES ("165",1,"00-165","A");
INSERT INTO `en_p2m_documento_transportista` (`TraCod`,`TipDocTraCod`,`DocTraNum`,`EstRegCod`) VALUES ("166",1,"00-166","A");
INSERT INTO `en_p2m_documento_transportista` (`TraCod`,`TipDocTraCod`,`DocTraNum`,`EstRegCod`) VALUES ("167",2,"00-167","A");
INSERT INTO `en_p2m_documento_transportista` (`TraCod`,`TipDocTraCod`,`DocTraNum`,`EstRegCod`) VALUES ("168",3,"00-168","A");
INSERT INTO `en_p2m_documento_transportista` (`TraCod`,`TipDocTraCod`,`DocTraNum`,`EstRegCod`) VALUES ("169",2,"00-169","A");
INSERT INTO `en_p2m_documento_transportista` (`TraCod`,`TipDocTraCod`,`DocTraNum`,`EstRegCod`) VALUES ("170",3,"00-170","A");
INSERT INTO `en_p2m_documento_transportista` (`TraCod`,`TipDocTraCod`,`DocTraNum`,`EstRegCod`) VALUES ("171",1,"00-171","A");
INSERT INTO `en_p2m_documento_transportista` (`TraCod`,`TipDocTraCod`,`DocTraNum`,`EstRegCod`) VALUES ("172",2,"00-172","A");
INSERT INTO `en_p2m_documento_transportista` (`TraCod`,`TipDocTraCod`,`DocTraNum`,`EstRegCod`) VALUES ("173",2,"00-173","A");
INSERT INTO `en_p2m_documento_transportista` (`TraCod`,`TipDocTraCod`,`DocTraNum`,`EstRegCod`) VALUES ("174",2,"00-174","A");
INSERT INTO `en_p2m_documento_transportista` (`TraCod`,`TipDocTraCod`,`DocTraNum`,`EstRegCod`) VALUES ("175",1,"00-175","A");
INSERT INTO `en_p2m_documento_transportista` (`TraCod`,`TipDocTraCod`,`DocTraNum`,`EstRegCod`) VALUES ("176",1,"00-176","A");
INSERT INTO `en_p2m_documento_transportista` (`TraCod`,`TipDocTraCod`,`DocTraNum`,`EstRegCod`) VALUES ("177",1,"00-177","A");
INSERT INTO `en_p2m_documento_transportista` (`TraCod`,`TipDocTraCod`,`DocTraNum`,`EstRegCod`) VALUES ("178",2,"00-178","A");
INSERT INTO `en_p2m_documento_transportista` (`TraCod`,`TipDocTraCod`,`DocTraNum`,`EstRegCod`) VALUES ("179",3,"00-179","A");
INSERT INTO `en_p2m_documento_transportista` (`TraCod`,`TipDocTraCod`,`DocTraNum`,`EstRegCod`) VALUES ("180",2,"00-180","A");
INSERT INTO `en_p2m_documento_transportista` (`TraCod`,`TipDocTraCod`,`DocTraNum`,`EstRegCod`) VALUES ("181",3,"00-181","A");
INSERT INTO `en_p2m_documento_transportista` (`TraCod`,`TipDocTraCod`,`DocTraNum`,`EstRegCod`) VALUES ("182",3,"00-182","A");
INSERT INTO `en_p2m_documento_transportista` (`TraCod`,`TipDocTraCod`,`DocTraNum`,`EstRegCod`) VALUES ("183",1,"00-183","A");
INSERT INTO `en_p2m_documento_transportista` (`TraCod`,`TipDocTraCod`,`DocTraNum`,`EstRegCod`) VALUES ("184",3,"00-184","A");
INSERT INTO `en_p2m_documento_transportista` (`TraCod`,`TipDocTraCod`,`DocTraNum`,`EstRegCod`) VALUES ("185",1,"00-185","A");
INSERT INTO `en_p2m_documento_transportista` (`TraCod`,`TipDocTraCod`,`DocTraNum`,`EstRegCod`) VALUES ("186",1,"00-186","A");
INSERT INTO `en_p2m_documento_transportista` (`TraCod`,`TipDocTraCod`,`DocTraNum`,`EstRegCod`) VALUES ("187",2,"00-187","A");
INSERT INTO `en_p2m_documento_transportista` (`TraCod`,`TipDocTraCod`,`DocTraNum`,`EstRegCod`) VALUES ("188",1,"00-188","A");
INSERT INTO `en_p2m_documento_transportista` (`TraCod`,`TipDocTraCod`,`DocTraNum`,`EstRegCod`) VALUES ("189",1,"00-189","A");
INSERT INTO `en_p2m_documento_transportista` (`TraCod`,`TipDocTraCod`,`DocTraNum`,`EstRegCod`) VALUES ("190",3,"00-190","A");
INSERT INTO `en_p2m_documento_transportista` (`TraCod`,`TipDocTraCod`,`DocTraNum`,`EstRegCod`) VALUES ("191",3,"00-191","A");
INSERT INTO `en_p2m_documento_transportista` (`TraCod`,`TipDocTraCod`,`DocTraNum`,`EstRegCod`) VALUES ("192",3,"00-192","A");
INSERT INTO `en_p2m_documento_transportista` (`TraCod`,`TipDocTraCod`,`DocTraNum`,`EstRegCod`) VALUES ("193",3,"00-193","A");
INSERT INTO `en_p2m_documento_transportista` (`TraCod`,`TipDocTraCod`,`DocTraNum`,`EstRegCod`) VALUES ("194",1,"00-194","A");
INSERT INTO `en_p2m_documento_transportista` (`TraCod`,`TipDocTraCod`,`DocTraNum`,`EstRegCod`) VALUES ("195",3,"00-195","A");
INSERT INTO `en_p2m_documento_transportista` (`TraCod`,`TipDocTraCod`,`DocTraNum`,`EstRegCod`) VALUES ("196",2,"00-196","A");
INSERT INTO `en_p2m_documento_transportista` (`TraCod`,`TipDocTraCod`,`DocTraNum`,`EstRegCod`) VALUES ("197",1,"00-197","A");
INSERT INTO `en_p2m_documento_transportista` (`TraCod`,`TipDocTraCod`,`DocTraNum`,`EstRegCod`) VALUES ("198",3,"00-198","A");
INSERT INTO `en_p2m_documento_transportista` (`TraCod`,`TipDocTraCod`,`DocTraNum`,`EstRegCod`) VALUES ("199",2,"00-199","A");
INSERT INTO `en_p2m_documento_transportista` (`TraCod`,`TipDocTraCod`,`DocTraNum`,`EstRegCod`) VALUES ("200",2,"00-200","A");


COMMIT;

-- -----------------------------------------------------
-- Data for table `episerp`.`en_p1m_empresa`
-- -----------------------------------------------------
START TRANSACTION;
USE `episerp`;
INSERT INTO `en_p1m_empresa` (`EmpCod`,`EmpRazSoc`,`EmpNomCom`,`EmpDomFis`,`EmpDes`,`EmpDir`,`EmpTel`,`EmpEmail`,`EmpIGV`,`EmpTipCamCom`,`EmpTipCamVen`,`EmpRUC`,`EmpLot`,`EmpImgURL`) VALUES (2,"Amet Company","Rutrum Institute","P.O. Box 739, 8802 Auctor. Av.","Ninguna","P.O. Box 726, 2750 Elit Av.","(389) 01-2280","gravida.Praesent@disparturient.ca",19,12,13,"57733020499",2,"Crestor"),(3,"Vivamus Nisi LLC","Arcu Aliquam Ltd","Ap #306-9657 Nec, Ave","Ninguna","Ap #254-6721 Aliquet Rd.","(518) 53-4236","sed@CrasinterdumNunc.com",19,13,11,"65245964599",3,"Prednisone"),(4,"At Velit Cras Corporation","Porttitor Vulputate Foundation","9780 Sed Rd.","Ninguna","731-2531 Maecenas St.","(112) 08-0254","Pellentesque.habitant.morbi@at.com",19,15,14,"88207288999",4,"Klor-Con M20"),(5,"Semper Tellus Consulting","Sem Magna Institute","Ap #714-3248 Donec St.","Ninguna","406-4486 Sed Ave","(664) 49-0426","Nulla.dignissim.Maecenas@Donecfelis.ca",19,15,18,"94608674199",5,"Furosemide");
INSERT INTO `en_p1m_empresa` (`EmpCod`,`EmpRazSoc`,`EmpNomCom`,`EmpDomFis`,`EmpDes`,`EmpDir`,`EmpTel`,`EmpEmail`,`EmpIGV`,`EmpTipCamCom`,`EmpTipCamVen`,`EmpRUC`,`EmpLot`,`EmpImgURL`) VALUES (6,"Ridiculus Mus Proin Institute","Amet Lorem Inc.","1989 Donec Ave","Ninguna","9499 Sed Road","(635) 78-0285","ornare@magnaCras.com",19,18,17,"50409225199",6,"Hydrocodone/APAP"),(7,"Iaculis Nec Eleifend Ltd","Vulputate Mauris Inc.","P.O. Box 365, 3737 Lobortis Rd.","Ninguna","P.O. Box 938, 7950 Urna Av.","(356) 14-9854","vitae.erat@Integereu.co.uk",19,20,18,"27442478099",7,"Zyprexa"),(8,"Justo Ltd","Convallis Erat Corporation","P.O. Box 869, 8078 Phasellus Rd.","Ninguna","263-1458 Mus. Avenue","(278) 58-9754","pharetra@ipsumcursus.ca",19,15,18,"92401770299",8,"Fluoxetine HCl"),(9,"Accumsan Neque Industries","Quisque Ltd","3156 Turpis Avenue","Ninguna","Ap #333-9474 Consectetuer, Avenue","(777) 92-9394","non@auctorvelit.com",19,17,12,"72438122099",9,"Lisinopril"),(10,"Eros PC","Mauris Foundation","493-9042 Litora Rd.","Ninguna","6115 Cursus, Avenue","(291) 23-1218","a.sollicitudin.orci@mauris.com",19,13,12,"18206194599",10,"Klor-Con M20");
INSERT INTO `en_p1m_empresa` (`EmpCod`,`EmpRazSoc`,`EmpNomCom`,`EmpDomFis`,`EmpDes`,`EmpDir`,`EmpTel`,`EmpEmail`,`EmpIGV`,`EmpTipCamCom`,`EmpTipCamVen`,`EmpRUC`,`EmpLot`,`EmpImgURL`) VALUES (11,"Orci Luctus Foundation","Eu Inc.","911-8718 Et Street","Ninguna","1069 Nunc Avenue","(485) 93-7070","orci.tincidunt.adipiscing@pedeetrisus.com",19,16,16,"22718300499",11,"Nasonex"),(12,"Lorem Institute","Eget Ipsum Inc.","7319 Fringilla. Street","Ninguna","6893 Sit Av.","(801) 10-4089","imperdiet.ornare.In@risusodioauctor.com",19,20,20,"19538049499",12,"Namenda"),(13,"Id Inc.","Est LLP","Ap #926-7123 Dapibus Rd.","Ninguna","P.O. Box 443, 8642 Odio Road","(522) 62-3088","vitae@semmolestie.net",19,15,12,"92517865499",13,"Hydrocodone/APAP"),(14,"Sit Amet LLP","Auctor Vitae Aliquet Limited","443-7985 Enim. Rd.","Ninguna","8117 Neque. Rd.","(389) 67-0350","nec@orciluctus.com",19,15,12,"16755054599",14,"Amoxicillin Trihydrate/Potassium Clavulanate"),(15,"Aliquam Fringilla Cursus Industries","Mollis Institute","238-8494 Arcu. Road","Ninguna","P.O. Box 887, 2386 Quam Rd.","(642) 68-5811","sem.semper.erat@egettincidunt.ca",19,19,17,"64460606999",15,"Diazepam");
INSERT INTO `en_p1m_empresa` (`EmpCod`,`EmpRazSoc`,`EmpNomCom`,`EmpDomFis`,`EmpDes`,`EmpDir`,`EmpTel`,`EmpEmail`,`EmpIGV`,`EmpTipCamCom`,`EmpTipCamVen`,`EmpRUC`,`EmpLot`,`EmpImgURL`) VALUES (16,"Elit Company","Sagittis Semper Nam Incorporated","637-2119 In Road","Ninguna","1514 Nunc. Street","(835) 70-7878","Curabitur.egestas@Proin.com",19,13,11,"83848748599",16,"Hydrocodone/APAP"),(17,"Eget Consulting","A Arcu Sed Incorporated","308-6765 Mauris Rd.","Ninguna","P.O. Box 856, 7179 Id Avenue","(813) 82-7253","posuere@eratEtiam.co.uk",19,17,16,"90749306899",17,"Amoxicillin"),(18,"Quis Institute","Mollis Duis Corp.","402-6215 Sollicitudin St.","Ninguna","P.O. Box 828, 4896 Parturient Avenue","(291) 12-2518","facilisis@luctusvulputate.edu",19,15,13,"84343424099",18,"TriNessa"),(19,"Pharetra Nam Ltd","Sit Amet Associates","2689 Lacus. Road","Ninguna","481-6017 Tortor Rd.","(574) 05-0399","Duis@Ut.net",19,15,20,"58970312199",19,"Prednisone"),(20,"Odio Auctor Vitae PC","Magna Malesuada Corp.","3898 Turpis. Ave","Ninguna","486-5590 Ornare. Ave","(464) 05-8671","id.libero.Donec@lobortisultricesVivamus.org",19,16,19,"81994268299",20,"Atenolol");
INSERT INTO `en_p1m_empresa` (`EmpCod`,`EmpRazSoc`,`EmpNomCom`,`EmpDomFis`,`EmpDes`,`EmpDir`,`EmpTel`,`EmpEmail`,`EmpIGV`,`EmpTipCamCom`,`EmpTipCamVen`,`EmpRUC`,`EmpLot`,`EmpImgURL`) VALUES (21,"Mus Aenean Eget LLP","Vehicula Risus Nulla PC","P.O. Box 533, 5002 Sociis St.","Ninguna","927-2608 Ut Road","(564) 74-1469","molestie@Maurisutquam.net",19,18,19,"33665426299",21,"Zyprexa"),(22,"Ac Mattis Ornare Consulting","Dis Parturient Foundation","P.O. Box 834, 1785 Dolor. Avenue","Ninguna","6529 Nibh Av.","(257) 74-9527","nec@velitduisemper.co.uk",19,17,18,"13556450199",22,"Simvastatin"),(23,"Ultrices Posuere LLP","Venenatis Inc.","237-591 Ultrices Ave","Ninguna","497-2645 Purus Ave","(668) 26-4382","vitae@malesuada.edu",19,12,14,"31294812299",23,"Ibuprofen (Rx)"),(24,"Montes Nascetur Ridiculus Associates","Feugiat Limited","P.O. Box 964, 1400 Elit, Rd.","Ninguna","P.O. Box 627, 6682 Gravida Avenue","(204) 05-8294","urna.et@gravidanunc.ca",19,12,18,"45433443899",24,"Metoprolol Tartrate "),(25,"Dis Parturient Company","Eget Corp.","Ap #873-6039 Arcu. Road","Ninguna","Ap #876-3385 In Rd.","(576) 54-6602","Nunc.ac.sem@egestas.net",19,18,15,"47693881499",25,"Amphetamine Salts");
INSERT INTO `en_p1m_empresa` (`EmpCod`,`EmpRazSoc`,`EmpNomCom`,`EmpDomFis`,`EmpDes`,`EmpDir`,`EmpTel`,`EmpEmail`,`EmpIGV`,`EmpTipCamCom`,`EmpTipCamVen`,`EmpRUC`,`EmpLot`,`EmpImgURL`) VALUES (26,"Vulputate Risus Inc.","Neque Tellus Imperdiet Consulting","P.O. Box 493, 4156 Sit Avenue","Ninguna","P.O. Box 146, 9980 Scelerisque St.","(784) 29-2018","iaculis.quis@fermentumarcu.net",19,18,13,"53298250699",26,"Alprazolam"),(27,"Nunc Sit Associates","Diam Incorporated","P.O. Box 638, 874 Sed, Ave","Ninguna","106-4780 Molestie Rd.","(502) 16-5835","enim.sit@sodalesatvelit.com",19,19,18,"91543749599",27,"Lisinopril"),(28,"Iaculis Ltd","Tellus Phasellus Ltd","Ap #474-184 A, St.","Ninguna","P.O. Box 254, 3717 Arcu. Avenue","(866) 46-0621","In@nec.co.uk",19,15,12,"51430702899",28,"Loestrin 24 Fe"),(29,"Scelerisque Sed Sapien Institute","Risus Limited","8551 Quisque Ave","Ninguna","Ap #575-3196 Ante St.","(332) 15-2904","arcu.imperdiet@laciniaorci.ca",19,20,20,"33291990099",29,"Diovan"),(30,"Mi Limited","Egestas Hendrerit PC","P.O. Box 980, 5561 Libero Avenue","Ninguna","528-7957 Gravida Rd.","(709) 86-9596","tincidunt.nibh.Phasellus@necante.org",19,17,16,"27800590099",30,"Metformin HCl");
INSERT INTO `en_p1m_empresa` (`EmpCod`,`EmpRazSoc`,`EmpNomCom`,`EmpDomFis`,`EmpDes`,`EmpDir`,`EmpTel`,`EmpEmail`,`EmpIGV`,`EmpTipCamCom`,`EmpTipCamVen`,`EmpRUC`,`EmpLot`,`EmpImgURL`) VALUES (31,"Tincidunt Neque Vitae LLC","Non Ante Bibendum Incorporated","113 Risus. Av.","Ninguna","5458 Ut Ave","(364) 08-4321","sit@etultrices.ca",19,17,11,"88614391299",31,"Simvastatin"),(32,"Montes LLC","Dolor Nonummy Ac Consulting","P.O. Box 319, 7007 Rutrum St.","Ninguna","643-9427 In, Rd.","(952) 02-9094","vel.mauris@eleifendnon.net",19,18,12,"26228874699",32,"Levaquin"),(33,"Vitae Associates","Sit LLP","Ap #787-8056 Ut Av.","Ninguna","P.O. Box 937, 7755 Libero. St.","(277) 21-0376","pulvinar@magnaseddui.ca",19,12,14,"97468347299",33,"Cephalexin"),(34,"Lacus Quisque Corp.","Aliquet Consulting","P.O. Box 751, 8256 Condimentum Rd.","Ninguna","P.O. Box 875, 642 Purus, St.","(236) 37-9612","Donec@sed.org",19,15,20,"54543636999",34,"Nexium"),(35,"Facilisis Institute","Urna Nunc Quis Inc.","P.O. Box 929, 4258 Convallis Ave","Ninguna","8490 A, Av.","(374) 51-2732","risus.odio.auctor@bibendumDonecfelis.ca",19,19,16,"28694391799",35,"Ciprofloxacin HCl");
INSERT INTO `en_p1m_empresa` (`EmpCod`,`EmpRazSoc`,`EmpNomCom`,`EmpDomFis`,`EmpDes`,`EmpDir`,`EmpTel`,`EmpEmail`,`EmpIGV`,`EmpTipCamCom`,`EmpTipCamVen`,`EmpRUC`,`EmpLot`,`EmpImgURL`) VALUES (36,"Consectetuer Adipiscing Elit Institute","Ante Iaculis Foundation","P.O. Box 534, 4974 Ligula Rd.","Ninguna","Ap #533-6116 Fusce St.","(702) 23-5646","sed.tortor.Integer@luctusutpellentesque.org",19,11,12,"04472317899",36,"Omeprazole (Rx)"),(37,"Ridiculus Mus Proin Foundation","Tempor Bibendum Donec PC","420-6746 A, Street","Ninguna","Ap #405-1982 Curabitur St.","(957) 92-2698","tellus@Suspendissesed.org",19,11,16,"12213607899",37,"Amoxicillin Trihydrate/Potassium Clavulanate"),(38,"Ullamcorper Limited","A LLP","P.O. Box 475, 2532 Orci Road","Ninguna","2395 Natoque Rd.","(941) 04-8324","risus.varius.orci@parturientmontes.edu",19,12,14,"51722173899",38,"Namenda"),(39,"Consectetuer Adipiscing LLP","Ornare Egestas Incorporated","Ap #384-7508 Ligula Ave","Ninguna","Ap #697-2521 Donec Ave","(457) 69-8016","non@aliquamadipiscing.co.uk",19,15,13,"94615119299",39,"Premarin"),(40,"Mollis Lectus Corp.","Lacus Varius Corp.","Ap #932-1641 Arcu. St.","Ninguna","P.O. Box 910, 679 Donec St.","(215) 79-5256","accumsan.interdum@euismod.org",19,18,18,"14967673899",40,"Cephalexin");
INSERT INTO `en_p1m_empresa` (`EmpCod`,`EmpRazSoc`,`EmpNomCom`,`EmpDomFis`,`EmpDes`,`EmpDir`,`EmpTel`,`EmpEmail`,`EmpIGV`,`EmpTipCamCom`,`EmpTipCamVen`,`EmpRUC`,`EmpLot`,`EmpImgURL`) VALUES (41,"Sed Sem Egestas LLP","Sociis Company","P.O. Box 578, 4150 Ornare, St.","Ninguna","P.O. Box 732, 1273 Montes, Ave","(476) 63-0921","nibh.Donec@netus.ca",19,18,17,"94315226399",41,"Lyrica"),(42,"Vestibulum Ut Eros Consulting","Semper Erat Corporation","P.O. Box 278, 6650 Faucibus Road","Ninguna","231-9660 Dapibus Rd.","(529) 20-0353","tempus.mauris@loremac.com",19,15,13,"55201560799",42,"Suboxone"),(43,"Praesent Interdum Limited","Ut Sagittis LLC","P.O. Box 470, 6881 Enim, Road","Ninguna","Ap #574-3221 Elit Rd.","(135) 52-0301","gravida.mauris@Aliquam.com",19,12,17,"97524166099",43,"Fluconazole"),(44,"Malesuada Id Institute","Non Nisi Institute","Ap #835-6600 Tincidunt Rd.","Ninguna","193-1620 Metus. St.","(131) 87-0403","quam.quis@urnajustofaucibus.ca",19,18,14,"98660415399",44,"Fluoxetine HCl"),(45,"Erat Vitae Risus Incorporated","Vitae Associates","P.O. Box 157, 4997 Venenatis Rd.","Ninguna","113 Tincidunt, St.","(189) 23-2872","est.ac@CuraePhasellus.org",19,14,16,"71317830499",45,"Vyvanse");
INSERT INTO `en_p1m_empresa` (`EmpCod`,`EmpRazSoc`,`EmpNomCom`,`EmpDomFis`,`EmpDes`,`EmpDir`,`EmpTel`,`EmpEmail`,`EmpIGV`,`EmpTipCamCom`,`EmpTipCamVen`,`EmpRUC`,`EmpLot`,`EmpImgURL`) VALUES (46,"Lorem Luctus Ut Associates","Enim Industries","P.O. Box 410, 8875 Urna. Rd.","Ninguna","7833 Aliquet Ave","(154) 67-1135","Praesent.interdum@ornare.ca",19,13,20,"83685984599",46,"TriNessa"),(47,"Feugiat Non Foundation","Consequat Consulting","Ap #160-9291 Etiam Rd.","Ninguna","303-5352 Ridiculus Av.","(950) 00-9004","imperdiet.ornare@incursuset.ca",19,13,19,"49358843699",47,"Lyrica"),(48,"Elementum Dui Quis Incorporated","Sem Egestas Blandit PC","395-5309 Libero. Rd.","Ninguna","8011 A St.","(637) 15-3841","Cras.dolor@nasceturridiculus.com",19,15,14,"41681628899",48,"Metoprolol Succinate"),(49,"Vel Convallis In Consulting","Eu Company","4196 Libero Ave","Ninguna","725-2122 Malesuada Avenue","(100) 86-1481","metus.vitae@justo.ca",19,17,11,"45934286599",49,"Potassium Chloride"),(50,"Ullamcorper Duis Foundation","Eleifend Non Dapibus Ltd","195-966 Diam Ave","Ninguna","430-9606 Phasellus Rd.","(842) 44-2528","vel.arcu.Curabitur@sedest.edu",19,16,13,"66547717899",50,"Namenda");
INSERT INTO `en_p1m_empresa` (`EmpCod`,`EmpRazSoc`,`EmpNomCom`,`EmpDomFis`,`EmpDes`,`EmpDir`,`EmpTel`,`EmpEmail`,`EmpIGV`,`EmpTipCamCom`,`EmpTipCamVen`,`EmpRUC`,`EmpLot`,`EmpImgURL`) VALUES (51,"Molestie LLC","Eu Euismod Ac Inc.","870-427 Sit Avenue","Ninguna","5558 Id Rd.","(259) 52-9908","pede.sagittis@feugiatnon.net",19,15,15,"51654021499",51,"Sertraline HCl"),(52,"Nisi Corporation","Aenean Sed Pede Corp.","P.O. Box 390, 3999 Et Street","Ninguna","535-8902 Quisque Av.","(910) 14-0511","nulla.Cras.eu@necurna.ca",19,20,20,"17366421899",52,"Singulair"),(53,"Fusce Feugiat PC","Tempus Non PC","6614 Diam Rd.","Ninguna","P.O. Box 974, 6861 Ante, Street","(221) 71-0932","sed.turpis.nec@Integeraliquamadipiscing.com",19,18,19,"68943455599",53,"Tamsulosin HCl"),(54,"Et Corporation","Amet Company","Ap #852-2289 Consectetuer St.","Ninguna","P.O. Box 924, 5959 Auctor, Av.","(395) 87-6576","ipsum.dolor@luctusipsum.co.uk",19,17,15,"93332404999",54,"Gianvi"),(55,"Interdum Nunc Company","Neque Vitae Semper LLC","267-1416 Donec Rd.","Ninguna","5767 Orci. St.","(357) 19-6337","vel.convallis@magnisdis.edu",19,12,14,"91974277099",55,"Prednisone");
INSERT INTO `en_p1m_empresa` (`EmpCod`,`EmpRazSoc`,`EmpNomCom`,`EmpDomFis`,`EmpDes`,`EmpDir`,`EmpTel`,`EmpEmail`,`EmpIGV`,`EmpTipCamCom`,`EmpTipCamVen`,`EmpRUC`,`EmpLot`,`EmpImgURL`) VALUES (56,"Rutrum Magna Company","Mi Enim PC","562-9659 Elementum Rd.","Ninguna","P.O. Box 377, 4284 Lorem, St.","(663) 99-6623","euismod.ac.fermentum@arcuMorbisit.co.uk",19,19,14,"99368125099",56,"Amoxicillin"),(57,"A Ultricies Corporation","Dui Quis PC","P.O. Box 490, 3670 Felis Rd.","Ninguna","P.O. Box 222, 299 Lacus. Ave","(876) 30-3769","ipsum.Suspendisse.sagittis@tellusSuspendissesed.ca",19,12,12,"98562831199",57,"Hydrocodone/APAP"),(58,"A Scelerisque Sed Inc.","Posuere Enim Limited","4258 Nec, Av.","Ninguna","Ap #360-8341 Interdum. Rd.","(849) 20-4904","metus.urna.convallis@estcongue.com",19,13,17,"04727855499",58,"Levoxyl"),(59,"Placerat Eget Venenatis Incorporated","Eu Odio Phasellus Industries","440-9821 Faucibus Avenue","Ninguna","9067 Vel Street","(152) 67-7201","sed.dictum.eleifend@lobortistellus.edu",19,15,11,"35476616399",59,"Fluticasone Propionate"),(60,"Eros Nam Consequat Institute","Tempus Limited","Ap #782-637 Facilisis. Ave","Ninguna","3624 Egestas Rd.","(475) 18-4960","sit.amet@lectussitamet.edu",19,18,18,"97541361399",60,"Simvastatin");
INSERT INTO `en_p1m_empresa` (`EmpCod`,`EmpRazSoc`,`EmpNomCom`,`EmpDomFis`,`EmpDes`,`EmpDir`,`EmpTel`,`EmpEmail`,`EmpIGV`,`EmpTipCamCom`,`EmpTipCamVen`,`EmpRUC`,`EmpLot`,`EmpImgURL`) VALUES (61,"Tortor Ltd","Pede Ltd","555-9248 Arcu. Road","Ninguna","267-4113 Pharetra Av.","(518) 49-6030","sociosqu.ad.litora@enim.ca",19,15,19,"59850813799",61,"Celebrex"),(62,"Diam Incorporated","Eros Company","119 Dolor Street","Ninguna","Ap #856-5926 Lorem Av.","(119) 91-9548","accumsan.interdum.libero@elementumategestas.com",19,20,17,"00642088999",62,"Tramadol HCl"),(63,"Eget Laoreet Ltd","Sociis Natoque Limited","P.O. Box 234, 4526 Eu, Street","Ninguna","Ap #135-3163 Ornare St.","(558) 94-3338","non.dui@Fuscedolorquam.edu",19,18,16,"19587247099",63,"Metoprolol Succinate"),(64,"Arcu Vestibulum Ante LLC","Netus Et Malesuada Limited","P.O. Box 275, 6959 Lacus. St.","Ninguna","9864 Cras Rd.","(637) 43-2031","velit.Pellentesque@tortorIntegeraliquam.com",19,13,17,"41251422399",64,"Zolpidem Tartrate"),(65,"Cras Vehicula Aliquet Incorporated","Nunc Nulla Institute","P.O. Box 989, 587 Ac Street","Ninguna","949-5894 Elementum Rd.","(135) 28-9281","sapien.imperdiet.ornare@telluslorem.net",19,12,13,"97712394899",65,"Nexium");
INSERT INTO `en_p1m_empresa` (`EmpCod`,`EmpRazSoc`,`EmpNomCom`,`EmpDomFis`,`EmpDes`,`EmpDir`,`EmpTel`,`EmpEmail`,`EmpIGV`,`EmpTipCamCom`,`EmpTipCamVen`,`EmpRUC`,`EmpLot`,`EmpImgURL`) VALUES (66,"Egestas Lacinia Sed Limited","Et Inc.","P.O. Box 828, 5158 Sed Street","Ninguna","161-8928 Felis Avenue","(478) 01-0709","elit@tortornibh.ca",19,16,18,"20331486999",66,"Amlodipine Besylate"),(67,"Mauris Erat Eget PC","Fusce Fermentum Fermentum Industries","812-3225 Vel Road","Ninguna","106-3715 Ut Street","(500) 15-2289","nibh.Donec.est@vitae.com",19,14,20,"94494470899",67,"Paroxetine HCl"),(68,"Scelerisque Sed Inc.","Ut Nisi LLC","152 Ligula. Rd.","Ninguna","P.O. Box 953, 6073 Sem Av.","(526) 19-2351","pede@Aeneaneget.edu",19,16,16,"01424255399",68,"Metformin HCl"),(69,"Mi Aliquam Gravida Institute","Tincidunt Neque LLP","3353 Vulputate, Av.","Ninguna","234-2745 Blandit. Avenue","(204) 04-7734","sagittis.Nullam.vitae@velitjustonec.edu",19,20,17,"72561307899",69,"Citalopram HBR"),(70,"A Neque Incorporated","Tellus Sem Limited","Ap #114-4443 Eu, Av.","Ninguna","P.O. Box 854, 2725 Cubilia Av.","(554) 67-7161","elit.Curabitur.sed@quamPellentesquehabitant.edu",19,16,18,"39707280399",70,"Suboxone");
INSERT INTO `en_p1m_empresa` (`EmpCod`,`EmpRazSoc`,`EmpNomCom`,`EmpDomFis`,`EmpDes`,`EmpDir`,`EmpTel`,`EmpEmail`,`EmpIGV`,`EmpTipCamCom`,`EmpTipCamVen`,`EmpRUC`,`EmpLot`,`EmpImgURL`) VALUES (71,"Aliquam Tincidunt Nunc Inc.","Nec Leo PC","4002 Elementum Av.","Ninguna","Ap #125-7370 Sagittis. St.","(368) 97-5461","ac.turpis.egestas@CraspellentesqueSed.com",19,18,12,"44571135599",71,"Simvastatin"),(72,"Aliquet Corporation","Ante Associates","P.O. Box 104, 7798 Orci. Avenue","Ninguna","935-9322 Sit Av.","(707) 27-1111","ultrices.sit@penatibusetmagnis.org",19,14,14,"45222559299",72,"Losartan Potassium"),(73,"Consectetuer Ipsum Nunc Company","Nec Quam Curabitur LLC","Ap #738-6682 Nisi Street","Ninguna","P.O. Box 196, 4997 Nec St.","(401) 91-0453","sed@Aliquamfringilla.co.uk",19,19,17,"49776594299",73,"Lovaza"),(74,"Non Vestibulum Nec PC","Ornare Ltd","Ap #833-311 Luctus St.","Ninguna","1557 Odio. Av.","(447) 14-9720","Vivamus.molestie@ultrices.org",19,12,12,"99866226099",74,"Azithromycin"),(75,"Elit Pretium LLC","Bibendum Fermentum Inc.","P.O. Box 660, 8711 Tortor Ave","Ninguna","Ap #264-9500 Varius St.","(165) 30-3019","Vivamus.non.lorem@metusIn.ca",19,14,17,"43252175499",75,"Sulfamethoxazole/Trimethoprim");
INSERT INTO `en_p1m_empresa` (`EmpCod`,`EmpRazSoc`,`EmpNomCom`,`EmpDomFis`,`EmpDes`,`EmpDir`,`EmpTel`,`EmpEmail`,`EmpIGV`,`EmpTipCamCom`,`EmpTipCamVen`,`EmpRUC`,`EmpLot`,`EmpImgURL`) VALUES (76,"Mauris Corp.","Non Company","5984 Ornare, Rd.","Ninguna","9403 Eget St.","(750) 00-4072","accumsan.interdum@pedeetrisus.org",19,19,14,"71271911299",76,"Simvastatin"),(77,"Molestie Pharetra Associates","Massa Quisque Porttitor Inc.","317-6589 Ante. Street","Ninguna","3709 Vulputate Road","(548) 34-2311","lobortis@nuncsitamet.edu",19,18,15,"65663687799",77,"Lorazepam"),(78,"Nunc Sed Pede LLP","Aliquam LLP","6149 Erat. Street","Ninguna","510 Proin Rd.","(629) 87-2077","hendrerit@aliquameuaccumsan.org",19,16,11,"27460783699",78,"Clonazepam"),(79,"Metus Aliquam Ltd","Eget Company","725 Pede, Rd.","Ninguna","872-9383 Adipiscing Ave","(538) 24-5157","Morbi@velitCraslorem.net",19,11,13,"29794250499",79,"Prednisone"),(80,"Elit LLC","Non PC","921-9307 Lobortis, Street","Ninguna","7262 Ultrices Road","(575) 52-5595","Nullam@duiCum.ca",19,20,11,"37333214499",80,"Lovaza");
INSERT INTO `en_p1m_empresa` (`EmpCod`,`EmpRazSoc`,`EmpNomCom`,`EmpDomFis`,`EmpDes`,`EmpDir`,`EmpTel`,`EmpEmail`,`EmpIGV`,`EmpTipCamCom`,`EmpTipCamVen`,`EmpRUC`,`EmpLot`,`EmpImgURL`) VALUES (81,"Nunc Id Incorporated","Venenatis Vel Corp.","279-5844 Praesent Rd.","Ninguna","Ap #640-1536 Luctus Avenue","(198) 35-1100","Fusce.aliquam.enim@dapibusgravidaAliquam.ca",19,11,16,"56537088699",81,"Venlafaxine HCl ER"),(82,"Lacus Quisque Imperdiet Consulting","Nec Associates","448-4290 Montes, Rd.","Ninguna","3129 Dapibus Road","(140) 83-1604","auctor.Mauris.vel@tellus.ca",19,20,14,"33639136899",82,"Cephalexin"),(83,"Nisi A Odio LLP","Purus Mauris A Corporation","Ap #425-5727 Nulla Av.","Ninguna","634-7944 Lectus. Av.","(899) 23-0504","varius.et@tellusNunc.edu",19,14,19,"09205294499",83,"Azithromycin"),(84,"Ullamcorper Duis Company","Tempor Corp.","5941 Faucibus Street","Ninguna","328-1556 In Rd.","(767) 04-3849","interdum.feugiat@feugiatnec.com",19,11,20,"81497537199",84,"Oxycodone/APAP"),(85,"Phasellus PC","Vel Vulputate Eu Foundation","P.O. Box 325, 9479 Sagittis Av.","Ninguna","659-8260 Eget Av.","(676) 03-1783","amet.nulla.Donec@dolor.ca",19,13,12,"51816093299",85,"Trazodone HCl");
INSERT INTO `en_p1m_empresa` (`EmpCod`,`EmpRazSoc`,`EmpNomCom`,`EmpDomFis`,`EmpDes`,`EmpDir`,`EmpTel`,`EmpEmail`,`EmpIGV`,`EmpTipCamCom`,`EmpTipCamVen`,`EmpRUC`,`EmpLot`,`EmpImgURL`) VALUES (86,"In Corporation","Ipsum Foundation","P.O. Box 264, 3813 Enim Street","Ninguna","3510 Enim Street","(404) 49-6634","pede.sagittis@egestaslaciniaSed.net",19,12,18,"38618083999",86,"Alprazolam"),(87,"Mauris Vel Turpis LLP","Suspendisse Non Institute","P.O. Box 371, 6805 Iaculis Rd.","Ninguna","P.O. Box 115, 2546 Sed Rd.","(590) 08-8939","dignissim.pharetra@Donecconsectetuermauris.ca",19,17,13,"53572613299",87,"Lidoderm"),(88,"Eu Consulting","Est Ac Facilisis Ltd","Ap #383-1000 Non, Av.","Ninguna","6836 Non St.","(820) 92-4420","Nulla.tincidunt.neque@dictumsapienAenean.ca",19,12,19,"72647205199",88,"Synthroid"),(89,"Donec Porttitor Tellus Consulting","Proin Velit Sed Industries","P.O. Box 940, 3496 At Avenue","Ninguna","Ap #218-5812 Sed, St.","(537) 32-4850","ante.lectus@ProinmiAliquam.co.uk",19,14,17,"66958253299",89,"Premarin"),(90,"Lobortis Ultrices Vivamus Institute","Nullam Velit Limited","325-8380 Nulla. Rd.","Ninguna","435-2487 Eget Road","(896) 72-4034","Proin.sed.turpis@erosNamconsequat.net",19,19,13,"58777698999",90,"Lorazepam");
INSERT INTO `en_p1m_empresa` (`EmpCod`,`EmpRazSoc`,`EmpNomCom`,`EmpDomFis`,`EmpDes`,`EmpDir`,`EmpTel`,`EmpEmail`,`EmpIGV`,`EmpTipCamCom`,`EmpTipCamVen`,`EmpRUC`,`EmpLot`,`EmpImgURL`) VALUES (91,"Non Leo Limited","Aliquam Auctor Velit Inc.","4603 Faucibus St.","Ninguna","P.O. Box 397, 5501 Lacus. Rd.","(888) 31-5665","Sed.et@ipsum.ca",19,12,12,"92990464199",91,"Omeprazole (Rx)"),(92,"Tristique Pharetra Company","In Nec Orci Incorporated","6090 Ligula Rd.","Ninguna","P.O. Box 247, 3093 Vel Rd.","(137) 49-7447","Cras@vestibulum.edu",19,13,12,"29324641599",92,"Alprazolam"),(93,"Nunc Sed Pede Incorporated","Sed LLP","Ap #539-226 Non Av.","Ninguna","981-7628 Libero Ave","(449) 57-9765","nonummy.ac@egetvenenatis.co.uk",19,16,12,"80370154999",93,"Trazodone HCl"),(94,"Id Ante LLP","Diam Duis Mi Incorporated","220-5500 Neque. Road","Ninguna","360-1212 Duis St.","(837) 58-8430","velit.Aliquam@gravidamaurisut.com",19,16,15,"12308784099",94,"Alprazolam"),(95,"Dapibus Corp.","Ut Dolor Dapibus PC","Ap #121-4016 Eget Road","Ninguna","Ap #924-3546 Nibh. St.","(454) 66-0113","sollicitudin.commodo@et.org",19,17,16,"48954731599",95,"Zolpidem Tartrate");
INSERT INTO `en_p1m_empresa` (`EmpCod`,`EmpRazSoc`,`EmpNomCom`,`EmpDomFis`,`EmpDes`,`EmpDir`,`EmpTel`,`EmpEmail`,`EmpIGV`,`EmpTipCamCom`,`EmpTipCamVen`,`EmpRUC`,`EmpLot`,`EmpImgURL`) VALUES (96,"Interdum Nunc Sollicitudin Corporation","Mauris Rhoncus Id Associates","666-5100 Eros Rd.","Ninguna","1803 Donec St.","(500) 04-1771","mauris.sagittis@tellus.co.uk",19,17,19,"24336453099",96,"Amoxicillin"),(97,"Sed LLP","Vehicula Associates","Ap #480-5045 Fringilla Road","Ninguna","486-8173 Mauris Road","(778) 97-1545","lacus.varius@ipsumdolor.net",19,18,11,"21219202899",97,"Lisinopril"),(98,"Augue Malesuada Malesuada PC","Mauris Morbi Institute","Ap #459-302 Et Street","Ninguna","7609 Accumsan St.","(471) 77-4436","fringilla@etliberoProin.edu",19,20,18,"45264573799",98,"Lorazepam"),(99,"Neque Incorporated","Mollis Duis Sit LLC","2601 Suspendisse Rd.","Ninguna","P.O. Box 271, 1904 Sagittis Road","(644) 04-6381","ultrices.Duis.volutpat@Phasellusvitaemauris.net",19,19,12,"69669551599",99,"Advair Diskus"),(100,"Vitae Mauris Sit Inc.","Maecenas Iaculis Corporation","Ap #864-8676 Ultrices. Rd.","Ninguna","P.O. Box 339, 6647 Vestibulum Street","(138) 75-5643","leo.elementum@Donec.net",19,11,20,"85325949199",100,"Diovan");

COMMIT;


-- -----------------------------------------------------
-- Data for table `episerp`.`en_p2m_guia_rem_transportista`
-- -----------------------------------------------------
START TRANSACTION;
USE `episerp`;

INSERT INTO `en_p2m_guia_rem_transportista` (`GuiRemTraNum`,`GuiRemTraDen`,`TraCod`,`UniTraCod`,`EmpCod`,`GuiRemTraNumReg`,`TipDesCod`,`GuiRemTraDes`,`EstRegCod`) VALUES ("101","GUÍA DE REMISIÓN -TRANSPORTISTA","78","2",79,"402940-6826",1,"Velit","A");
INSERT INTO `en_p2m_guia_rem_transportista` (`GuiRemTraNum`,`GuiRemTraDen`,`TraCod`,`UniTraCod`,`EmpCod`,`GuiRemTraNumReg`,`TipDesCod`,`GuiRemTraDes`,`EstRegCod`) VALUES ("102","GUÍA DE REMISIÓN -TRANSPORTISTA","33","75",57,"683850-1440",3,"Corp.","A");
INSERT INTO `en_p2m_guia_rem_transportista` (`GuiRemTraNum`,`GuiRemTraDen`,`TraCod`,`UniTraCod`,`EmpCod`,`GuiRemTraNumReg`,`TipDesCod`,`GuiRemTraDes`,`EstRegCod`) VALUES ("103","GUÍA DE REMISIÓN -TRANSPORTISTA","136","62",99,"133179-3107",2,"Nascetur","A");
INSERT INTO `en_p2m_guia_rem_transportista` (`GuiRemTraNum`,`GuiRemTraDen`,`TraCod`,`UniTraCod`,`EmpCod`,`GuiRemTraNumReg`,`TipDesCod`,`GuiRemTraDes`,`EstRegCod`) VALUES ("104","GUÍA DE REMISIÓN -TRANSPORTISTA","84","7",65,"209447-0115",2,"Diam","A");
INSERT INTO `en_p2m_guia_rem_transportista` (`GuiRemTraNum`,`GuiRemTraDen`,`TraCod`,`UniTraCod`,`EmpCod`,`GuiRemTraNumReg`,`TipDesCod`,`GuiRemTraDes`,`EstRegCod`) VALUES ("105","GUÍA DE REMISIÓN -TRANSPORTISTA","1","84",24,"917190-1979",3,"Inc.","A");
INSERT INTO `en_p2m_guia_rem_transportista` (`GuiRemTraNum`,`GuiRemTraDen`,`TraCod`,`UniTraCod`,`EmpCod`,`GuiRemTraNumReg`,`TipDesCod`,`GuiRemTraDes`,`EstRegCod`) VALUES ("106","GUÍA DE REMISIÓN -TRANSPORTISTA","126","53",64,"006373-9478",1,"Fusce","A");
INSERT INTO `en_p2m_guia_rem_transportista` (`GuiRemTraNum`,`GuiRemTraDen`,`TraCod`,`UniTraCod`,`EmpCod`,`GuiRemTraNumReg`,`TipDesCod`,`GuiRemTraDes`,`EstRegCod`) VALUES ("107","GUÍA DE REMISIÓN -TRANSPORTISTA","187","75",8,"665476-5269",3,"Scele","A");
INSERT INTO `en_p2m_guia_rem_transportista` (`GuiRemTraNum`,`GuiRemTraDen`,`TraCod`,`UniTraCod`,`EmpCod`,`GuiRemTraNumReg`,`TipDesCod`,`GuiRemTraDes`,`EstRegCod`) VALUES ("108","GUÍA DE REMISIÓN -TRANSPORTISTA","183","34",58,"102883-5583",2,"Ultris","A");
INSERT INTO `en_p2m_guia_rem_transportista` (`GuiRemTraNum`,`GuiRemTraDen`,`TraCod`,`UniTraCod`,`EmpCod`,`GuiRemTraNumReg`,`TipDesCod`,`GuiRemTraDes`,`EstRegCod`) VALUES ("109","GUÍA DE REMISIÓN -TRANSPORTISTA","35","51",92,"903027-3933",1,"Pulnar","A");
INSERT INTO `en_p2m_guia_rem_transportista` (`GuiRemTraNum`,`GuiRemTraDen`,`TraCod`,`UniTraCod`,`EmpCod`,`GuiRemTraNumReg`,`TipDesCod`,`GuiRemTraDes`,`EstRegCod`) VALUES ("110","GUÍA DE REMISIÓN -TRANSPORTISTA","141","68",43,"257365-8461",1,"Ruum L","A");
INSERT INTO `en_p2m_guia_rem_transportista` (`GuiRemTraNum`,`GuiRemTraDen`,`TraCod`,`UniTraCod`,`EmpCod`,`GuiRemTraNumReg`,`TipDesCod`,`GuiRemTraDes`,`EstRegCod`) VALUES ("111","GUÍA DE REMISIÓN -TRANSPORTISTA","133","15",8,"647984-2244",1,"SitLC","A");
INSERT INTO `en_p2m_guia_rem_transportista` (`GuiRemTraNum`,`GuiRemTraDen`,`TraCod`,`UniTraCod`,`EmpCod`,`GuiRemTraNumReg`,`TipDesCod`,`GuiRemTraDes`,`EstRegCod`) VALUES ("112","GUÍA DE REMISIÓN -TRANSPORTISTA","178","10",44,"956566-9562",3,"Rutrum ","A");
INSERT INTO `en_p2m_guia_rem_transportista` (`GuiRemTraNum`,`GuiRemTraDen`,`TraCod`,`UniTraCod`,`EmpCod`,`GuiRemTraNumReg`,`TipDesCod`,`GuiRemTraDes`,`EstRegCod`) VALUES ("113","GUÍA DE REMISIÓN -TRANSPORTISTA","141","50",23,"888536-9101",3,"Ultrices ","A");
INSERT INTO `en_p2m_guia_rem_transportista` (`GuiRemTraNum`,`GuiRemTraDen`,`TraCod`,`UniTraCod`,`EmpCod`,`GuiRemTraNumReg`,`TipDesCod`,`GuiRemTraDes`,`EstRegCod`) VALUES ("114","GUÍA DE REMISIÓN -TRANSPORTISTA","17","31",80,"086324-2103",1,"Consulting","A");
INSERT INTO `en_p2m_guia_rem_transportista` (`GuiRemTraNum`,`GuiRemTraDen`,`TraCod`,`UniTraCod`,`EmpCod`,`GuiRemTraNumReg`,`TipDesCod`,`GuiRemTraDes`,`EstRegCod`) VALUES ("115","GUÍA DE REMISIÓN -TRANSPORTISTA","21","74",68,"279391-3035",2,"Dolor","A");
INSERT INTO `en_p2m_guia_rem_transportista` (`GuiRemTraNum`,`GuiRemTraDen`,`TraCod`,`UniTraCod`,`EmpCod`,`GuiRemTraNumReg`,`TipDesCod`,`GuiRemTraDes`,`EstRegCod`) VALUES ("116","GUÍA DE REMISIÓN -TRANSPORTISTA","49","25",23,"332181-8902",1,"Industries","A");
INSERT INTO `en_p2m_guia_rem_transportista` (`GuiRemTraNum`,`GuiRemTraDen`,`TraCod`,`UniTraCod`,`EmpCod`,`GuiRemTraNumReg`,`TipDesCod`,`GuiRemTraDes`,`EstRegCod`) VALUES ("117","GUÍA DE REMISIÓN -TRANSPORTISTA","38","19",60,"389018-2839",1,"Limited","A");
INSERT INTO `en_p2m_guia_rem_transportista` (`GuiRemTraNum`,`GuiRemTraDen`,`TraCod`,`UniTraCod`,`EmpCod`,`GuiRemTraNumReg`,`TipDesCod`,`GuiRemTraDes`,`EstRegCod`) VALUES ("118","GUÍA DE REMISIÓN -TRANSPORTISTA","46","92",49,"438762-7849",3,"Dolor","A");
INSERT INTO `en_p2m_guia_rem_transportista` (`GuiRemTraNum`,`GuiRemTraDen`,`TraCod`,`UniTraCod`,`EmpCod`,`GuiRemTraNumReg`,`TipDesCod`,`GuiRemTraDes`,`EstRegCod`) VALUES ("119","GUÍA DE REMISIÓN -TRANSPORTISTA","196","28",80,"674457-2626",3,"Eget","A");
INSERT INTO `en_p2m_guia_rem_transportista` (`GuiRemTraNum`,`GuiRemTraDen`,`TraCod`,`UniTraCod`,`EmpCod`,`GuiRemTraNumReg`,`TipDesCod`,`GuiRemTraDes`,`EstRegCod`) VALUES ("120","GUÍA DE REMISIÓN -TRANSPORTISTA","106","75",83,"456770-1893",1,"Inc.","A");
INSERT INTO `en_p2m_guia_rem_transportista` (`GuiRemTraNum`,`GuiRemTraDen`,`TraCod`,`UniTraCod`,`EmpCod`,`GuiRemTraNumReg`,`TipDesCod`,`GuiRemTraDes`,`EstRegCod`) VALUES ("121","GUÍA DE REMISIÓN -TRANSPORTISTA","56","63",65,"537634-6820",3,"Corp.","A");
INSERT INTO `en_p2m_guia_rem_transportista` (`GuiRemTraNum`,`GuiRemTraDen`,`TraCod`,`UniTraCod`,`EmpCod`,`GuiRemTraNumReg`,`TipDesCod`,`GuiRemTraDes`,`EstRegCod`) VALUES ("122","GUÍA DE REMISIÓN -TRANSPORTISTA","194","67",27,"719931-0298",2,"Ut PC","A");
INSERT INTO `en_p2m_guia_rem_transportista` (`GuiRemTraNum`,`GuiRemTraDen`,`TraCod`,`UniTraCod`,`EmpCod`,`GuiRemTraNumReg`,`TipDesCod`,`GuiRemTraDes`,`EstRegCod`) VALUES ("123","GUÍA DE REMISIÓN -TRANSPORTISTA","45","75",43,"125537-1393",1,"Corporation","A");
INSERT INTO `en_p2m_guia_rem_transportista` (`GuiRemTraNum`,`GuiRemTraDen`,`TraCod`,`UniTraCod`,`EmpCod`,`GuiRemTraNumReg`,`TipDesCod`,`GuiRemTraDes`,`EstRegCod`) VALUES ("124","GUÍA DE REMISIÓN -TRANSPORTISTA","49","91",10,"874190-2426",1,"Ac PC","A");
INSERT INTO `en_p2m_guia_rem_transportista` (`GuiRemTraNum`,`GuiRemTraDen`,`TraCod`,`UniTraCod`,`EmpCod`,`GuiRemTraNumReg`,`TipDesCod`,`GuiRemTraDes`,`EstRegCod`) VALUES ("125","GUÍA DE REMISIÓN -TRANSPORTISTA","162","68",65,"812967-5677",3,"Elit","A");
INSERT INTO `en_p2m_guia_rem_transportista` (`GuiRemTraNum`,`GuiRemTraDen`,`TraCod`,`UniTraCod`,`EmpCod`,`GuiRemTraNumReg`,`TipDesCod`,`GuiRemTraDes`,`EstRegCod`) VALUES ("126","GUÍA DE REMISIÓN -TRANSPORTISTA","173","51",12,"616859-2498",1,"Cursus LLC","A");
INSERT INTO `en_p2m_guia_rem_transportista` (`GuiRemTraNum`,`GuiRemTraDen`,`TraCod`,`UniTraCod`,`EmpCod`,`GuiRemTraNumReg`,`TipDesCod`,`GuiRemTraDes`,`EstRegCod`) VALUES ("127","GUÍA DE REMISIÓN -TRANSPORTISTA","73","58",7,"144338-0728",3,"Sit","A");
INSERT INTO `en_p2m_guia_rem_transportista` (`GuiRemTraNum`,`GuiRemTraDen`,`TraCod`,`UniTraCod`,`EmpCod`,`GuiRemTraNumReg`,`TipDesCod`,`GuiRemTraDes`,`EstRegCod`) VALUES ("128","GUÍA DE REMISIÓN -TRANSPORTISTA","2","89",43,"266507-2027",3,"Faucibus","A");
INSERT INTO `en_p2m_guia_rem_transportista` (`GuiRemTraNum`,`GuiRemTraDen`,`TraCod`,`UniTraCod`,`EmpCod`,`GuiRemTraNumReg`,`TipDesCod`,`GuiRemTraDes`,`EstRegCod`) VALUES ("129","GUÍA DE REMISIÓN -TRANSPORTISTA","70","7",41,"607914-6848",2,"Erat","A");
INSERT INTO `en_p2m_guia_rem_transportista` (`GuiRemTraNum`,`GuiRemTraDen`,`TraCod`,`UniTraCod`,`EmpCod`,`GuiRemTraNumReg`,`TipDesCod`,`GuiRemTraDes`,`EstRegCod`) VALUES ("130","GUÍA DE REMISIÓN -TRANSPORTISTA","168","23",88,"529940-3948",3,"Inc.","A");
INSERT INTO `en_p2m_guia_rem_transportista` (`GuiRemTraNum`,`GuiRemTraDen`,`TraCod`,`UniTraCod`,`EmpCod`,`GuiRemTraNumReg`,`TipDesCod`,`GuiRemTraDes`,`EstRegCod`) VALUES ("131","GUÍA DE REMISIÓN -TRANSPORTISTA","95","62",20,"918125-0367",3,"Curabitur","A");
INSERT INTO `en_p2m_guia_rem_transportista` (`GuiRemTraNum`,`GuiRemTraDen`,`TraCod`,`UniTraCod`,`EmpCod`,`GuiRemTraNumReg`,`TipDesCod`,`GuiRemTraDes`,`EstRegCod`) VALUES ("132","GUÍA DE REMISIÓN -TRANSPORTISTA","159","24",20,"397972-3941",1,"Neque","A");
INSERT INTO `en_p2m_guia_rem_transportista` (`GuiRemTraNum`,`GuiRemTraDen`,`TraCod`,`UniTraCod`,`EmpCod`,`GuiRemTraNumReg`,`TipDesCod`,`GuiRemTraDes`,`EstRegCod`) VALUES ("133","GUÍA DE REMISIÓN -TRANSPORTISTA","82","28",35,"553263-4267",1,"Praesent","A");
INSERT INTO `en_p2m_guia_rem_transportista` (`GuiRemTraNum`,`GuiRemTraDen`,`TraCod`,`UniTraCod`,`EmpCod`,`GuiRemTraNumReg`,`TipDesCod`,`GuiRemTraDes`,`EstRegCod`) VALUES ("134","GUÍA DE REMISIÓN -TRANSPORTISTA","27","52",88,"649644-6466",1,"Consulting","A");
INSERT INTO `en_p2m_guia_rem_transportista` (`GuiRemTraNum`,`GuiRemTraDen`,`TraCod`,`UniTraCod`,`EmpCod`,`GuiRemTraNumReg`,`TipDesCod`,`GuiRemTraDes`,`EstRegCod`) VALUES ("135","GUÍA DE REMISIÓN -TRANSPORTISTA","177","58",66,"167335-9160",2,"Metus","A");
INSERT INTO `en_p2m_guia_rem_transportista` (`GuiRemTraNum`,`GuiRemTraDen`,`TraCod`,`UniTraCod`,`EmpCod`,`GuiRemTraNumReg`,`TipDesCod`,`GuiRemTraDes`,`EstRegCod`) VALUES ("136","GUÍA DE REMISIÓN -TRANSPORTISTA","42","58",54,"156252-3165",2,"Odio A","A");
INSERT INTO `en_p2m_guia_rem_transportista` (`GuiRemTraNum`,`GuiRemTraDen`,`TraCod`,`UniTraCod`,`EmpCod`,`GuiRemTraNumReg`,`TipDesCod`,`GuiRemTraDes`,`EstRegCod`) VALUES ("137","GUÍA DE REMISIÓN -TRANSPORTISTA","52","50",93,"257755-7883",2,"Consulting","A");
INSERT INTO `en_p2m_guia_rem_transportista` (`GuiRemTraNum`,`GuiRemTraDen`,`TraCod`,`UniTraCod`,`EmpCod`,`GuiRemTraNumReg`,`TipDesCod`,`GuiRemTraDes`,`EstRegCod`) VALUES ("138","GUÍA DE REMISIÓN -TRANSPORTISTA","183","68",70,"928065-2448",3,"LLP","A");
INSERT INTO `en_p2m_guia_rem_transportista` (`GuiRemTraNum`,`GuiRemTraDen`,`TraCod`,`UniTraCod`,`EmpCod`,`GuiRemTraNumReg`,`TipDesCod`,`GuiRemTraDes`,`EstRegCod`) VALUES ("139","GUÍA DE REMISIÓN -TRANSPORTISTA","188","99",6,"858558-1278",2,"LLC","A");
INSERT INTO `en_p2m_guia_rem_transportista` (`GuiRemTraNum`,`GuiRemTraDen`,`TraCod`,`UniTraCod`,`EmpCod`,`GuiRemTraNumReg`,`TipDesCod`,`GuiRemTraDes`,`EstRegCod`) VALUES ("140","GUÍA DE REMISIÓN -TRANSPORTISTA","46","64",9,"443604-5399",1,"Semper","A");
INSERT INTO `en_p2m_guia_rem_transportista` (`GuiRemTraNum`,`GuiRemTraDen`,`TraCod`,`UniTraCod`,`EmpCod`,`GuiRemTraNumReg`,`TipDesCod`,`GuiRemTraDes`,`EstRegCod`) VALUES ("141","GUÍA DE REMISIÓN -TRANSPORTISTA","85","26",83,"769729-8144",3,"Cursus","A");
INSERT INTO `en_p2m_guia_rem_transportista` (`GuiRemTraNum`,`GuiRemTraDen`,`TraCod`,`UniTraCod`,`EmpCod`,`GuiRemTraNumReg`,`TipDesCod`,`GuiRemTraDes`,`EstRegCod`) VALUES ("142","GUÍA DE REMISIÓN -TRANSPORTISTA","180","63",47,"974716-8210",1,"Nibh","A");

COMMIT;


-- -----------------------------------------------------
-- Data for table `episerp`.`en_p2m_guia_rem_remitente`
-- -----------------------------------------------------
START TRANSACTION;
USE `episerp`;
INSERT INTO `episerp`.`en_p2m_guia_rem_remitente` (`GuiRemRemNum`, `GuiRemRemDen`, `MotTraCod`, `EmpCod`, `TipDesCod`, `GuiRemRemDes`, `EstRegCod`) VALUES ('001-000001', 'Amet Company', '2', '02', '2', 'MOT S.A.', 'A');
INSERT INTO `episerp`.`en_p2m_guia_rem_remitente` (`GuiRemRemNum`, `GuiRemRemDen`, `MotTraCod`, `EmpCod`, `TipDesCod`, `GuiRemRemDes`, `EstRegCod`) VALUES ('001-000002', 'At Velit Cras Corporation', '2', '04', '2', 'MOT S.A.', 'A');
INSERT INTO `episerp`.`en_p2m_guia_rem_remitente` (`GuiRemRemNum`, `GuiRemRemDen`, `MotTraCod`, `EmpCod`, `TipDesCod`, `GuiRemRemDes`, `EstRegCod`) VALUES ('001-000003', 'Semper Tellus Consulting', '2', '05', '2', 'MOT S.A.', 'A');
INSERT INTO `episerp`.`en_p2m_guia_rem_remitente` (`GuiRemRemNum`, `GuiRemRemDen`, `MotTraCod`, `EmpCod`, `TipDesCod`, `GuiRemRemDes`, `EstRegCod`) VALUES ('001-000004', 'Ridiculus Mus Proin Institute', '2', '06', '2', 'MOT S.A.', 'A');
INSERT INTO `episerp`.`en_p2m_guia_rem_remitente` (`GuiRemRemNum`, `GuiRemRemDen`, `MotTraCod`, `EmpCod`, `TipDesCod`, `GuiRemRemDes`, `EstRegCod`) VALUES ('001-000005', 'Accumsan Neque Industries', '2', '09', '2', 'MOT S.A.', 'A');
INSERT INTO `episerp`.`en_p2m_guia_rem_remitente` (`GuiRemRemNum`, `GuiRemRemDen`, `MotTraCod`, `EmpCod`, `TipDesCod`, `GuiRemRemDes`, `EstRegCod`) VALUES ('001-000006', 'MOT S.A.', '1', '11', '1', 'Orci Luctus F.', 'A');
INSERT INTO `episerp`.`en_p2m_guia_rem_remitente` (`GuiRemRemNum`, `GuiRemRemDen`, `MotTraCod`, `EmpCod`, `TipDesCod`, `GuiRemRemDes`, `EstRegCod`) VALUES ('001-000007', 'MOT S.A.', '1', '12', '1', 'Lorem Institute', 'A');
INSERT INTO `episerp`.`en_p2m_guia_rem_remitente` (`GuiRemRemNum`, `GuiRemRemDen`, `MotTraCod`, `EmpCod`, `TipDesCod`, `GuiRemRemDes`, `EstRegCod`) VALUES ('001-000008', 'MOT S.A.', '1', '14', '1', 'Sit Amet LLP', 'A');
INSERT INTO `episerp`.`en_p2m_guia_rem_remitente` (`GuiRemRemNum`, `GuiRemRemDen`, `MotTraCod`, `EmpCod`, `TipDesCod`, `GuiRemRemDes`, `EstRegCod`) VALUES ('001-000009', 'MOT S.A.', '1', '12', '1', 'Lorem Institute', 'A');
INSERT INTO `episerp`.`en_p2m_guia_rem_remitente` (`GuiRemRemNum`, `GuiRemRemDen`, `MotTraCod`, `EmpCod`, `TipDesCod`, `GuiRemRemDes`, `EstRegCod`) VALUES ('001-000010', 'MOT S.A.', '1', '10', '1', 'Eros PC', 'A');

COMMIT;

-- -----------------------------------------------------
-- Data for table `episerp`.`en_p4m_factura_compra_cab`
-- -----------------------------------------------------
START TRANSACTION;
USE `episerp`;
INSERT INTO `episerp`.`en_p4m_factura_compra_cab` (`FacComCabCod`, `GuiRemRemNum`, `GuiRemTraNum`, `PrvCod`, `UsuCod`, `FacComCabFec`, `FacComCabTot`, `TipDesCod`, `FacComCabSubTot`, `FacComCabIGV`, `FacComCabObs`, `EstFacCod`, `MetPagCod`, `TipPagCod`, `MonCod`, `EstRegCod`) VALUES ('001-000001', '001-000001', '101', '123456789121', '1', '2016-10-25', '500.00', '7', '500.00', '0.18', 'N', '1', '1', '1', '1', 'A');
INSERT INTO `episerp`.`en_p4m_factura_compra_cab` (`FacComCabCod`, `GuiRemRemNum`, `GuiRemTraNum`, `PrvCod`, `UsuCod`, `FacComCabFec`, `FacComCabTot`, `TipDesCod`, `FacComCabSubTot`, `FacComCabIGV`, `FacComCabObs`, `EstFacCod`, `MetPagCod`, `TipPagCod`, `MonCod`, `EstRegCod`) VALUES ('001-000002', '001-000002', '105', '987654321121', '4', '2016-10-25', '1000.00', '7', '1000.00', '0.18', 'N', '1', '2', '1', '1', 'A');
INSERT INTO `episerp`.`en_p4m_factura_compra_cab` (`FacComCabCod`, `GuiRemRemNum`, `GuiRemTraNum`, `PrvCod`, `UsuCod`, `FacComCabFec`, `FacComCabTot`, `TipDesCod`, `FacComCabSubTot`, `FacComCabIGV`, `FacComCabObs`, `EstFacCod`, `MetPagCod`, `TipPagCod`, `MonCod`, `EstRegCod`) VALUES ('001-000003', '001-000005', '102', '369258147121', '3', '2016-10-25', '3000.00', '7', '3000.00', '0.18', 'N', '1', '1', '1', '1', 'A');
INSERT INTO `episerp`.`en_p4m_factura_compra_cab` (`FacComCabCod`, `GuiRemRemNum`, `GuiRemTraNum`, `PrvCod`, `UsuCod`, `FacComCabFec`, `FacComCabTot`, `TipDesCod`, `FacComCabSubTot`, `FacComCabIGV`, `FacComCabObs`, `EstFacCod`, `MetPagCod`, `TipPagCod`, `MonCod`, `EstRegCod`) VALUES ('001-000004', '001-000004', '106', '789456123121', '2', '2016-10-25', '2500.00', '7', '2500.00', '0.18', 'N', '1', '2', '1', '1', 'A');
INSERT INTO `episerp`.`en_p4m_factura_compra_cab` (`FacComCabCod`, `GuiRemRemNum`, `GuiRemTraNum`, `PrvCod`, `UsuCod`, `FacComCabFec`, `FacComCabTot`, `TipDesCod`, `FacComCabSubTot`, `FacComCabIGV`, `FacComCabObs`, `EstFacCod`, `MetPagCod`, `TipPagCod`, `MonCod`, `EstRegCod`) VALUES ('001-000005', '001-000001', '103', '456123789121', '3', '2016-10-25', '4000.00', '7', '4000.00', '0.18', 'N', '1', '2', '1', '1', 'A');
INSERT INTO `episerp`.`en_p4m_factura_compra_cab` (`FacComCabCod`, `GuiRemRemNum`, `GuiRemTraNum`, `PrvCod`, `UsuCod`, `FacComCabFec`, `FacComCabTot`, `TipDesCod`, `FacComCabSubTot`, `FacComCabIGV`, `FacComCabObs`, `EstFacCod`, `MetPagCod`, `TipPagCod`, `MonCod`, `EstRegCod`) VALUES ('001-000006', '001-000003', '109', '456741852121', '6', '2016-10-25', '3000.00', '7', '3000.00', '0.18', 'N', '1', '2', '1', '1', 'A');
INSERT INTO `episerp`.`en_p4m_factura_compra_cab` (`FacComCabCod`, `GuiRemRemNum`, `GuiRemTraNum`, `PrvCod`, `UsuCod`, `FacComCabFec`, `FacComCabTot`, `TipDesCod`, `FacComCabSubTot`, `FacComCabIGV`, `FacComCabObs`, `EstFacCod`, `MetPagCod`, `TipPagCod`, `MonCod`, `EstRegCod`) VALUES ('001-000007', '001-000002', '121', '369258147121', '9', '2016-10-25', '2000.00', '7', '2000.00', '0.18', 'N', '1', '2', '1', '1', 'A');
INSERT INTO `episerp`.`en_p4m_factura_compra_cab` (`FacComCabCod`, `GuiRemRemNum`, `GuiRemTraNum`, `PrvCod`, `UsuCod`, `FacComCabFec`, `FacComCabTot`, `TipDesCod`, `FacComCabSubTot`, `FacComCabIGV`, `FacComCabObs`, `EstFacCod`, `MetPagCod`, `TipPagCod`, `MonCod`, `EstRegCod`) VALUES ('001-000008', '001-000003', '104', '123456789121', '4', '2016-10-25', '1550.00', '7', '1550.00', '0.18', 'N', '1', '1', '1', '1', 'A');
INSERT INTO `episerp`.`en_p4m_factura_compra_cab` (`FacComCabCod`, `GuiRemRemNum`, `GuiRemTraNum`, `PrvCod`, `UsuCod`, `FacComCabFec`, `FacComCabTot`, `TipDesCod`, `FacComCabSubTot`, `FacComCabIGV`, `FacComCabObs`, `EstFacCod`, `MetPagCod`, `TipPagCod`, `MonCod`, `EstRegCod`) VALUES ('001-000009', '001-000002', '103', '147258369121', '8', '2016-10-25', '4500.00', '7', '4500.00', '0.18', 'N', '1', '1', '1', '1', 'A');
INSERT INTO `episerp`.`en_p4m_factura_compra_cab` (`FacComCabCod`, `GuiRemRemNum`, `GuiRemTraNum`, `PrvCod`, `UsuCod`, `FacComCabFec`, `FacComCabTot`, `TipDesCod`, `FacComCabSubTot`, `FacComCabIGV`, `FacComCabObs`, `EstFacCod`, `MetPagCod`, `TipPagCod`, `MonCod`, `EstRegCod`) VALUES ('001-000010', '001-000004', '111', '321654987121', '1', '2016-10-25', '2000.00', '7', '2000.00', '0.18', 'N', '1', '1', '1', '1', 'A');
COMMIT;

START TRANSACTION;
USE `episerp`;
INSERT INTO `episerp`.`en_p1m_catalogo_ruta` (`CatRutCod`, `CatRutDet`, `EstRegCod`) VALUES ('1', 'Ruta Hunter - Cercado', 'A');
INSERT INTO `episerp`.`en_p1m_catalogo_ruta` (`CatRutCod`, `CatRutDet`, `EstRegCod`) VALUES ('2', 'Ruta Cercado - Socabaya', 'A');
INSERT INTO `episerp`.`en_p1m_catalogo_ruta` (`CatRutCod`, `CatRutDet`, `EstRegCod`) VALUES ('3', 'Ruta Socabaya - Hunter', 'A');
INSERT INTO `episerp`.`en_p1m_catalogo_ruta` (`CatRutCod`, `CatRutDet`, `EstRegCod`) VALUES ('4', 'Ruta Zamácola - Cercado', 'A');
INSERT INTO `episerp`.`en_p1m_catalogo_ruta` (`CatRutCod`, `CatRutDet`, `EstRegCod`) VALUES ('5', 'Ruta Cercado - Zamácola', 'A');
COMMIT;

START TRANSACTION;
USE `episerp`;
INSERT INTO `episerp`.`en_p1m_clientes_rutas` (`CatRutCod`, `CliCod`, `CliRutDes`, `EstRegCod`) VALUES ('1', '1', 'Ruta Principal', 'A');
INSERT INTO `episerp`.`en_p1m_clientes_rutas` (`CatRutCod`, `CliCod`, `CliRutDes`, `EstRegCod`) VALUES ('2', '1', 'Ruta Secundaria', 'A');
INSERT INTO `episerp`.`en_p1m_clientes_rutas` (`CatRutCod`, `CliCod`, `CliRutDes`, `EstRegCod`) VALUES ('2', '2', 'Ruta Principal', 'A');
INSERT INTO `episerp`.`en_p1m_clientes_rutas` (`CatRutCod`, `CliCod`, `CliRutDes`, `EstRegCod`) VALUES ('3', '3', 'Ruta Principal', 'A');
INSERT INTO `episerp`.`en_p1m_clientes_rutas` (`CatRutCod`, `CliCod`, `CliRutDes`, `EstRegCod`) VALUES ('2', '3', 'Ruta Secundaria', 'A');
COMMIT;